{
  "metadata": {
    "toolPackage": "@microsoft/api-extractor",
    "toolVersion": "7.19.4",
    "schemaVersion": 1004,
    "oldestForwardsCompatibleVersion": 1001,
    "tsdocConfig": {
      "$schema": "https://developer.microsoft.com/json-schemas/tsdoc/v0/tsdoc.schema.json",
      "noStandardTags": true,
      "tagDefinitions": [
        {
          "tagName": "@alpha",
          "syntaxKind": "modifier"
        },
        {
          "tagName": "@beta",
          "syntaxKind": "modifier"
        },
        {
          "tagName": "@defaultValue",
          "syntaxKind": "block"
        },
        {
          "tagName": "@decorator",
          "syntaxKind": "block",
          "allowMultiple": true
        },
        {
          "tagName": "@deprecated",
          "syntaxKind": "block"
        },
        {
          "tagName": "@eventProperty",
          "syntaxKind": "modifier"
        },
        {
          "tagName": "@example",
          "syntaxKind": "block",
          "allowMultiple": true
        },
        {
          "tagName": "@experimental",
          "syntaxKind": "modifier"
        },
        {
          "tagName": "@inheritDoc",
          "syntaxKind": "inline"
        },
        {
          "tagName": "@internal",
          "syntaxKind": "modifier"
        },
        {
          "tagName": "@label",
          "syntaxKind": "inline"
        },
        {
          "tagName": "@link",
          "syntaxKind": "inline",
          "allowMultiple": true
        },
        {
          "tagName": "@override",
          "syntaxKind": "modifier"
        },
        {
          "tagName": "@packageDocumentation",
          "syntaxKind": "modifier"
        },
        {
          "tagName": "@param",
          "syntaxKind": "block",
          "allowMultiple": true
        },
        {
          "tagName": "@privateRemarks",
          "syntaxKind": "block"
        },
        {
          "tagName": "@public",
          "syntaxKind": "modifier"
        },
        {
          "tagName": "@readonly",
          "syntaxKind": "modifier"
        },
        {
          "tagName": "@remarks",
          "syntaxKind": "block"
        },
        {
          "tagName": "@returns",
          "syntaxKind": "block"
        },
        {
          "tagName": "@sealed",
          "syntaxKind": "modifier"
        },
        {
          "tagName": "@see",
          "syntaxKind": "block"
        },
        {
          "tagName": "@throws",
          "syntaxKind": "block",
          "allowMultiple": true
        },
        {
          "tagName": "@typeParam",
          "syntaxKind": "block",
          "allowMultiple": true
        },
        {
          "tagName": "@virtual",
          "syntaxKind": "modifier"
        },
        {
          "tagName": "@betaDocumentation",
          "syntaxKind": "modifier"
        },
        {
          "tagName": "@internalRemarks",
          "syntaxKind": "block"
        },
        {
          "tagName": "@preapproved",
          "syntaxKind": "modifier"
        }
      ],
      "supportForTags": {
        "@alpha": true,
        "@beta": true,
        "@defaultValue": true,
        "@decorator": true,
        "@deprecated": true,
        "@eventProperty": true,
        "@example": true,
        "@experimental": true,
        "@inheritDoc": true,
        "@internal": true,
        "@label": true,
        "@link": true,
        "@override": true,
        "@packageDocumentation": true,
        "@param": true,
        "@privateRemarks": true,
        "@public": true,
        "@readonly": true,
        "@remarks": true,
        "@returns": true,
        "@sealed": true,
        "@see": true,
        "@throws": true,
        "@typeParam": true,
        "@virtual": true,
        "@betaDocumentation": true,
        "@internalRemarks": true,
        "@preapproved": true
      }
    }
  },
  "kind": "Package",
  "canonicalReference": "@spartacus/assets!",
  "docComment": "",
  "name": "@spartacus/assets",
  "members": [
    {
      "kind": "EntryPoint",
      "canonicalReference": "@spartacus/assets!",
      "name": "",
      "members": [
        {
          "kind": "Interface",
          "canonicalReference": "@spartacus/assets!TranslationChunksConfig:interface",
          "docComment": "",
          "excerptTokens": [
            {
              "kind": "Content",
              "text": "export interface TranslationChunksConfig "
            }
          ],
          "releaseTag": "Public",
          "name": "TranslationChunksConfig",
          "members": [
            {
              "kind": "IndexSignature",
              "canonicalReference": "@spartacus/assets!TranslationChunksConfig:index(1)",
              "docComment": "",
              "excerptTokens": [
                {
                  "kind": "Content",
                  "text": "[chunk: "
                },
                {
                  "kind": "Content",
                  "text": "string"
                },
                {
                  "kind": "Content",
                  "text": "]: "
                },
                {
                  "kind": "Content",
                  "text": "string[]"
                },
                {
                  "kind": "Content",
                  "text": ";"
                }
              ],
              "returnTypeTokenRange": {
                "startIndex": 3,
                "endIndex": 4
              },
              "releaseTag": "Public",
              "overloadIndex": 1,
              "parameters": [
                {
                  "parameterName": "chunk",
                  "parameterTypeTokenRange": {
                    "startIndex": 1,
                    "endIndex": 2
                  }
                }
              ]
            }
          ],
          "extendsTokenRanges": []
        },
        {
          "kind": "Variable",
          "canonicalReference": "@spartacus/assets!translationChunksConfig:var",
          "docComment": "",
          "excerptTokens": [
            {
              "kind": "Content",
              "text": "translationChunksConfig: "
            },
            {
              "kind": "Reference",
              "text": "TranslationChunksConfig",
              "canonicalReference": "@spartacus/assets!TranslationChunksConfig:interface"
            }
          ],
          "releaseTag": "Public",
          "name": "translationChunksConfig",
          "variableTypeTokenRange": {
            "startIndex": 1,
            "endIndex": 2
          }
        },
        {
          "kind": "Variable",
          "canonicalReference": "@spartacus/assets!translations:var",
          "docComment": "",
          "excerptTokens": [
            {
              "kind": "Content",
              "text": "translations: "
            },
            {
              "kind": "Reference",
              "text": "TranslationResources",
              "canonicalReference": "@spartacus/assets!~TranslationResources:interface"
            }
          ],
          "releaseTag": "Public",
          "name": "translations",
          "variableTypeTokenRange": {
            "startIndex": 1,
            "endIndex": 2
          }
        }
      ]
    }
  ]
}
