{
  "metadata": {
    "toolPackage": "@microsoft/api-extractor",
    "toolVersion": "7.19.4",
    "schemaVersion": 1004,
    "oldestForwardsCompatibleVersion": 1001,
    "tsdocConfig": {
      "$schema": "https://developer.microsoft.com/json-schemas/tsdoc/v0/tsdoc.schema.json",
      "noStandardTags": true,
      "tagDefinitions": [
        {
          "tagName": "@alpha",
          "syntaxKind": "modifier"
        },
        {
          "tagName": "@beta",
          "syntaxKind": "modifier"
        },
        {
          "tagName": "@defaultValue",
          "syntaxKind": "block"
        },
        {
          "tagName": "@decorator",
          "syntaxKind": "block",
          "allowMultiple": true
        },
        {
          "tagName": "@deprecated",
          "syntaxKind": "block"
        },
        {
          "tagName": "@eventProperty",
          "syntaxKind": "modifier"
        },
        {
          "tagName": "@example",
          "syntaxKind": "block",
          "allowMultiple": true
        },
        {
          "tagName": "@experimental",
          "syntaxKind": "modifier"
        },
        {
          "tagName": "@inheritDoc",
          "syntaxKind": "inline"
        },
        {
          "tagName": "@internal",
          "syntaxKind": "modifier"
        },
        {
          "tagName": "@label",
          "syntaxKind": "inline"
        },
        {
          "tagName": "@link",
          "syntaxKind": "inline",
          "allowMultiple": true
        },
        {
          "tagName": "@override",
          "syntaxKind": "modifier"
        },
        {
          "tagName": "@packageDocumentation",
          "syntaxKind": "modifier"
        },
        {
          "tagName": "@param",
          "syntaxKind": "block",
          "allowMultiple": true
        },
        {
          "tagName": "@privateRemarks",
          "syntaxKind": "block"
        },
        {
          "tagName": "@public",
          "syntaxKind": "modifier"
        },
        {
          "tagName": "@readonly",
          "syntaxKind": "modifier"
        },
        {
          "tagName": "@remarks",
          "syntaxKind": "block"
        },
        {
          "tagName": "@returns",
          "syntaxKind": "block"
        },
        {
          "tagName": "@sealed",
          "syntaxKind": "modifier"
        },
        {
          "tagName": "@see",
          "syntaxKind": "block"
        },
        {
          "tagName": "@throws",
          "syntaxKind": "block",
          "allowMultiple": true
        },
        {
          "tagName": "@typeParam",
          "syntaxKind": "block",
          "allowMultiple": true
        },
        {
          "tagName": "@virtual",
          "syntaxKind": "modifier"
        },
        {
          "tagName": "@betaDocumentation",
          "syntaxKind": "modifier"
        },
        {
          "tagName": "@internalRemarks",
          "syntaxKind": "block"
        },
        {
          "tagName": "@preapproved",
          "syntaxKind": "modifier"
        }
      ],
      "supportForTags": {
        "@alpha": true,
        "@beta": true,
        "@defaultValue": true,
        "@decorator": true,
        "@deprecated": true,
        "@eventProperty": true,
        "@example": true,
        "@experimental": true,
        "@inheritDoc": true,
        "@internal": true,
        "@label": true,
        "@link": true,
        "@override": true,
        "@packageDocumentation": true,
        "@param": true,
        "@privateRemarks": true,
        "@public": true,
        "@readonly": true,
        "@remarks": true,
        "@returns": true,
        "@sealed": true,
        "@see": true,
        "@throws": true,
        "@typeParam": true,
        "@virtual": true,
        "@betaDocumentation": true,
        "@internalRemarks": true,
        "@preapproved": true
      }
    }
  },
  "kind": "Package",
  "canonicalReference": "@spartacus/cart_wish-list_components!",
  "docComment": "",
  "name": "@spartacus/cart_wish-list_components",
  "members": [
    {
      "kind": "EntryPoint",
      "canonicalReference": "@spartacus/cart_wish-list_components!",
      "name": "",
      "members": [
        {
          "kind": "Class",
          "canonicalReference": "@spartacus/cart_wish-list_components!WishListComponent:class",
          "docComment": "",
          "excerptTokens": [
            {
              "kind": "Content",
              "text": "export declare class WishListComponent "
            }
          ],
          "releaseTag": "Public",
          "name": "WishListComponent",
          "members": [
            {
              "kind": "Constructor",
              "canonicalReference": "@spartacus/cart_wish-list_components!WishListComponent:constructor(1)",
              "docComment": "/**\n * Constructs a new instance of the `WishListComponent` class\n */\n",
              "excerptTokens": [
                {
                  "kind": "Content",
                  "text": "constructor(wishListFacade: "
                },
                {
                  "kind": "Reference",
                  "text": "WishListFacade",
                  "canonicalReference": "@spartacus/cart_wish-list_components!WishListFacade:class"
                },
                {
                  "kind": "Content",
                  "text": ");"
                }
              ],
              "releaseTag": "Public",
              "overloadIndex": 1,
              "parameters": [
                {
                  "parameterName": "wishListFacade",
                  "parameterTypeTokenRange": {
                    "startIndex": 1,
                    "endIndex": 2
                  }
                }
              ]
            },
            {
              "kind": "Property",
              "canonicalReference": "@spartacus/cart_wish-list_components!WishListComponent#loading$:member",
              "docComment": "",
              "excerptTokens": [
                {
                  "kind": "Content",
                  "text": "loading$: "
                },
                {
                  "kind": "Reference",
                  "text": "Observable",
                  "canonicalReference": "rxjs!Observable:class"
                },
                {
                  "kind": "Content",
                  "text": "<boolean>"
                },
                {
                  "kind": "Content",
                  "text": ";"
                }
              ],
              "isOptional": false,
              "releaseTag": "Public",
              "name": "loading$",
              "propertyTypeTokenRange": {
                "startIndex": 1,
                "endIndex": 3
              },
              "isStatic": false
            },
            {
              "kind": "Property",
              "canonicalReference": "@spartacus/cart_wish-list_components!WishListComponent.ɵcmp:member",
              "docComment": "",
              "excerptTokens": [
                {
                  "kind": "Content",
                  "text": "static ɵcmp: "
                },
                {
                  "kind": "Content",
                  "text": "i0."
                },
                {
                  "kind": "Reference",
                  "text": "ɵɵComponentDeclaration",
                  "canonicalReference": "@angular/core!ɵɵComponentDeclaration:type"
                },
                {
                  "kind": "Content",
                  "text": "<"
                },
                {
                  "kind": "Reference",
                  "text": "WishListComponent",
                  "canonicalReference": "@spartacus/cart_wish-list_components!WishListComponent:class"
                },
                {
                  "kind": "Content",
                  "text": ", \"cx-wish-list\", never, {}, {}, never, never>"
                },
                {
                  "kind": "Content",
                  "text": ";"
                }
              ],
              "isOptional": false,
              "releaseTag": "Public",
              "name": "ɵcmp",
              "propertyTypeTokenRange": {
                "startIndex": 1,
                "endIndex": 6
              },
              "isStatic": true
            },
            {
              "kind": "Property",
              "canonicalReference": "@spartacus/cart_wish-list_components!WishListComponent.ɵfac:member",
              "docComment": "",
              "excerptTokens": [
                {
                  "kind": "Content",
                  "text": "static ɵfac: "
                },
                {
                  "kind": "Content",
                  "text": "i0."
                },
                {
                  "kind": "Reference",
                  "text": "ɵɵFactoryDeclaration",
                  "canonicalReference": "@angular/core!ɵɵFactoryDeclaration:type"
                },
                {
                  "kind": "Content",
                  "text": "<"
                },
                {
                  "kind": "Reference",
                  "text": "WishListComponent",
                  "canonicalReference": "@spartacus/cart_wish-list_components!WishListComponent:class"
                },
                {
                  "kind": "Content",
                  "text": ", never>"
                },
                {
                  "kind": "Content",
                  "text": ";"
                }
              ],
              "isOptional": false,
              "releaseTag": "Public",
              "name": "ɵfac",
              "propertyTypeTokenRange": {
                "startIndex": 1,
                "endIndex": 6
              },
              "isStatic": true
            },
            {
              "kind": "Method",
              "canonicalReference": "@spartacus/cart_wish-list_components!WishListComponent#removeEntry:member(1)",
              "docComment": "",
              "excerptTokens": [
                {
                  "kind": "Content",
                  "text": "removeEntry(item: "
                },
                {
                  "kind": "Reference",
                  "text": "OrderEntry",
                  "canonicalReference": "@spartacus/cart_wish-list_components!OrderEntry:interface"
                },
                {
                  "kind": "Content",
                  "text": "): "
                },
                {
                  "kind": "Content",
                  "text": "void"
                },
                {
                  "kind": "Content",
                  "text": ";"
                }
              ],
              "isOptional": false,
              "isStatic": false,
              "returnTypeTokenRange": {
                "startIndex": 3,
                "endIndex": 4
              },
              "releaseTag": "Public",
              "overloadIndex": 1,
              "parameters": [
                {
                  "parameterName": "item",
                  "parameterTypeTokenRange": {
                    "startIndex": 1,
                    "endIndex": 2
                  }
                }
              ],
              "name": "removeEntry"
            },
            {
              "kind": "Property",
              "canonicalReference": "@spartacus/cart_wish-list_components!WishListComponent#wishList$:member",
              "docComment": "",
              "excerptTokens": [
                {
                  "kind": "Content",
                  "text": "wishList$: "
                },
                {
                  "kind": "Reference",
                  "text": "Observable",
                  "canonicalReference": "rxjs!Observable:class"
                },
                {
                  "kind": "Content",
                  "text": "<"
                },
                {
                  "kind": "Reference",
                  "text": "Cart",
                  "canonicalReference": "@spartacus/cart_wish-list_components!Cart:interface"
                },
                {
                  "kind": "Content",
                  "text": ">"
                },
                {
                  "kind": "Content",
                  "text": ";"
                }
              ],
              "isOptional": false,
              "releaseTag": "Public",
              "name": "wishList$",
              "propertyTypeTokenRange": {
                "startIndex": 1,
                "endIndex": 5
              },
              "isStatic": false
            },
            {
              "kind": "Property",
              "canonicalReference": "@spartacus/cart_wish-list_components!WishListComponent#wishListFacade:member",
              "docComment": "",
              "excerptTokens": [
                {
                  "kind": "Content",
                  "text": "protected wishListFacade: "
                },
                {
                  "kind": "Reference",
                  "text": "WishListFacade",
                  "canonicalReference": "@spartacus/cart_wish-list_components!WishListFacade:class"
                },
                {
                  "kind": "Content",
                  "text": ";"
                }
              ],
              "isOptional": false,
              "releaseTag": "Public",
              "name": "wishListFacade",
              "propertyTypeTokenRange": {
                "startIndex": 1,
                "endIndex": 2
              },
              "isStatic": false
            }
          ],
          "implementsTokenRanges": []
        },
        {
          "kind": "Class",
          "canonicalReference": "@spartacus/cart_wish-list_components!WishListComponentsModule:class",
          "docComment": "",
          "excerptTokens": [
            {
              "kind": "Content",
              "text": "export declare class WishListComponentsModule "
            }
          ],
          "releaseTag": "Public",
          "name": "WishListComponentsModule",
          "members": [
            {
              "kind": "Property",
              "canonicalReference": "@spartacus/cart_wish-list_components!WishListComponentsModule.ɵfac:member",
              "docComment": "",
              "excerptTokens": [
                {
                  "kind": "Content",
                  "text": "static ɵfac: "
                },
                {
                  "kind": "Content",
                  "text": "i0."
                },
                {
                  "kind": "Reference",
                  "text": "ɵɵFactoryDeclaration",
                  "canonicalReference": "@angular/core!ɵɵFactoryDeclaration:type"
                },
                {
                  "kind": "Content",
                  "text": "<"
                },
                {
                  "kind": "Reference",
                  "text": "WishListComponentsModule",
                  "canonicalReference": "@spartacus/cart_wish-list_components!WishListComponentsModule:class"
                },
                {
                  "kind": "Content",
                  "text": ", never>"
                },
                {
                  "kind": "Content",
                  "text": ";"
                }
              ],
              "isOptional": false,
              "releaseTag": "Public",
              "name": "ɵfac",
              "propertyTypeTokenRange": {
                "startIndex": 1,
                "endIndex": 6
              },
              "isStatic": true
            },
            {
              "kind": "Property",
              "canonicalReference": "@spartacus/cart_wish-list_components!WishListComponentsModule.ɵinj:member",
              "docComment": "",
              "excerptTokens": [
                {
                  "kind": "Content",
                  "text": "static ɵinj: "
                },
                {
                  "kind": "Content",
                  "text": "i0."
                },
                {
                  "kind": "Reference",
                  "text": "ɵɵInjectorDeclaration",
                  "canonicalReference": "@angular/core!ɵɵInjectorDeclaration:type"
                },
                {
                  "kind": "Content",
                  "text": "<"
                },
                {
                  "kind": "Reference",
                  "text": "WishListComponentsModule",
                  "canonicalReference": "@spartacus/cart_wish-list_components!WishListComponentsModule:class"
                },
                {
                  "kind": "Content",
                  "text": ">"
                },
                {
                  "kind": "Content",
                  "text": ";"
                }
              ],
              "isOptional": false,
              "releaseTag": "Public",
              "name": "ɵinj",
              "propertyTypeTokenRange": {
                "startIndex": 1,
                "endIndex": 6
              },
              "isStatic": true
            },
            {
              "kind": "Property",
              "canonicalReference": "@spartacus/cart_wish-list_components!WishListComponentsModule.ɵmod:member",
              "docComment": "",
              "excerptTokens": [
                {
                  "kind": "Content",
                  "text": "static ɵmod: "
                },
                {
                  "kind": "Content",
                  "text": "i0."
                },
                {
                  "kind": "Reference",
                  "text": "ɵɵNgModuleDeclaration",
                  "canonicalReference": "@angular/core!ɵɵNgModuleDeclaration:type"
                },
                {
                  "kind": "Content",
                  "text": "<"
                },
                {
                  "kind": "Reference",
                  "text": "WishListComponentsModule",
                  "canonicalReference": "@spartacus/cart_wish-list_components!WishListComponentsModule:class"
                },
                {
                  "kind": "Content",
                  "text": ", [typeof i1."
                },
                {
                  "kind": "Reference",
                  "text": "WishListComponent",
                  "canonicalReference": "@spartacus/cart_wish-list_components!WishListComponent:class"
                },
                {
                  "kind": "Content",
                  "text": ", typeof i2."
                },
                {
                  "kind": "Reference",
                  "text": "WishListItemComponent",
                  "canonicalReference": "@spartacus/cart_wish-list_components!WishListItemComponent:class"
                },
                {
                  "kind": "Content",
                  "text": "], [typeof i3."
                },
                {
                  "kind": "Reference",
                  "text": "AtMessageModule",
                  "canonicalReference": "@spartacus/cart_wish-list_components!AtMessageModule:class"
                },
                {
                  "kind": "Content",
                  "text": ", typeof i4."
                },
                {
                  "kind": "Reference",
                  "text": "CommonModule",
                  "canonicalReference": "@angular/common!CommonModule:class"
                },
                {
                  "kind": "Content",
                  "text": ", typeof i5."
                },
                {
                  "kind": "Reference",
                  "text": "I18nModule",
                  "canonicalReference": "@spartacus/cart_wish-list_components!I18nModule:class"
                },
                {
                  "kind": "Content",
                  "text": ", typeof i3."
                },
                {
                  "kind": "Reference",
                  "text": "ItemCounterModule",
                  "canonicalReference": "@spartacus/cart_wish-list_components!ItemCounterModule:class"
                },
                {
                  "kind": "Content",
                  "text": ", typeof i3."
                },
                {
                  "kind": "Reference",
                  "text": "MediaModule",
                  "canonicalReference": "@spartacus/cart_wish-list_components!MediaModule:class"
                },
                {
                  "kind": "Content",
                  "text": ", typeof i3."
                },
                {
                  "kind": "Reference",
                  "text": "PageComponentModule",
                  "canonicalReference": "@spartacus/cart_wish-list_components!PageComponentModule:class"
                },
                {
                  "kind": "Content",
                  "text": ", typeof i6."
                },
                {
                  "kind": "Reference",
                  "text": "RouterModule",
                  "canonicalReference": "@angular/router!RouterModule:class"
                },
                {
                  "kind": "Content",
                  "text": ", typeof i3."
                },
                {
                  "kind": "Reference",
                  "text": "StarRatingModule",
                  "canonicalReference": "@spartacus/cart_wish-list_components!StarRatingModule:class"
                },
                {
                  "kind": "Content",
                  "text": ", typeof i5."
                },
                {
                  "kind": "Reference",
                  "text": "UrlModule",
                  "canonicalReference": "@spartacus/cart_wish-list_components!UrlModule:class"
                },
                {
                  "kind": "Content",
                  "text": "], [typeof i1."
                },
                {
                  "kind": "Reference",
                  "text": "WishListComponent",
                  "canonicalReference": "@spartacus/cart_wish-list_components!WishListComponent:class"
                },
                {
                  "kind": "Content",
                  "text": ", typeof i2."
                },
                {
                  "kind": "Reference",
                  "text": "WishListItemComponent",
                  "canonicalReference": "@spartacus/cart_wish-list_components!WishListItemComponent:class"
                },
                {
                  "kind": "Content",
                  "text": "]>"
                },
                {
                  "kind": "Content",
                  "text": ";"
                }
              ],
              "isOptional": false,
              "releaseTag": "Public",
              "name": "ɵmod",
              "propertyTypeTokenRange": {
                "startIndex": 1,
                "endIndex": 32
              },
              "isStatic": true
            }
          ],
          "implementsTokenRanges": []
        },
        {
          "kind": "Class",
          "canonicalReference": "@spartacus/cart_wish-list_components!WishListItemComponent:class",
          "docComment": "",
          "excerptTokens": [
            {
              "kind": "Content",
              "text": "export declare class WishListItemComponent implements "
            },
            {
              "kind": "Reference",
              "text": "OnChanges",
              "canonicalReference": "@angular/core!OnChanges:interface"
            },
            {
              "kind": "Content",
              "text": " "
            }
          ],
          "releaseTag": "Public",
          "name": "WishListItemComponent",
          "members": [
            {
              "kind": "Constructor",
              "canonicalReference": "@spartacus/cart_wish-list_components!WishListItemComponent:constructor(1)",
              "docComment": "/**\n * Constructs a new instance of the `WishListItemComponent` class\n */\n",
              "excerptTokens": [
                {
                  "kind": "Content",
                  "text": "constructor(productListItemContextSource: "
                },
                {
                  "kind": "Reference",
                  "text": "ProductListItemContextSource",
                  "canonicalReference": "@spartacus/cart_wish-list_components!ProductListItemContextSource:class"
                },
                {
                  "kind": "Content",
                  "text": ");"
                }
              ],
              "releaseTag": "Public",
              "overloadIndex": 1,
              "parameters": [
                {
                  "parameterName": "productListItemContextSource",
                  "parameterTypeTokenRange": {
                    "startIndex": 1,
                    "endIndex": 2
                  }
                }
              ]
            },
            {
              "kind": "Property",
              "canonicalReference": "@spartacus/cart_wish-list_components!WishListItemComponent#cartEntry:member",
              "docComment": "",
              "excerptTokens": [
                {
                  "kind": "Content",
                  "text": "cartEntry: "
                },
                {
                  "kind": "Reference",
                  "text": "OrderEntry",
                  "canonicalReference": "@spartacus/cart_wish-list_components!OrderEntry:interface"
                },
                {
                  "kind": "Content",
                  "text": ";"
                }
              ],
              "isOptional": false,
              "releaseTag": "Public",
              "name": "cartEntry",
              "propertyTypeTokenRange": {
                "startIndex": 1,
                "endIndex": 2
              },
              "isStatic": false
            },
            {
              "kind": "Property",
              "canonicalReference": "@spartacus/cart_wish-list_components!WishListItemComponent#isLoading:member",
              "docComment": "",
              "excerptTokens": [
                {
                  "kind": "Content",
                  "text": "isLoading: "
                },
                {
                  "kind": "Content",
                  "text": "boolean"
                },
                {
                  "kind": "Content",
                  "text": ";"
                }
              ],
              "isOptional": false,
              "releaseTag": "Public",
              "name": "isLoading",
              "propertyTypeTokenRange": {
                "startIndex": 1,
                "endIndex": 2
              },
              "isStatic": false
            },
            {
              "kind": "Method",
              "canonicalReference": "@spartacus/cart_wish-list_components!WishListItemComponent#ngOnChanges:member(1)",
              "docComment": "",
              "excerptTokens": [
                {
                  "kind": "Content",
                  "text": "ngOnChanges(changes?: "
                },
                {
                  "kind": "Reference",
                  "text": "SimpleChanges",
                  "canonicalReference": "@angular/core!SimpleChanges:interface"
                },
                {
                  "kind": "Content",
                  "text": "): "
                },
                {
                  "kind": "Content",
                  "text": "void"
                },
                {
                  "kind": "Content",
                  "text": ";"
                }
              ],
              "isOptional": false,
              "isStatic": false,
              "returnTypeTokenRange": {
                "startIndex": 3,
                "endIndex": 4
              },
              "releaseTag": "Public",
              "overloadIndex": 1,
              "parameters": [
                {
                  "parameterName": "changes",
                  "parameterTypeTokenRange": {
                    "startIndex": 1,
                    "endIndex": 2
                  }
                }
              ],
              "name": "ngOnChanges"
            },
            {
              "kind": "Property",
              "canonicalReference": "@spartacus/cart_wish-list_components!WishListItemComponent.ɵcmp:member",
              "docComment": "",
              "excerptTokens": [
                {
                  "kind": "Content",
                  "text": "static ɵcmp: "
                },
                {
                  "kind": "Content",
                  "text": "i0."
                },
                {
                  "kind": "Reference",
                  "text": "ɵɵComponentDeclaration",
                  "canonicalReference": "@angular/core!ɵɵComponentDeclaration:type"
                },
                {
                  "kind": "Content",
                  "text": "<"
                },
                {
                  "kind": "Reference",
                  "text": "WishListItemComponent",
                  "canonicalReference": "@spartacus/cart_wish-list_components!WishListItemComponent:class"
                },
                {
                  "kind": "Content",
                  "text": ", \"[cx-wish-list-item], cx-wish-list-item\", never, { \"isLoading\": \"isLoading\"; \"cartEntry\": \"cartEntry\"; }, { \"remove\": \"remove\"; }, never, never>"
                },
                {
                  "kind": "Content",
                  "text": ";"
                }
              ],
              "isOptional": false,
              "releaseTag": "Public",
              "name": "ɵcmp",
              "propertyTypeTokenRange": {
                "startIndex": 1,
                "endIndex": 6
              },
              "isStatic": true
            },
            {
              "kind": "Property",
              "canonicalReference": "@spartacus/cart_wish-list_components!WishListItemComponent.ɵfac:member",
              "docComment": "",
              "excerptTokens": [
                {
                  "kind": "Content",
                  "text": "static ɵfac: "
                },
                {
                  "kind": "Content",
                  "text": "i0."
                },
                {
                  "kind": "Reference",
                  "text": "ɵɵFactoryDeclaration",
                  "canonicalReference": "@angular/core!ɵɵFactoryDeclaration:type"
                },
                {
                  "kind": "Content",
                  "text": "<"
                },
                {
                  "kind": "Reference",
                  "text": "WishListItemComponent",
                  "canonicalReference": "@spartacus/cart_wish-list_components!WishListItemComponent:class"
                },
                {
                  "kind": "Content",
                  "text": ", never>"
                },
                {
                  "kind": "Content",
                  "text": ";"
                }
              ],
              "isOptional": false,
              "releaseTag": "Public",
              "name": "ɵfac",
              "propertyTypeTokenRange": {
                "startIndex": 1,
                "endIndex": 6
              },
              "isStatic": true
            },
            {
              "kind": "Property",
              "canonicalReference": "@spartacus/cart_wish-list_components!WishListItemComponent#productListItemContextSource:member",
              "docComment": "",
              "excerptTokens": [
                {
                  "kind": "Content",
                  "text": "protected productListItemContextSource: "
                },
                {
                  "kind": "Reference",
                  "text": "ProductListItemContextSource",
                  "canonicalReference": "@spartacus/cart_wish-list_components!ProductListItemContextSource:class"
                },
                {
                  "kind": "Content",
                  "text": ";"
                }
              ],
              "isOptional": false,
              "releaseTag": "Public",
              "name": "productListItemContextSource",
              "propertyTypeTokenRange": {
                "startIndex": 1,
                "endIndex": 2
              },
              "isStatic": false
            },
            {
              "kind": "Property",
              "canonicalReference": "@spartacus/cart_wish-list_components!WishListItemComponent#remove:member",
              "docComment": "",
              "excerptTokens": [
                {
                  "kind": "Content",
                  "text": "remove: "
                },
                {
                  "kind": "Reference",
                  "text": "EventEmitter",
                  "canonicalReference": "@angular/core!EventEmitter:interface"
                },
                {
                  "kind": "Content",
                  "text": "<"
                },
                {
                  "kind": "Reference",
                  "text": "OrderEntry",
                  "canonicalReference": "@spartacus/cart_wish-list_components!OrderEntry:interface"
                },
                {
                  "kind": "Content",
                  "text": ">"
                },
                {
                  "kind": "Content",
                  "text": ";"
                }
              ],
              "isOptional": false,
              "releaseTag": "Public",
              "name": "remove",
              "propertyTypeTokenRange": {
                "startIndex": 1,
                "endIndex": 5
              },
              "isStatic": false
            },
            {
              "kind": "Method",
              "canonicalReference": "@spartacus/cart_wish-list_components!WishListItemComponent#removeEntry:member(1)",
              "docComment": "",
              "excerptTokens": [
                {
                  "kind": "Content",
                  "text": "removeEntry(item: "
                },
                {
                  "kind": "Reference",
                  "text": "OrderEntry",
                  "canonicalReference": "@spartacus/cart_wish-list_components!OrderEntry:interface"
                },
                {
                  "kind": "Content",
                  "text": "): "
                },
                {
                  "kind": "Content",
                  "text": "void"
                },
                {
                  "kind": "Content",
                  "text": ";"
                }
              ],
              "isOptional": false,
              "isStatic": false,
              "returnTypeTokenRange": {
                "startIndex": 3,
                "endIndex": 4
              },
              "releaseTag": "Public",
              "overloadIndex": 1,
              "parameters": [
                {
                  "parameterName": "item",
                  "parameterTypeTokenRange": {
                    "startIndex": 1,
                    "endIndex": 2
                  }
                }
              ],
              "name": "removeEntry"
            }
          ],
          "implementsTokenRanges": [
            {
              "startIndex": 1,
              "endIndex": 3
            }
          ]
        }
      ]
    }
  ]
}
