{
  "metadata": {
    "toolPackage": "@microsoft/api-extractor",
    "toolVersion": "7.19.4",
    "schemaVersion": 1004,
    "oldestForwardsCompatibleVersion": 1001,
    "tsdocConfig": {
      "$schema": "https://developer.microsoft.com/json-schemas/tsdoc/v0/tsdoc.schema.json",
      "noStandardTags": true,
      "tagDefinitions": [
        {
          "tagName": "@alpha",
          "syntaxKind": "modifier"
        },
        {
          "tagName": "@beta",
          "syntaxKind": "modifier"
        },
        {
          "tagName": "@defaultValue",
          "syntaxKind": "block"
        },
        {
          "tagName": "@decorator",
          "syntaxKind": "block",
          "allowMultiple": true
        },
        {
          "tagName": "@deprecated",
          "syntaxKind": "block"
        },
        {
          "tagName": "@eventProperty",
          "syntaxKind": "modifier"
        },
        {
          "tagName": "@example",
          "syntaxKind": "block",
          "allowMultiple": true
        },
        {
          "tagName": "@experimental",
          "syntaxKind": "modifier"
        },
        {
          "tagName": "@inheritDoc",
          "syntaxKind": "inline"
        },
        {
          "tagName": "@internal",
          "syntaxKind": "modifier"
        },
        {
          "tagName": "@label",
          "syntaxKind": "inline"
        },
        {
          "tagName": "@link",
          "syntaxKind": "inline",
          "allowMultiple": true
        },
        {
          "tagName": "@override",
          "syntaxKind": "modifier"
        },
        {
          "tagName": "@packageDocumentation",
          "syntaxKind": "modifier"
        },
        {
          "tagName": "@param",
          "syntaxKind": "block",
          "allowMultiple": true
        },
        {
          "tagName": "@privateRemarks",
          "syntaxKind": "block"
        },
        {
          "tagName": "@public",
          "syntaxKind": "modifier"
        },
        {
          "tagName": "@readonly",
          "syntaxKind": "modifier"
        },
        {
          "tagName": "@remarks",
          "syntaxKind": "block"
        },
        {
          "tagName": "@returns",
          "syntaxKind": "block"
        },
        {
          "tagName": "@sealed",
          "syntaxKind": "modifier"
        },
        {
          "tagName": "@see",
          "syntaxKind": "block"
        },
        {
          "tagName": "@throws",
          "syntaxKind": "block",
          "allowMultiple": true
        },
        {
          "tagName": "@typeParam",
          "syntaxKind": "block",
          "allowMultiple": true
        },
        {
          "tagName": "@virtual",
          "syntaxKind": "modifier"
        },
        {
          "tagName": "@betaDocumentation",
          "syntaxKind": "modifier"
        },
        {
          "tagName": "@internalRemarks",
          "syntaxKind": "block"
        },
        {
          "tagName": "@preapproved",
          "syntaxKind": "modifier"
        }
      ],
      "supportForTags": {
        "@alpha": true,
        "@beta": true,
        "@defaultValue": true,
        "@decorator": true,
        "@deprecated": true,
        "@eventProperty": true,
        "@example": true,
        "@experimental": true,
        "@inheritDoc": true,
        "@internal": true,
        "@label": true,
        "@link": true,
        "@override": true,
        "@packageDocumentation": true,
        "@param": true,
        "@privateRemarks": true,
        "@public": true,
        "@readonly": true,
        "@remarks": true,
        "@returns": true,
        "@sealed": true,
        "@see": true,
        "@throws": true,
        "@typeParam": true,
        "@virtual": true,
        "@betaDocumentation": true,
        "@internalRemarks": true,
        "@preapproved": true
      }
    }
  },
  "kind": "Package",
  "canonicalReference": "@spartacus/cart_wish-list_core!",
  "docComment": "",
  "name": "@spartacus/cart_wish-list_core",
  "members": [
    {
      "kind": "EntryPoint",
      "canonicalReference": "@spartacus/cart_wish-list_core!",
      "name": "",
      "members": [
        {
          "kind": "Function",
          "canonicalReference": "@spartacus/cart_wish-list_core!getWishlistName:function(1)",
          "docComment": "/**\n * Compute wishlist cart name for customer.\n */\n",
          "excerptTokens": [
            {
              "kind": "Content",
              "text": "export declare function getWishlistName(customerId: "
            },
            {
              "kind": "Content",
              "text": "string"
            },
            {
              "kind": "Content",
              "text": "): "
            },
            {
              "kind": "Content",
              "text": "string"
            },
            {
              "kind": "Content",
              "text": ";"
            }
          ],
          "returnTypeTokenRange": {
            "startIndex": 3,
            "endIndex": 4
          },
          "releaseTag": "Public",
          "overloadIndex": 1,
          "parameters": [
            {
              "parameterName": "customerId",
              "parameterTypeTokenRange": {
                "startIndex": 1,
                "endIndex": 2
              }
            }
          ],
          "name": "getWishlistName"
        },
        {
          "kind": "Namespace",
          "canonicalReference": "@spartacus/cart_wish-list_core!WishListActions:namespace",
          "docComment": "",
          "excerptTokens": [],
          "releaseTag": "None",
          "name": "WishListActions",
          "members": [
            {
              "kind": "Variable",
              "canonicalReference": "@spartacus/cart_wish-list_core!WishListActions.CREATE_WISH_LIST_FAIL:var",
              "docComment": "",
              "excerptTokens": [
                {
                  "kind": "Content",
                  "text": "CREATE_WISH_LIST_FAIL = \"[Wish List] Create Wish List Fail\""
                }
              ],
              "releaseTag": "Public",
              "name": "CREATE_WISH_LIST_FAIL",
              "variableTypeTokenRange": {
                "startIndex": 0,
                "endIndex": 0
              }
            },
            {
              "kind": "Variable",
              "canonicalReference": "@spartacus/cart_wish-list_core!WishListActions.CREATE_WISH_LIST_SUCCESS:var",
              "docComment": "",
              "excerptTokens": [
                {
                  "kind": "Content",
                  "text": "CREATE_WISH_LIST_SUCCESS = \"[Wish List] Create Wish List Success\""
                }
              ],
              "releaseTag": "Public",
              "name": "CREATE_WISH_LIST_SUCCESS",
              "variableTypeTokenRange": {
                "startIndex": 0,
                "endIndex": 0
              }
            },
            {
              "kind": "Variable",
              "canonicalReference": "@spartacus/cart_wish-list_core!WishListActions.CREATE_WISH_LIST:var",
              "docComment": "",
              "excerptTokens": [
                {
                  "kind": "Content",
                  "text": "CREATE_WISH_LIST = \"[Wish List] Create Wish List\""
                }
              ],
              "releaseTag": "Public",
              "name": "CREATE_WISH_LIST",
              "variableTypeTokenRange": {
                "startIndex": 0,
                "endIndex": 0
              }
            },
            {
              "kind": "Class",
              "canonicalReference": "@spartacus/cart_wish-list_core!WishListActions.CreateWishList:class",
              "docComment": "",
              "excerptTokens": [
                {
                  "kind": "Content",
                  "text": "export declare class CreateWishList implements "
                },
                {
                  "kind": "Reference",
                  "text": "Action",
                  "canonicalReference": "@ngrx/store!Action:interface"
                },
                {
                  "kind": "Content",
                  "text": " "
                }
              ],
              "releaseTag": "Public",
              "name": "CreateWishList",
              "members": [
                {
                  "kind": "Constructor",
                  "canonicalReference": "@spartacus/cart_wish-list_core!WishListActions.CreateWishList:constructor(1)",
                  "docComment": "/**\n * Constructs a new instance of the `CreateWishList` class\n */\n",
                  "excerptTokens": [
                    {
                      "kind": "Content",
                      "text": "constructor(payload: "
                    },
                    {
                      "kind": "Content",
                      "text": "{\n        userId: string;\n        name?: string;\n        description?: string;\n    }"
                    },
                    {
                      "kind": "Content",
                      "text": ");"
                    }
                  ],
                  "releaseTag": "Public",
                  "overloadIndex": 1,
                  "parameters": [
                    {
                      "parameterName": "payload",
                      "parameterTypeTokenRange": {
                        "startIndex": 1,
                        "endIndex": 2
                      }
                    }
                  ]
                },
                {
                  "kind": "Property",
                  "canonicalReference": "@spartacus/cart_wish-list_core!WishListActions.CreateWishList#payload:member",
                  "docComment": "",
                  "excerptTokens": [
                    {
                      "kind": "Content",
                      "text": "payload: "
                    },
                    {
                      "kind": "Content",
                      "text": "{\n        userId: string;\n        name?: string;\n        description?: string;\n    }"
                    },
                    {
                      "kind": "Content",
                      "text": ";"
                    }
                  ],
                  "isOptional": false,
                  "releaseTag": "Public",
                  "name": "payload",
                  "propertyTypeTokenRange": {
                    "startIndex": 1,
                    "endIndex": 2
                  },
                  "isStatic": false
                },
                {
                  "kind": "Property",
                  "canonicalReference": "@spartacus/cart_wish-list_core!WishListActions.CreateWishList#type:member",
                  "docComment": "",
                  "excerptTokens": [
                    {
                      "kind": "Content",
                      "text": "readonly type = \"[Wish List] Create Wish List\";"
                    }
                  ],
                  "isOptional": false,
                  "releaseTag": "Public",
                  "name": "type",
                  "propertyTypeTokenRange": {
                    "startIndex": 0,
                    "endIndex": 0
                  },
                  "isStatic": false
                }
              ],
              "implementsTokenRanges": [
                {
                  "startIndex": 1,
                  "endIndex": 3
                }
              ]
            },
            {
              "kind": "Class",
              "canonicalReference": "@spartacus/cart_wish-list_core!WishListActions.CreateWishListFail:class",
              "docComment": "",
              "excerptTokens": [
                {
                  "kind": "Content",
                  "text": "export declare class CreateWishListFail extends "
                },
                {
                  "kind": "Content",
                  "text": "StateUtils."
                },
                {
                  "kind": "Reference",
                  "text": "EntityFailAction",
                  "canonicalReference": "@spartacus/cart_wish-list_core!EntityFailAction:class"
                },
                {
                  "kind": "Content",
                  "text": " "
                }
              ],
              "releaseTag": "Public",
              "name": "CreateWishListFail",
              "members": [
                {
                  "kind": "Constructor",
                  "canonicalReference": "@spartacus/cart_wish-list_core!WishListActions.CreateWishListFail:constructor(1)",
                  "docComment": "/**\n * Constructs a new instance of the `CreateWishListFail` class\n */\n",
                  "excerptTokens": [
                    {
                      "kind": "Content",
                      "text": "constructor(payload: "
                    },
                    {
                      "kind": "Content",
                      "text": "{\n        cartId: string;\n        error?: any;\n    }"
                    },
                    {
                      "kind": "Content",
                      "text": ");"
                    }
                  ],
                  "releaseTag": "Public",
                  "overloadIndex": 1,
                  "parameters": [
                    {
                      "parameterName": "payload",
                      "parameterTypeTokenRange": {
                        "startIndex": 1,
                        "endIndex": 2
                      }
                    }
                  ]
                },
                {
                  "kind": "Property",
                  "canonicalReference": "@spartacus/cart_wish-list_core!WishListActions.CreateWishListFail#payload:member",
                  "docComment": "",
                  "excerptTokens": [
                    {
                      "kind": "Content",
                      "text": "payload: "
                    },
                    {
                      "kind": "Content",
                      "text": "{\n        cartId: string;\n        error?: any;\n    }"
                    },
                    {
                      "kind": "Content",
                      "text": ";"
                    }
                  ],
                  "isOptional": false,
                  "releaseTag": "Public",
                  "name": "payload",
                  "propertyTypeTokenRange": {
                    "startIndex": 1,
                    "endIndex": 2
                  },
                  "isStatic": false
                },
                {
                  "kind": "Property",
                  "canonicalReference": "@spartacus/cart_wish-list_core!WishListActions.CreateWishListFail#type:member",
                  "docComment": "",
                  "excerptTokens": [
                    {
                      "kind": "Content",
                      "text": "readonly type = \"[Wish List] Create Wish List Fail\";"
                    }
                  ],
                  "isOptional": false,
                  "releaseTag": "Public",
                  "name": "type",
                  "propertyTypeTokenRange": {
                    "startIndex": 0,
                    "endIndex": 0
                  },
                  "isStatic": false
                }
              ],
              "extendsTokenRange": {
                "startIndex": 1,
                "endIndex": 4
              },
              "implementsTokenRanges": []
            },
            {
              "kind": "Class",
              "canonicalReference": "@spartacus/cart_wish-list_core!WishListActions.CreateWishListSuccess:class",
              "docComment": "",
              "excerptTokens": [
                {
                  "kind": "Content",
                  "text": "export declare class CreateWishListSuccess extends "
                },
                {
                  "kind": "Content",
                  "text": "StateUtils."
                },
                {
                  "kind": "Reference",
                  "text": "EntitySuccessAction",
                  "canonicalReference": "@spartacus/cart_wish-list_core!EntitySuccessAction:class"
                },
                {
                  "kind": "Content",
                  "text": " "
                }
              ],
              "releaseTag": "Public",
              "name": "CreateWishListSuccess",
              "members": [
                {
                  "kind": "Constructor",
                  "canonicalReference": "@spartacus/cart_wish-list_core!WishListActions.CreateWishListSuccess:constructor(1)",
                  "docComment": "/**\n * Constructs a new instance of the `CreateWishListSuccess` class\n */\n",
                  "excerptTokens": [
                    {
                      "kind": "Content",
                      "text": "constructor(payload: "
                    },
                    {
                      "kind": "Content",
                      "text": "{\n        cart: "
                    },
                    {
                      "kind": "Reference",
                      "text": "Cart",
                      "canonicalReference": "@spartacus/cart_wish-list_core!Cart:interface"
                    },
                    {
                      "kind": "Content",
                      "text": ";\n        cartId: string;\n    }"
                    },
                    {
                      "kind": "Content",
                      "text": ");"
                    }
                  ],
                  "releaseTag": "Public",
                  "overloadIndex": 1,
                  "parameters": [
                    {
                      "parameterName": "payload",
                      "parameterTypeTokenRange": {
                        "startIndex": 1,
                        "endIndex": 4
                      }
                    }
                  ]
                },
                {
                  "kind": "Property",
                  "canonicalReference": "@spartacus/cart_wish-list_core!WishListActions.CreateWishListSuccess#payload:member",
                  "docComment": "",
                  "excerptTokens": [
                    {
                      "kind": "Content",
                      "text": "payload: "
                    },
                    {
                      "kind": "Content",
                      "text": "{\n        cart: "
                    },
                    {
                      "kind": "Reference",
                      "text": "Cart",
                      "canonicalReference": "@spartacus/cart_wish-list_core!Cart:interface"
                    },
                    {
                      "kind": "Content",
                      "text": ";\n        cartId: string;\n    }"
                    },
                    {
                      "kind": "Content",
                      "text": ";"
                    }
                  ],
                  "isOptional": false,
                  "releaseTag": "Public",
                  "name": "payload",
                  "propertyTypeTokenRange": {
                    "startIndex": 1,
                    "endIndex": 4
                  },
                  "isStatic": false
                },
                {
                  "kind": "Property",
                  "canonicalReference": "@spartacus/cart_wish-list_core!WishListActions.CreateWishListSuccess#type:member",
                  "docComment": "",
                  "excerptTokens": [
                    {
                      "kind": "Content",
                      "text": "readonly type = \"[Wish List] Create Wish List Success\";"
                    }
                  ],
                  "isOptional": false,
                  "releaseTag": "Public",
                  "name": "type",
                  "propertyTypeTokenRange": {
                    "startIndex": 0,
                    "endIndex": 0
                  },
                  "isStatic": false
                }
              ],
              "extendsTokenRange": {
                "startIndex": 1,
                "endIndex": 4
              },
              "implementsTokenRanges": []
            },
            {
              "kind": "Variable",
              "canonicalReference": "@spartacus/cart_wish-list_core!WishListActions.LOAD_WISH_LIST_FAIL:var",
              "docComment": "",
              "excerptTokens": [
                {
                  "kind": "Content",
                  "text": "LOAD_WISH_LIST_FAIL = \"[Wish List] Load Wish List Fail\""
                }
              ],
              "releaseTag": "Public",
              "name": "LOAD_WISH_LIST_FAIL",
              "variableTypeTokenRange": {
                "startIndex": 0,
                "endIndex": 0
              }
            },
            {
              "kind": "Variable",
              "canonicalReference": "@spartacus/cart_wish-list_core!WishListActions.LOAD_WISH_LIST_SUCCESS:var",
              "docComment": "",
              "excerptTokens": [
                {
                  "kind": "Content",
                  "text": "LOAD_WISH_LIST_SUCCESS = \"[Wish List] Load Wish List Success\""
                }
              ],
              "releaseTag": "Public",
              "name": "LOAD_WISH_LIST_SUCCESS",
              "variableTypeTokenRange": {
                "startIndex": 0,
                "endIndex": 0
              }
            },
            {
              "kind": "Variable",
              "canonicalReference": "@spartacus/cart_wish-list_core!WishListActions.LOAD_WISH_LIST:var",
              "docComment": "",
              "excerptTokens": [
                {
                  "kind": "Content",
                  "text": "LOAD_WISH_LIST = \"[Wish List] Load Wish List\""
                }
              ],
              "releaseTag": "Public",
              "name": "LOAD_WISH_LIST",
              "variableTypeTokenRange": {
                "startIndex": 0,
                "endIndex": 0
              }
            },
            {
              "kind": "Class",
              "canonicalReference": "@spartacus/cart_wish-list_core!WishListActions.LoadWishList:class",
              "docComment": "/**\n * When we try load wishlist for the first time we don't know cart id. Instead we create temporary cartId from wishlist name to keep track of loading/error state.\n */\n",
              "excerptTokens": [
                {
                  "kind": "Content",
                  "text": "export declare class LoadWishList extends "
                },
                {
                  "kind": "Content",
                  "text": "StateUtils."
                },
                {
                  "kind": "Reference",
                  "text": "EntityLoadAction",
                  "canonicalReference": "@spartacus/cart_wish-list_core!EntityLoadAction:class"
                },
                {
                  "kind": "Content",
                  "text": " "
                }
              ],
              "releaseTag": "Public",
              "name": "LoadWishList",
              "members": [
                {
                  "kind": "Constructor",
                  "canonicalReference": "@spartacus/cart_wish-list_core!WishListActions.LoadWishList:constructor(1)",
                  "docComment": "/**\n * Constructs a new instance of the `LoadWishList` class\n */\n",
                  "excerptTokens": [
                    {
                      "kind": "Content",
                      "text": "constructor(payload: "
                    },
                    {
                      "kind": "Reference",
                      "text": "LoadWishListPayload",
                      "canonicalReference": "@spartacus/cart_wish-list_core!~LoadWishListPayload:interface"
                    },
                    {
                      "kind": "Content",
                      "text": ");"
                    }
                  ],
                  "releaseTag": "Public",
                  "overloadIndex": 1,
                  "parameters": [
                    {
                      "parameterName": "payload",
                      "parameterTypeTokenRange": {
                        "startIndex": 1,
                        "endIndex": 2
                      }
                    }
                  ]
                },
                {
                  "kind": "Property",
                  "canonicalReference": "@spartacus/cart_wish-list_core!WishListActions.LoadWishList#payload:member",
                  "docComment": "",
                  "excerptTokens": [
                    {
                      "kind": "Content",
                      "text": "payload: "
                    },
                    {
                      "kind": "Reference",
                      "text": "LoadWishListPayload",
                      "canonicalReference": "@spartacus/cart_wish-list_core!~LoadWishListPayload:interface"
                    },
                    {
                      "kind": "Content",
                      "text": ";"
                    }
                  ],
                  "isOptional": false,
                  "releaseTag": "Public",
                  "name": "payload",
                  "propertyTypeTokenRange": {
                    "startIndex": 1,
                    "endIndex": 2
                  },
                  "isStatic": false
                },
                {
                  "kind": "Property",
                  "canonicalReference": "@spartacus/cart_wish-list_core!WishListActions.LoadWishList#type:member",
                  "docComment": "",
                  "excerptTokens": [
                    {
                      "kind": "Content",
                      "text": "readonly type = \"[Wish List] Load Wish List\";"
                    }
                  ],
                  "isOptional": false,
                  "releaseTag": "Public",
                  "name": "type",
                  "propertyTypeTokenRange": {
                    "startIndex": 0,
                    "endIndex": 0
                  },
                  "isStatic": false
                }
              ],
              "extendsTokenRange": {
                "startIndex": 1,
                "endIndex": 4
              },
              "implementsTokenRanges": []
            },
            {
              "kind": "Class",
              "canonicalReference": "@spartacus/cart_wish-list_core!WishListActions.LoadWishListFail:class",
              "docComment": "",
              "excerptTokens": [
                {
                  "kind": "Content",
                  "text": "export declare class LoadWishListFail extends "
                },
                {
                  "kind": "Content",
                  "text": "StateUtils."
                },
                {
                  "kind": "Reference",
                  "text": "EntityFailAction",
                  "canonicalReference": "@spartacus/cart_wish-list_core!EntityFailAction:class"
                },
                {
                  "kind": "Content",
                  "text": " "
                }
              ],
              "releaseTag": "Public",
              "name": "LoadWishListFail",
              "members": [
                {
                  "kind": "Constructor",
                  "canonicalReference": "@spartacus/cart_wish-list_core!WishListActions.LoadWishListFail:constructor(1)",
                  "docComment": "/**\n * Constructs a new instance of the `LoadWishListFail` class\n */\n",
                  "excerptTokens": [
                    {
                      "kind": "Content",
                      "text": "constructor(payload: "
                    },
                    {
                      "kind": "Reference",
                      "text": "LoadWishListFailPayload",
                      "canonicalReference": "@spartacus/cart_wish-list_core!~LoadWishListFailPayload:interface"
                    },
                    {
                      "kind": "Content",
                      "text": ");"
                    }
                  ],
                  "releaseTag": "Public",
                  "overloadIndex": 1,
                  "parameters": [
                    {
                      "parameterName": "payload",
                      "parameterTypeTokenRange": {
                        "startIndex": 1,
                        "endIndex": 2
                      }
                    }
                  ]
                },
                {
                  "kind": "Property",
                  "canonicalReference": "@spartacus/cart_wish-list_core!WishListActions.LoadWishListFail#payload:member",
                  "docComment": "",
                  "excerptTokens": [
                    {
                      "kind": "Content",
                      "text": "payload: "
                    },
                    {
                      "kind": "Reference",
                      "text": "LoadWishListFailPayload",
                      "canonicalReference": "@spartacus/cart_wish-list_core!~LoadWishListFailPayload:interface"
                    },
                    {
                      "kind": "Content",
                      "text": ";"
                    }
                  ],
                  "isOptional": false,
                  "releaseTag": "Public",
                  "name": "payload",
                  "propertyTypeTokenRange": {
                    "startIndex": 1,
                    "endIndex": 2
                  },
                  "isStatic": false
                },
                {
                  "kind": "Property",
                  "canonicalReference": "@spartacus/cart_wish-list_core!WishListActions.LoadWishListFail#type:member",
                  "docComment": "",
                  "excerptTokens": [
                    {
                      "kind": "Content",
                      "text": "readonly type = \"[Wish List] Load Wish List Fail\";"
                    }
                  ],
                  "isOptional": false,
                  "releaseTag": "Public",
                  "name": "type",
                  "propertyTypeTokenRange": {
                    "startIndex": 0,
                    "endIndex": 0
                  },
                  "isStatic": false
                }
              ],
              "extendsTokenRange": {
                "startIndex": 1,
                "endIndex": 4
              },
              "implementsTokenRanges": []
            },
            {
              "kind": "Class",
              "canonicalReference": "@spartacus/cart_wish-list_core!WishListActions.LoadWishListSuccess:class",
              "docComment": "",
              "excerptTokens": [
                {
                  "kind": "Content",
                  "text": "export declare class LoadWishListSuccess extends "
                },
                {
                  "kind": "Content",
                  "text": "StateUtils."
                },
                {
                  "kind": "Reference",
                  "text": "EntitySuccessAction",
                  "canonicalReference": "@spartacus/cart_wish-list_core!EntitySuccessAction:class"
                },
                {
                  "kind": "Content",
                  "text": " "
                }
              ],
              "releaseTag": "Public",
              "name": "LoadWishListSuccess",
              "members": [
                {
                  "kind": "Constructor",
                  "canonicalReference": "@spartacus/cart_wish-list_core!WishListActions.LoadWishListSuccess:constructor(1)",
                  "docComment": "/**\n * Constructs a new instance of the `LoadWishListSuccess` class\n */\n",
                  "excerptTokens": [
                    {
                      "kind": "Content",
                      "text": "constructor(payload: "
                    },
                    {
                      "kind": "Content",
                      "text": "{\n        cart: "
                    },
                    {
                      "kind": "Reference",
                      "text": "Cart",
                      "canonicalReference": "@spartacus/cart_wish-list_core!Cart:interface"
                    },
                    {
                      "kind": "Content",
                      "text": ";\n        cartId: string;\n    }"
                    },
                    {
                      "kind": "Content",
                      "text": ");"
                    }
                  ],
                  "releaseTag": "Public",
                  "overloadIndex": 1,
                  "parameters": [
                    {
                      "parameterName": "payload",
                      "parameterTypeTokenRange": {
                        "startIndex": 1,
                        "endIndex": 4
                      }
                    }
                  ]
                },
                {
                  "kind": "Property",
                  "canonicalReference": "@spartacus/cart_wish-list_core!WishListActions.LoadWishListSuccess#payload:member",
                  "docComment": "",
                  "excerptTokens": [
                    {
                      "kind": "Content",
                      "text": "payload: "
                    },
                    {
                      "kind": "Content",
                      "text": "{\n        cart: "
                    },
                    {
                      "kind": "Reference",
                      "text": "Cart",
                      "canonicalReference": "@spartacus/cart_wish-list_core!Cart:interface"
                    },
                    {
                      "kind": "Content",
                      "text": ";\n        cartId: string;\n    }"
                    },
                    {
                      "kind": "Content",
                      "text": ";"
                    }
                  ],
                  "isOptional": false,
                  "releaseTag": "Public",
                  "name": "payload",
                  "propertyTypeTokenRange": {
                    "startIndex": 1,
                    "endIndex": 4
                  },
                  "isStatic": false
                },
                {
                  "kind": "Property",
                  "canonicalReference": "@spartacus/cart_wish-list_core!WishListActions.LoadWishListSuccess#type:member",
                  "docComment": "",
                  "excerptTokens": [
                    {
                      "kind": "Content",
                      "text": "readonly type = \"[Wish List] Load Wish List Success\";"
                    }
                  ],
                  "isOptional": false,
                  "releaseTag": "Public",
                  "name": "type",
                  "propertyTypeTokenRange": {
                    "startIndex": 0,
                    "endIndex": 0
                  },
                  "isStatic": false
                }
              ],
              "extendsTokenRange": {
                "startIndex": 1,
                "endIndex": 4
              },
              "implementsTokenRanges": []
            },
            {
              "kind": "TypeAlias",
              "canonicalReference": "@spartacus/cart_wish-list_core!WishListActions.WishListActions:type",
              "docComment": "",
              "excerptTokens": [
                {
                  "kind": "Content",
                  "text": "export declare type WishListActions = "
                },
                {
                  "kind": "Reference",
                  "text": "CreateWishList",
                  "canonicalReference": "@spartacus/cart_wish-list_core!CreateWishList:class"
                },
                {
                  "kind": "Content",
                  "text": " | "
                },
                {
                  "kind": "Reference",
                  "text": "CreateWishListSuccess",
                  "canonicalReference": "@spartacus/cart_wish-list_core!CreateWishListSuccess:class"
                },
                {
                  "kind": "Content",
                  "text": " | "
                },
                {
                  "kind": "Reference",
                  "text": "CreateWishListFail",
                  "canonicalReference": "@spartacus/cart_wish-list_core!CreateWishListFail:class"
                },
                {
                  "kind": "Content",
                  "text": " | "
                },
                {
                  "kind": "Reference",
                  "text": "LoadWishList",
                  "canonicalReference": "@spartacus/cart_wish-list_core!LoadWishList:class"
                },
                {
                  "kind": "Content",
                  "text": " | "
                },
                {
                  "kind": "Reference",
                  "text": "LoadWishListSuccess",
                  "canonicalReference": "@spartacus/cart_wish-list_core!LoadWishListSuccess:class"
                },
                {
                  "kind": "Content",
                  "text": " | "
                },
                {
                  "kind": "Reference",
                  "text": "LoadWishListFail",
                  "canonicalReference": "@spartacus/cart_wish-list_core!LoadWishListFail:class"
                },
                {
                  "kind": "Content",
                  "text": ";"
                }
              ],
              "releaseTag": "Public",
              "name": "WishListActions",
              "typeTokenRange": {
                "startIndex": 1,
                "endIndex": 12
              }
            }
          ]
        },
        {
          "kind": "Class",
          "canonicalReference": "@spartacus/cart_wish-list_core!WishListCoreModule:class",
          "docComment": "",
          "excerptTokens": [
            {
              "kind": "Content",
              "text": "export declare class WishListCoreModule "
            }
          ],
          "releaseTag": "Public",
          "name": "WishListCoreModule",
          "members": [
            {
              "kind": "Property",
              "canonicalReference": "@spartacus/cart_wish-list_core!WishListCoreModule.ɵfac:member",
              "docComment": "",
              "excerptTokens": [
                {
                  "kind": "Content",
                  "text": "static ɵfac: "
                },
                {
                  "kind": "Content",
                  "text": "i0."
                },
                {
                  "kind": "Reference",
                  "text": "ɵɵFactoryDeclaration",
                  "canonicalReference": "@angular/core!ɵɵFactoryDeclaration:type"
                },
                {
                  "kind": "Content",
                  "text": "<"
                },
                {
                  "kind": "Reference",
                  "text": "WishListCoreModule",
                  "canonicalReference": "@spartacus/cart_wish-list_core!WishListCoreModule:class"
                },
                {
                  "kind": "Content",
                  "text": ", never>"
                },
                {
                  "kind": "Content",
                  "text": ";"
                }
              ],
              "isOptional": false,
              "releaseTag": "Public",
              "name": "ɵfac",
              "propertyTypeTokenRange": {
                "startIndex": 1,
                "endIndex": 6
              },
              "isStatic": true
            },
            {
              "kind": "Property",
              "canonicalReference": "@spartacus/cart_wish-list_core!WishListCoreModule.ɵinj:member",
              "docComment": "",
              "excerptTokens": [
                {
                  "kind": "Content",
                  "text": "static ɵinj: "
                },
                {
                  "kind": "Content",
                  "text": "i0."
                },
                {
                  "kind": "Reference",
                  "text": "ɵɵInjectorDeclaration",
                  "canonicalReference": "@angular/core!ɵɵInjectorDeclaration:type"
                },
                {
                  "kind": "Content",
                  "text": "<"
                },
                {
                  "kind": "Reference",
                  "text": "WishListCoreModule",
                  "canonicalReference": "@spartacus/cart_wish-list_core!WishListCoreModule:class"
                },
                {
                  "kind": "Content",
                  "text": ">"
                },
                {
                  "kind": "Content",
                  "text": ";"
                }
              ],
              "isOptional": false,
              "releaseTag": "Public",
              "name": "ɵinj",
              "propertyTypeTokenRange": {
                "startIndex": 1,
                "endIndex": 6
              },
              "isStatic": true
            },
            {
              "kind": "Property",
              "canonicalReference": "@spartacus/cart_wish-list_core!WishListCoreModule.ɵmod:member",
              "docComment": "",
              "excerptTokens": [
                {
                  "kind": "Content",
                  "text": "static ɵmod: "
                },
                {
                  "kind": "Content",
                  "text": "i0."
                },
                {
                  "kind": "Reference",
                  "text": "ɵɵNgModuleDeclaration",
                  "canonicalReference": "@angular/core!ɵɵNgModuleDeclaration:type"
                },
                {
                  "kind": "Content",
                  "text": "<"
                },
                {
                  "kind": "Reference",
                  "text": "WishListCoreModule",
                  "canonicalReference": "@spartacus/cart_wish-list_core!WishListCoreModule:class"
                },
                {
                  "kind": "Content",
                  "text": ", never, [typeof i1."
                },
                {
                  "kind": "Reference",
                  "text": "WishListStoreModule",
                  "canonicalReference": "@spartacus/cart_wish-list_core!WishListStoreModule:class"
                },
                {
                  "kind": "Content",
                  "text": "], never>"
                },
                {
                  "kind": "Content",
                  "text": ";"
                }
              ],
              "isOptional": false,
              "releaseTag": "Public",
              "name": "ɵmod",
              "propertyTypeTokenRange": {
                "startIndex": 1,
                "endIndex": 8
              },
              "isStatic": true
            }
          ],
          "implementsTokenRanges": []
        },
        {
          "kind": "Class",
          "canonicalReference": "@spartacus/cart_wish-list_core!WishListService:class",
          "docComment": "",
          "excerptTokens": [
            {
              "kind": "Content",
              "text": "export declare class WishListService implements "
            },
            {
              "kind": "Reference",
              "text": "WishListFacade",
              "canonicalReference": "@spartacus/cart_wish-list_core!WishListFacade:class"
            },
            {
              "kind": "Content",
              "text": " "
            }
          ],
          "releaseTag": "Public",
          "name": "WishListService",
          "members": [
            {
              "kind": "Constructor",
              "canonicalReference": "@spartacus/cart_wish-list_core!WishListService:constructor(1)",
              "docComment": "/**\n * Constructs a new instance of the `WishListService` class\n */\n",
              "excerptTokens": [
                {
                  "kind": "Content",
                  "text": "constructor(store: "
                },
                {
                  "kind": "Reference",
                  "text": "Store",
                  "canonicalReference": "@ngrx/store!Store:class"
                },
                {
                  "kind": "Content",
                  "text": "<"
                },
                {
                  "kind": "Reference",
                  "text": "StateWithMultiCart",
                  "canonicalReference": "@spartacus/cart_wish-list_core!StateWithMultiCart:interface"
                },
                {
                  "kind": "Content",
                  "text": ">"
                },
                {
                  "kind": "Content",
                  "text": ", userAccountFacade: "
                },
                {
                  "kind": "Reference",
                  "text": "UserAccountFacade",
                  "canonicalReference": "@spartacus/cart_wish-list_core!UserAccountFacade:class"
                },
                {
                  "kind": "Content",
                  "text": ", multiCartFacade: "
                },
                {
                  "kind": "Reference",
                  "text": "MultiCartFacade",
                  "canonicalReference": "@spartacus/cart_wish-list_core!MultiCartFacade:class"
                },
                {
                  "kind": "Content",
                  "text": ", userIdService: "
                },
                {
                  "kind": "Reference",
                  "text": "UserIdService",
                  "canonicalReference": "@spartacus/cart_wish-list_core!UserIdService:class"
                },
                {
                  "kind": "Content",
                  "text": ");"
                }
              ],
              "releaseTag": "Public",
              "overloadIndex": 1,
              "parameters": [
                {
                  "parameterName": "store",
                  "parameterTypeTokenRange": {
                    "startIndex": 1,
                    "endIndex": 5
                  }
                },
                {
                  "parameterName": "userAccountFacade",
                  "parameterTypeTokenRange": {
                    "startIndex": 6,
                    "endIndex": 7
                  }
                },
                {
                  "parameterName": "multiCartFacade",
                  "parameterTypeTokenRange": {
                    "startIndex": 8,
                    "endIndex": 9
                  }
                },
                {
                  "parameterName": "userIdService",
                  "parameterTypeTokenRange": {
                    "startIndex": 10,
                    "endIndex": 11
                  }
                }
              ]
            },
            {
              "kind": "Method",
              "canonicalReference": "@spartacus/cart_wish-list_core!WishListService#addEntry:member(1)",
              "docComment": "",
              "excerptTokens": [
                {
                  "kind": "Content",
                  "text": "addEntry(productCode: "
                },
                {
                  "kind": "Content",
                  "text": "string"
                },
                {
                  "kind": "Content",
                  "text": "): "
                },
                {
                  "kind": "Content",
                  "text": "void"
                },
                {
                  "kind": "Content",
                  "text": ";"
                }
              ],
              "isOptional": false,
              "isStatic": false,
              "returnTypeTokenRange": {
                "startIndex": 3,
                "endIndex": 4
              },
              "releaseTag": "Public",
              "overloadIndex": 1,
              "parameters": [
                {
                  "parameterName": "productCode",
                  "parameterTypeTokenRange": {
                    "startIndex": 1,
                    "endIndex": 2
                  }
                }
              ],
              "name": "addEntry"
            },
            {
              "kind": "Method",
              "canonicalReference": "@spartacus/cart_wish-list_core!WishListService#createWishList:member(1)",
              "docComment": "",
              "excerptTokens": [
                {
                  "kind": "Content",
                  "text": "createWishList(userId: "
                },
                {
                  "kind": "Content",
                  "text": "string"
                },
                {
                  "kind": "Content",
                  "text": ", name?: "
                },
                {
                  "kind": "Content",
                  "text": "string"
                },
                {
                  "kind": "Content",
                  "text": ", description?: "
                },
                {
                  "kind": "Content",
                  "text": "string"
                },
                {
                  "kind": "Content",
                  "text": "): "
                },
                {
                  "kind": "Content",
                  "text": "void"
                },
                {
                  "kind": "Content",
                  "text": ";"
                }
              ],
              "isOptional": false,
              "isStatic": false,
              "returnTypeTokenRange": {
                "startIndex": 7,
                "endIndex": 8
              },
              "releaseTag": "Public",
              "overloadIndex": 1,
              "parameters": [
                {
                  "parameterName": "userId",
                  "parameterTypeTokenRange": {
                    "startIndex": 1,
                    "endIndex": 2
                  }
                },
                {
                  "parameterName": "name",
                  "parameterTypeTokenRange": {
                    "startIndex": 3,
                    "endIndex": 4
                  }
                },
                {
                  "parameterName": "description",
                  "parameterTypeTokenRange": {
                    "startIndex": 5,
                    "endIndex": 6
                  }
                }
              ],
              "name": "createWishList"
            },
            {
              "kind": "Method",
              "canonicalReference": "@spartacus/cart_wish-list_core!WishListService#getWishList:member(1)",
              "docComment": "",
              "excerptTokens": [
                {
                  "kind": "Content",
                  "text": "getWishList(): "
                },
                {
                  "kind": "Reference",
                  "text": "Observable",
                  "canonicalReference": "rxjs!Observable:class"
                },
                {
                  "kind": "Content",
                  "text": "<"
                },
                {
                  "kind": "Reference",
                  "text": "Cart",
                  "canonicalReference": "@spartacus/cart_wish-list_core!Cart:interface"
                },
                {
                  "kind": "Content",
                  "text": ">"
                },
                {
                  "kind": "Content",
                  "text": ";"
                }
              ],
              "isOptional": false,
              "isStatic": false,
              "returnTypeTokenRange": {
                "startIndex": 1,
                "endIndex": 5
              },
              "releaseTag": "Public",
              "overloadIndex": 1,
              "parameters": [],
              "name": "getWishList"
            },
            {
              "kind": "Method",
              "canonicalReference": "@spartacus/cart_wish-list_core!WishListService#getWishListId:member(1)",
              "docComment": "",
              "excerptTokens": [
                {
                  "kind": "Content",
                  "text": "protected getWishListId(): "
                },
                {
                  "kind": "Reference",
                  "text": "Observable",
                  "canonicalReference": "rxjs!Observable:class"
                },
                {
                  "kind": "Content",
                  "text": "<string>"
                },
                {
                  "kind": "Content",
                  "text": ";"
                }
              ],
              "isOptional": false,
              "isStatic": false,
              "returnTypeTokenRange": {
                "startIndex": 1,
                "endIndex": 3
              },
              "releaseTag": "Public",
              "overloadIndex": 1,
              "parameters": [],
              "name": "getWishListId"
            },
            {
              "kind": "Method",
              "canonicalReference": "@spartacus/cart_wish-list_core!WishListService#getWishListLoading:member(1)",
              "docComment": "",
              "excerptTokens": [
                {
                  "kind": "Content",
                  "text": "getWishListLoading(): "
                },
                {
                  "kind": "Reference",
                  "text": "Observable",
                  "canonicalReference": "rxjs!Observable:class"
                },
                {
                  "kind": "Content",
                  "text": "<boolean>"
                },
                {
                  "kind": "Content",
                  "text": ";"
                }
              ],
              "isOptional": false,
              "isStatic": false,
              "returnTypeTokenRange": {
                "startIndex": 1,
                "endIndex": 3
              },
              "releaseTag": "Public",
              "overloadIndex": 1,
              "parameters": [],
              "name": "getWishListLoading"
            },
            {
              "kind": "Method",
              "canonicalReference": "@spartacus/cart_wish-list_core!WishListService#loadWishList:member(1)",
              "docComment": "",
              "excerptTokens": [
                {
                  "kind": "Content",
                  "text": "loadWishList(userId: "
                },
                {
                  "kind": "Content",
                  "text": "string"
                },
                {
                  "kind": "Content",
                  "text": ", customerId: "
                },
                {
                  "kind": "Content",
                  "text": "string"
                },
                {
                  "kind": "Content",
                  "text": "): "
                },
                {
                  "kind": "Content",
                  "text": "void"
                },
                {
                  "kind": "Content",
                  "text": ";"
                }
              ],
              "isOptional": false,
              "isStatic": false,
              "returnTypeTokenRange": {
                "startIndex": 5,
                "endIndex": 6
              },
              "releaseTag": "Public",
              "overloadIndex": 1,
              "parameters": [
                {
                  "parameterName": "userId",
                  "parameterTypeTokenRange": {
                    "startIndex": 1,
                    "endIndex": 2
                  }
                },
                {
                  "parameterName": "customerId",
                  "parameterTypeTokenRange": {
                    "startIndex": 3,
                    "endIndex": 4
                  }
                }
              ],
              "name": "loadWishList"
            },
            {
              "kind": "Property",
              "canonicalReference": "@spartacus/cart_wish-list_core!WishListService#multiCartFacade:member",
              "docComment": "",
              "excerptTokens": [
                {
                  "kind": "Content",
                  "text": "protected multiCartFacade: "
                },
                {
                  "kind": "Reference",
                  "text": "MultiCartFacade",
                  "canonicalReference": "@spartacus/cart_wish-list_core!MultiCartFacade:class"
                },
                {
                  "kind": "Content",
                  "text": ";"
                }
              ],
              "isOptional": false,
              "releaseTag": "Public",
              "name": "multiCartFacade",
              "propertyTypeTokenRange": {
                "startIndex": 1,
                "endIndex": 2
              },
              "isStatic": false
            },
            {
              "kind": "Property",
              "canonicalReference": "@spartacus/cart_wish-list_core!WishListService.ɵfac:member",
              "docComment": "",
              "excerptTokens": [
                {
                  "kind": "Content",
                  "text": "static ɵfac: "
                },
                {
                  "kind": "Content",
                  "text": "i0."
                },
                {
                  "kind": "Reference",
                  "text": "ɵɵFactoryDeclaration",
                  "canonicalReference": "@angular/core!ɵɵFactoryDeclaration:type"
                },
                {
                  "kind": "Content",
                  "text": "<"
                },
                {
                  "kind": "Reference",
                  "text": "WishListService",
                  "canonicalReference": "@spartacus/cart_wish-list_core!WishListService:class"
                },
                {
                  "kind": "Content",
                  "text": ", never>"
                },
                {
                  "kind": "Content",
                  "text": ";"
                }
              ],
              "isOptional": false,
              "releaseTag": "Public",
              "name": "ɵfac",
              "propertyTypeTokenRange": {
                "startIndex": 1,
                "endIndex": 6
              },
              "isStatic": true
            },
            {
              "kind": "Property",
              "canonicalReference": "@spartacus/cart_wish-list_core!WishListService.ɵprov:member",
              "docComment": "",
              "excerptTokens": [
                {
                  "kind": "Content",
                  "text": "static ɵprov: "
                },
                {
                  "kind": "Content",
                  "text": "i0."
                },
                {
                  "kind": "Reference",
                  "text": "ɵɵInjectableDeclaration",
                  "canonicalReference": "@angular/core!ɵɵInjectableDeclaration:interface"
                },
                {
                  "kind": "Content",
                  "text": "<"
                },
                {
                  "kind": "Reference",
                  "text": "WishListService",
                  "canonicalReference": "@spartacus/cart_wish-list_core!WishListService:class"
                },
                {
                  "kind": "Content",
                  "text": ">"
                },
                {
                  "kind": "Content",
                  "text": ";"
                }
              ],
              "isOptional": false,
              "releaseTag": "Public",
              "name": "ɵprov",
              "propertyTypeTokenRange": {
                "startIndex": 1,
                "endIndex": 6
              },
              "isStatic": true
            },
            {
              "kind": "Method",
              "canonicalReference": "@spartacus/cart_wish-list_core!WishListService#removeEntry:member(1)",
              "docComment": "",
              "excerptTokens": [
                {
                  "kind": "Content",
                  "text": "removeEntry(entry: "
                },
                {
                  "kind": "Reference",
                  "text": "OrderEntry",
                  "canonicalReference": "@spartacus/cart_wish-list_core!OrderEntry:interface"
                },
                {
                  "kind": "Content",
                  "text": "): "
                },
                {
                  "kind": "Content",
                  "text": "void"
                },
                {
                  "kind": "Content",
                  "text": ";"
                }
              ],
              "isOptional": false,
              "isStatic": false,
              "returnTypeTokenRange": {
                "startIndex": 3,
                "endIndex": 4
              },
              "releaseTag": "Public",
              "overloadIndex": 1,
              "parameters": [
                {
                  "parameterName": "entry",
                  "parameterTypeTokenRange": {
                    "startIndex": 1,
                    "endIndex": 2
                  }
                }
              ],
              "name": "removeEntry"
            },
            {
              "kind": "Property",
              "canonicalReference": "@spartacus/cart_wish-list_core!WishListService#store:member",
              "docComment": "",
              "excerptTokens": [
                {
                  "kind": "Content",
                  "text": "protected store: "
                },
                {
                  "kind": "Reference",
                  "text": "Store",
                  "canonicalReference": "@ngrx/store!Store:class"
                },
                {
                  "kind": "Content",
                  "text": "<"
                },
                {
                  "kind": "Reference",
                  "text": "StateWithMultiCart",
                  "canonicalReference": "@spartacus/cart_wish-list_core!StateWithMultiCart:interface"
                },
                {
                  "kind": "Content",
                  "text": ">"
                },
                {
                  "kind": "Content",
                  "text": ";"
                }
              ],
              "isOptional": false,
              "releaseTag": "Public",
              "name": "store",
              "propertyTypeTokenRange": {
                "startIndex": 1,
                "endIndex": 5
              },
              "isStatic": false
            },
            {
              "kind": "Property",
              "canonicalReference": "@spartacus/cart_wish-list_core!WishListService#userAccountFacade:member",
              "docComment": "",
              "excerptTokens": [
                {
                  "kind": "Content",
                  "text": "protected userAccountFacade: "
                },
                {
                  "kind": "Reference",
                  "text": "UserAccountFacade",
                  "canonicalReference": "@spartacus/cart_wish-list_core!UserAccountFacade:class"
                },
                {
                  "kind": "Content",
                  "text": ";"
                }
              ],
              "isOptional": false,
              "releaseTag": "Public",
              "name": "userAccountFacade",
              "propertyTypeTokenRange": {
                "startIndex": 1,
                "endIndex": 2
              },
              "isStatic": false
            },
            {
              "kind": "Property",
              "canonicalReference": "@spartacus/cart_wish-list_core!WishListService#userIdService:member",
              "docComment": "",
              "excerptTokens": [
                {
                  "kind": "Content",
                  "text": "protected userIdService: "
                },
                {
                  "kind": "Reference",
                  "text": "UserIdService",
                  "canonicalReference": "@spartacus/cart_wish-list_core!UserIdService:class"
                },
                {
                  "kind": "Content",
                  "text": ";"
                }
              ],
              "isOptional": false,
              "releaseTag": "Public",
              "name": "userIdService",
              "propertyTypeTokenRange": {
                "startIndex": 1,
                "endIndex": 2
              },
              "isStatic": false
            }
          ],
          "implementsTokenRanges": [
            {
              "startIndex": 1,
              "endIndex": 3
            }
          ]
        }
      ]
    }
  ]
}
