{
  "metadata": {
    "toolPackage": "@microsoft/api-extractor",
    "toolVersion": "7.19.4",
    "schemaVersion": 1004,
    "oldestForwardsCompatibleVersion": 1001,
    "tsdocConfig": {
      "$schema": "https://developer.microsoft.com/json-schemas/tsdoc/v0/tsdoc.schema.json",
      "noStandardTags": true,
      "tagDefinitions": [
        {
          "tagName": "@alpha",
          "syntaxKind": "modifier"
        },
        {
          "tagName": "@beta",
          "syntaxKind": "modifier"
        },
        {
          "tagName": "@defaultValue",
          "syntaxKind": "block"
        },
        {
          "tagName": "@decorator",
          "syntaxKind": "block",
          "allowMultiple": true
        },
        {
          "tagName": "@deprecated",
          "syntaxKind": "block"
        },
        {
          "tagName": "@eventProperty",
          "syntaxKind": "modifier"
        },
        {
          "tagName": "@example",
          "syntaxKind": "block",
          "allowMultiple": true
        },
        {
          "tagName": "@experimental",
          "syntaxKind": "modifier"
        },
        {
          "tagName": "@inheritDoc",
          "syntaxKind": "inline"
        },
        {
          "tagName": "@internal",
          "syntaxKind": "modifier"
        },
        {
          "tagName": "@label",
          "syntaxKind": "inline"
        },
        {
          "tagName": "@link",
          "syntaxKind": "inline",
          "allowMultiple": true
        },
        {
          "tagName": "@override",
          "syntaxKind": "modifier"
        },
        {
          "tagName": "@packageDocumentation",
          "syntaxKind": "modifier"
        },
        {
          "tagName": "@param",
          "syntaxKind": "block",
          "allowMultiple": true
        },
        {
          "tagName": "@privateRemarks",
          "syntaxKind": "block"
        },
        {
          "tagName": "@public",
          "syntaxKind": "modifier"
        },
        {
          "tagName": "@readonly",
          "syntaxKind": "modifier"
        },
        {
          "tagName": "@remarks",
          "syntaxKind": "block"
        },
        {
          "tagName": "@returns",
          "syntaxKind": "block"
        },
        {
          "tagName": "@sealed",
          "syntaxKind": "modifier"
        },
        {
          "tagName": "@see",
          "syntaxKind": "block"
        },
        {
          "tagName": "@throws",
          "syntaxKind": "block",
          "allowMultiple": true
        },
        {
          "tagName": "@typeParam",
          "syntaxKind": "block",
          "allowMultiple": true
        },
        {
          "tagName": "@virtual",
          "syntaxKind": "modifier"
        },
        {
          "tagName": "@betaDocumentation",
          "syntaxKind": "modifier"
        },
        {
          "tagName": "@internalRemarks",
          "syntaxKind": "block"
        },
        {
          "tagName": "@preapproved",
          "syntaxKind": "modifier"
        }
      ],
      "supportForTags": {
        "@alpha": true,
        "@beta": true,
        "@defaultValue": true,
        "@decorator": true,
        "@deprecated": true,
        "@eventProperty": true,
        "@example": true,
        "@experimental": true,
        "@inheritDoc": true,
        "@internal": true,
        "@label": true,
        "@link": true,
        "@override": true,
        "@packageDocumentation": true,
        "@param": true,
        "@privateRemarks": true,
        "@public": true,
        "@readonly": true,
        "@remarks": true,
        "@returns": true,
        "@sealed": true,
        "@see": true,
        "@throws": true,
        "@typeParam": true,
        "@virtual": true,
        "@betaDocumentation": true,
        "@internalRemarks": true,
        "@preapproved": true
      }
    }
  },
  "kind": "Package",
  "canonicalReference": "@spartacus/cart_saved-cart_occ!",
  "docComment": "",
  "name": "@spartacus/cart_saved-cart_occ",
  "members": [
    {
      "kind": "EntryPoint",
      "canonicalReference": "@spartacus/cart_saved-cart_occ!",
      "name": "",
      "members": [
        {
          "kind": "Class",
          "canonicalReference": "@spartacus/cart_saved-cart_occ!OccSavedCartAdapter:class",
          "docComment": "",
          "excerptTokens": [
            {
              "kind": "Content",
              "text": "export declare class OccSavedCartAdapter implements "
            },
            {
              "kind": "Reference",
              "text": "SavedCartAdapter",
              "canonicalReference": "@spartacus/cart_saved-cart_occ!SavedCartAdapter:class"
            },
            {
              "kind": "Content",
              "text": " "
            }
          ],
          "releaseTag": "Public",
          "name": "OccSavedCartAdapter",
          "members": [
            {
              "kind": "Constructor",
              "canonicalReference": "@spartacus/cart_saved-cart_occ!OccSavedCartAdapter:constructor(1)",
              "docComment": "/**\n * Constructs a new instance of the `OccSavedCartAdapter` class\n */\n",
              "excerptTokens": [
                {
                  "kind": "Content",
                  "text": "constructor(http: "
                },
                {
                  "kind": "Reference",
                  "text": "HttpClient",
                  "canonicalReference": "@angular/common/http!HttpClient:class"
                },
                {
                  "kind": "Content",
                  "text": ", occEndpoints: "
                },
                {
                  "kind": "Reference",
                  "text": "OccEndpointsService",
                  "canonicalReference": "@spartacus/cart_saved-cart_occ!OccEndpointsService:class"
                },
                {
                  "kind": "Content",
                  "text": ", converter: "
                },
                {
                  "kind": "Reference",
                  "text": "ConverterService",
                  "canonicalReference": "@spartacus/cart_saved-cart_occ!ConverterService:class"
                },
                {
                  "kind": "Content",
                  "text": ");"
                }
              ],
              "releaseTag": "Public",
              "overloadIndex": 1,
              "parameters": [
                {
                  "parameterName": "http",
                  "parameterTypeTokenRange": {
                    "startIndex": 1,
                    "endIndex": 2
                  }
                },
                {
                  "parameterName": "occEndpoints",
                  "parameterTypeTokenRange": {
                    "startIndex": 3,
                    "endIndex": 4
                  }
                },
                {
                  "parameterName": "converter",
                  "parameterTypeTokenRange": {
                    "startIndex": 5,
                    "endIndex": 6
                  }
                }
              ]
            },
            {
              "kind": "Method",
              "canonicalReference": "@spartacus/cart_saved-cart_occ!OccSavedCartAdapter#cloneSavedCart:member(1)",
              "docComment": "",
              "excerptTokens": [
                {
                  "kind": "Content",
                  "text": "cloneSavedCart(userId: "
                },
                {
                  "kind": "Content",
                  "text": "string"
                },
                {
                  "kind": "Content",
                  "text": ", cartId: "
                },
                {
                  "kind": "Content",
                  "text": "string"
                },
                {
                  "kind": "Content",
                  "text": ", saveCartName: "
                },
                {
                  "kind": "Content",
                  "text": "string"
                },
                {
                  "kind": "Content",
                  "text": "): "
                },
                {
                  "kind": "Reference",
                  "text": "Observable",
                  "canonicalReference": "rxjs!Observable:class"
                },
                {
                  "kind": "Content",
                  "text": "<"
                },
                {
                  "kind": "Reference",
                  "text": "Cart",
                  "canonicalReference": "@spartacus/cart_saved-cart_occ!Cart:interface"
                },
                {
                  "kind": "Content",
                  "text": ">"
                },
                {
                  "kind": "Content",
                  "text": ";"
                }
              ],
              "isOptional": false,
              "isStatic": false,
              "returnTypeTokenRange": {
                "startIndex": 7,
                "endIndex": 11
              },
              "releaseTag": "Public",
              "overloadIndex": 1,
              "parameters": [
                {
                  "parameterName": "userId",
                  "parameterTypeTokenRange": {
                    "startIndex": 1,
                    "endIndex": 2
                  }
                },
                {
                  "parameterName": "cartId",
                  "parameterTypeTokenRange": {
                    "startIndex": 3,
                    "endIndex": 4
                  }
                },
                {
                  "parameterName": "saveCartName",
                  "parameterTypeTokenRange": {
                    "startIndex": 5,
                    "endIndex": 6
                  }
                }
              ],
              "name": "cloneSavedCart"
            },
            {
              "kind": "Property",
              "canonicalReference": "@spartacus/cart_saved-cart_occ!OccSavedCartAdapter#converter:member",
              "docComment": "",
              "excerptTokens": [
                {
                  "kind": "Content",
                  "text": "protected converter: "
                },
                {
                  "kind": "Reference",
                  "text": "ConverterService",
                  "canonicalReference": "@spartacus/cart_saved-cart_occ!ConverterService:class"
                },
                {
                  "kind": "Content",
                  "text": ";"
                }
              ],
              "isOptional": false,
              "releaseTag": "Public",
              "name": "converter",
              "propertyTypeTokenRange": {
                "startIndex": 1,
                "endIndex": 2
              },
              "isStatic": false
            },
            {
              "kind": "Method",
              "canonicalReference": "@spartacus/cart_saved-cart_occ!OccSavedCartAdapter#getCloneSavedCartEndpoint:member(1)",
              "docComment": "",
              "excerptTokens": [
                {
                  "kind": "Content",
                  "text": "protected getCloneSavedCartEndpoint(userId: "
                },
                {
                  "kind": "Content",
                  "text": "string"
                },
                {
                  "kind": "Content",
                  "text": ", cartId: "
                },
                {
                  "kind": "Content",
                  "text": "string"
                },
                {
                  "kind": "Content",
                  "text": ", saveCartName: "
                },
                {
                  "kind": "Content",
                  "text": "string"
                },
                {
                  "kind": "Content",
                  "text": "): "
                },
                {
                  "kind": "Content",
                  "text": "string"
                },
                {
                  "kind": "Content",
                  "text": ";"
                }
              ],
              "isOptional": false,
              "isStatic": false,
              "returnTypeTokenRange": {
                "startIndex": 7,
                "endIndex": 8
              },
              "releaseTag": "Public",
              "overloadIndex": 1,
              "parameters": [
                {
                  "parameterName": "userId",
                  "parameterTypeTokenRange": {
                    "startIndex": 1,
                    "endIndex": 2
                  }
                },
                {
                  "parameterName": "cartId",
                  "parameterTypeTokenRange": {
                    "startIndex": 3,
                    "endIndex": 4
                  }
                },
                {
                  "parameterName": "saveCartName",
                  "parameterTypeTokenRange": {
                    "startIndex": 5,
                    "endIndex": 6
                  }
                }
              ],
              "name": "getCloneSavedCartEndpoint"
            },
            {
              "kind": "Method",
              "canonicalReference": "@spartacus/cart_saved-cart_occ!OccSavedCartAdapter#getRestoreSavedCartEndpoint:member(1)",
              "docComment": "",
              "excerptTokens": [
                {
                  "kind": "Content",
                  "text": "protected getRestoreSavedCartEndpoint(userId: "
                },
                {
                  "kind": "Content",
                  "text": "string"
                },
                {
                  "kind": "Content",
                  "text": ", cartId: "
                },
                {
                  "kind": "Content",
                  "text": "string"
                },
                {
                  "kind": "Content",
                  "text": "): "
                },
                {
                  "kind": "Content",
                  "text": "string"
                },
                {
                  "kind": "Content",
                  "text": ";"
                }
              ],
              "isOptional": false,
              "isStatic": false,
              "returnTypeTokenRange": {
                "startIndex": 5,
                "endIndex": 6
              },
              "releaseTag": "Public",
              "overloadIndex": 1,
              "parameters": [
                {
                  "parameterName": "userId",
                  "parameterTypeTokenRange": {
                    "startIndex": 1,
                    "endIndex": 2
                  }
                },
                {
                  "parameterName": "cartId",
                  "parameterTypeTokenRange": {
                    "startIndex": 3,
                    "endIndex": 4
                  }
                }
              ],
              "name": "getRestoreSavedCartEndpoint"
            },
            {
              "kind": "Method",
              "canonicalReference": "@spartacus/cart_saved-cart_occ!OccSavedCartAdapter#getSavedCartEndpoint:member(1)",
              "docComment": "",
              "excerptTokens": [
                {
                  "kind": "Content",
                  "text": "protected getSavedCartEndpoint(userId: "
                },
                {
                  "kind": "Content",
                  "text": "string"
                },
                {
                  "kind": "Content",
                  "text": ", cartId: "
                },
                {
                  "kind": "Content",
                  "text": "string"
                },
                {
                  "kind": "Content",
                  "text": "): "
                },
                {
                  "kind": "Content",
                  "text": "string"
                },
                {
                  "kind": "Content",
                  "text": ";"
                }
              ],
              "isOptional": false,
              "isStatic": false,
              "returnTypeTokenRange": {
                "startIndex": 5,
                "endIndex": 6
              },
              "releaseTag": "Public",
              "overloadIndex": 1,
              "parameters": [
                {
                  "parameterName": "userId",
                  "parameterTypeTokenRange": {
                    "startIndex": 1,
                    "endIndex": 2
                  }
                },
                {
                  "parameterName": "cartId",
                  "parameterTypeTokenRange": {
                    "startIndex": 3,
                    "endIndex": 4
                  }
                }
              ],
              "name": "getSavedCartEndpoint"
            },
            {
              "kind": "Method",
              "canonicalReference": "@spartacus/cart_saved-cart_occ!OccSavedCartAdapter#getSavedCartListEndpoint:member(1)",
              "docComment": "",
              "excerptTokens": [
                {
                  "kind": "Content",
                  "text": "protected getSavedCartListEndpoint(userId: "
                },
                {
                  "kind": "Content",
                  "text": "string"
                },
                {
                  "kind": "Content",
                  "text": "): "
                },
                {
                  "kind": "Content",
                  "text": "string"
                },
                {
                  "kind": "Content",
                  "text": ";"
                }
              ],
              "isOptional": false,
              "isStatic": false,
              "returnTypeTokenRange": {
                "startIndex": 3,
                "endIndex": 4
              },
              "releaseTag": "Public",
              "overloadIndex": 1,
              "parameters": [
                {
                  "parameterName": "userId",
                  "parameterTypeTokenRange": {
                    "startIndex": 1,
                    "endIndex": 2
                  }
                }
              ],
              "name": "getSavedCartListEndpoint"
            },
            {
              "kind": "Property",
              "canonicalReference": "@spartacus/cart_saved-cart_occ!OccSavedCartAdapter#http:member",
              "docComment": "",
              "excerptTokens": [
                {
                  "kind": "Content",
                  "text": "protected http: "
                },
                {
                  "kind": "Reference",
                  "text": "HttpClient",
                  "canonicalReference": "@angular/common/http!HttpClient:class"
                },
                {
                  "kind": "Content",
                  "text": ";"
                }
              ],
              "isOptional": false,
              "releaseTag": "Public",
              "name": "http",
              "propertyTypeTokenRange": {
                "startIndex": 1,
                "endIndex": 2
              },
              "isStatic": false
            },
            {
              "kind": "Method",
              "canonicalReference": "@spartacus/cart_saved-cart_occ!OccSavedCartAdapter#load:member(1)",
              "docComment": "",
              "excerptTokens": [
                {
                  "kind": "Content",
                  "text": "load(userId: "
                },
                {
                  "kind": "Content",
                  "text": "string"
                },
                {
                  "kind": "Content",
                  "text": ", cartId: "
                },
                {
                  "kind": "Content",
                  "text": "string"
                },
                {
                  "kind": "Content",
                  "text": "): "
                },
                {
                  "kind": "Reference",
                  "text": "Observable",
                  "canonicalReference": "rxjs!Observable:class"
                },
                {
                  "kind": "Content",
                  "text": "<"
                },
                {
                  "kind": "Reference",
                  "text": "Cart",
                  "canonicalReference": "@spartacus/cart_saved-cart_occ!Cart:interface"
                },
                {
                  "kind": "Content",
                  "text": ">"
                },
                {
                  "kind": "Content",
                  "text": ";"
                }
              ],
              "isOptional": false,
              "isStatic": false,
              "returnTypeTokenRange": {
                "startIndex": 5,
                "endIndex": 9
              },
              "releaseTag": "Public",
              "overloadIndex": 1,
              "parameters": [
                {
                  "parameterName": "userId",
                  "parameterTypeTokenRange": {
                    "startIndex": 1,
                    "endIndex": 2
                  }
                },
                {
                  "parameterName": "cartId",
                  "parameterTypeTokenRange": {
                    "startIndex": 3,
                    "endIndex": 4
                  }
                }
              ],
              "name": "load"
            },
            {
              "kind": "Method",
              "canonicalReference": "@spartacus/cart_saved-cart_occ!OccSavedCartAdapter#loadList:member(1)",
              "docComment": "",
              "excerptTokens": [
                {
                  "kind": "Content",
                  "text": "loadList(userId: "
                },
                {
                  "kind": "Content",
                  "text": "string"
                },
                {
                  "kind": "Content",
                  "text": "): "
                },
                {
                  "kind": "Reference",
                  "text": "Observable",
                  "canonicalReference": "rxjs!Observable:class"
                },
                {
                  "kind": "Content",
                  "text": "<"
                },
                {
                  "kind": "Reference",
                  "text": "Cart",
                  "canonicalReference": "@spartacus/cart_saved-cart_occ!Cart:interface"
                },
                {
                  "kind": "Content",
                  "text": "[]>"
                },
                {
                  "kind": "Content",
                  "text": ";"
                }
              ],
              "isOptional": false,
              "isStatic": false,
              "returnTypeTokenRange": {
                "startIndex": 3,
                "endIndex": 7
              },
              "releaseTag": "Public",
              "overloadIndex": 1,
              "parameters": [
                {
                  "parameterName": "userId",
                  "parameterTypeTokenRange": {
                    "startIndex": 1,
                    "endIndex": 2
                  }
                }
              ],
              "name": "loadList"
            },
            {
              "kind": "Property",
              "canonicalReference": "@spartacus/cart_saved-cart_occ!OccSavedCartAdapter#occEndpoints:member",
              "docComment": "",
              "excerptTokens": [
                {
                  "kind": "Content",
                  "text": "protected occEndpoints: "
                },
                {
                  "kind": "Reference",
                  "text": "OccEndpointsService",
                  "canonicalReference": "@spartacus/cart_saved-cart_occ!OccEndpointsService:class"
                },
                {
                  "kind": "Content",
                  "text": ";"
                }
              ],
              "isOptional": false,
              "releaseTag": "Public",
              "name": "occEndpoints",
              "propertyTypeTokenRange": {
                "startIndex": 1,
                "endIndex": 2
              },
              "isStatic": false
            },
            {
              "kind": "Property",
              "canonicalReference": "@spartacus/cart_saved-cart_occ!OccSavedCartAdapter.ɵfac:member",
              "docComment": "",
              "excerptTokens": [
                {
                  "kind": "Content",
                  "text": "static ɵfac: "
                },
                {
                  "kind": "Content",
                  "text": "i0."
                },
                {
                  "kind": "Reference",
                  "text": "ɵɵFactoryDeclaration",
                  "canonicalReference": "@angular/core!ɵɵFactoryDeclaration:type"
                },
                {
                  "kind": "Content",
                  "text": "<"
                },
                {
                  "kind": "Reference",
                  "text": "OccSavedCartAdapter",
                  "canonicalReference": "@spartacus/cart_saved-cart_occ!OccSavedCartAdapter:class"
                },
                {
                  "kind": "Content",
                  "text": ", never>"
                },
                {
                  "kind": "Content",
                  "text": ";"
                }
              ],
              "isOptional": false,
              "releaseTag": "Public",
              "name": "ɵfac",
              "propertyTypeTokenRange": {
                "startIndex": 1,
                "endIndex": 6
              },
              "isStatic": true
            },
            {
              "kind": "Property",
              "canonicalReference": "@spartacus/cart_saved-cart_occ!OccSavedCartAdapter.ɵprov:member",
              "docComment": "",
              "excerptTokens": [
                {
                  "kind": "Content",
                  "text": "static ɵprov: "
                },
                {
                  "kind": "Content",
                  "text": "i0."
                },
                {
                  "kind": "Reference",
                  "text": "ɵɵInjectableDeclaration",
                  "canonicalReference": "@angular/core!ɵɵInjectableDeclaration:interface"
                },
                {
                  "kind": "Content",
                  "text": "<"
                },
                {
                  "kind": "Reference",
                  "text": "OccSavedCartAdapter",
                  "canonicalReference": "@spartacus/cart_saved-cart_occ!OccSavedCartAdapter:class"
                },
                {
                  "kind": "Content",
                  "text": ">"
                },
                {
                  "kind": "Content",
                  "text": ";"
                }
              ],
              "isOptional": false,
              "releaseTag": "Public",
              "name": "ɵprov",
              "propertyTypeTokenRange": {
                "startIndex": 1,
                "endIndex": 6
              },
              "isStatic": true
            },
            {
              "kind": "Method",
              "canonicalReference": "@spartacus/cart_saved-cart_occ!OccSavedCartAdapter#restoreSavedCart:member(1)",
              "docComment": "",
              "excerptTokens": [
                {
                  "kind": "Content",
                  "text": "restoreSavedCart(userId: "
                },
                {
                  "kind": "Content",
                  "text": "string"
                },
                {
                  "kind": "Content",
                  "text": ", cartId: "
                },
                {
                  "kind": "Content",
                  "text": "string"
                },
                {
                  "kind": "Content",
                  "text": "): "
                },
                {
                  "kind": "Reference",
                  "text": "Observable",
                  "canonicalReference": "rxjs!Observable:class"
                },
                {
                  "kind": "Content",
                  "text": "<"
                },
                {
                  "kind": "Reference",
                  "text": "Cart",
                  "canonicalReference": "@spartacus/cart_saved-cart_occ!Cart:interface"
                },
                {
                  "kind": "Content",
                  "text": ">"
                },
                {
                  "kind": "Content",
                  "text": ";"
                }
              ],
              "isOptional": false,
              "isStatic": false,
              "returnTypeTokenRange": {
                "startIndex": 5,
                "endIndex": 9
              },
              "releaseTag": "Public",
              "overloadIndex": 1,
              "parameters": [
                {
                  "parameterName": "userId",
                  "parameterTypeTokenRange": {
                    "startIndex": 1,
                    "endIndex": 2
                  }
                },
                {
                  "parameterName": "cartId",
                  "parameterTypeTokenRange": {
                    "startIndex": 3,
                    "endIndex": 4
                  }
                }
              ],
              "name": "restoreSavedCart"
            }
          ],
          "implementsTokenRanges": [
            {
              "startIndex": 1,
              "endIndex": 3
            }
          ]
        },
        {
          "kind": "Class",
          "canonicalReference": "@spartacus/cart_saved-cart_occ!SavedCartOccModule:class",
          "docComment": "",
          "excerptTokens": [
            {
              "kind": "Content",
              "text": "export declare class SavedCartOccModule "
            }
          ],
          "releaseTag": "Public",
          "name": "SavedCartOccModule",
          "members": [
            {
              "kind": "Property",
              "canonicalReference": "@spartacus/cart_saved-cart_occ!SavedCartOccModule.ɵfac:member",
              "docComment": "",
              "excerptTokens": [
                {
                  "kind": "Content",
                  "text": "static ɵfac: "
                },
                {
                  "kind": "Content",
                  "text": "i0."
                },
                {
                  "kind": "Reference",
                  "text": "ɵɵFactoryDeclaration",
                  "canonicalReference": "@angular/core!ɵɵFactoryDeclaration:type"
                },
                {
                  "kind": "Content",
                  "text": "<"
                },
                {
                  "kind": "Reference",
                  "text": "SavedCartOccModule",
                  "canonicalReference": "@spartacus/cart_saved-cart_occ!SavedCartOccModule:class"
                },
                {
                  "kind": "Content",
                  "text": ", never>"
                },
                {
                  "kind": "Content",
                  "text": ";"
                }
              ],
              "isOptional": false,
              "releaseTag": "Public",
              "name": "ɵfac",
              "propertyTypeTokenRange": {
                "startIndex": 1,
                "endIndex": 6
              },
              "isStatic": true
            },
            {
              "kind": "Property",
              "canonicalReference": "@spartacus/cart_saved-cart_occ!SavedCartOccModule.ɵinj:member",
              "docComment": "",
              "excerptTokens": [
                {
                  "kind": "Content",
                  "text": "static ɵinj: "
                },
                {
                  "kind": "Content",
                  "text": "i0."
                },
                {
                  "kind": "Reference",
                  "text": "ɵɵInjectorDeclaration",
                  "canonicalReference": "@angular/core!ɵɵInjectorDeclaration:type"
                },
                {
                  "kind": "Content",
                  "text": "<"
                },
                {
                  "kind": "Reference",
                  "text": "SavedCartOccModule",
                  "canonicalReference": "@spartacus/cart_saved-cart_occ!SavedCartOccModule:class"
                },
                {
                  "kind": "Content",
                  "text": ">"
                },
                {
                  "kind": "Content",
                  "text": ";"
                }
              ],
              "isOptional": false,
              "releaseTag": "Public",
              "name": "ɵinj",
              "propertyTypeTokenRange": {
                "startIndex": 1,
                "endIndex": 6
              },
              "isStatic": true
            },
            {
              "kind": "Property",
              "canonicalReference": "@spartacus/cart_saved-cart_occ!SavedCartOccModule.ɵmod:member",
              "docComment": "",
              "excerptTokens": [
                {
                  "kind": "Content",
                  "text": "static ɵmod: "
                },
                {
                  "kind": "Content",
                  "text": "i0."
                },
                {
                  "kind": "Reference",
                  "text": "ɵɵNgModuleDeclaration",
                  "canonicalReference": "@angular/core!ɵɵNgModuleDeclaration:type"
                },
                {
                  "kind": "Content",
                  "text": "<"
                },
                {
                  "kind": "Reference",
                  "text": "SavedCartOccModule",
                  "canonicalReference": "@spartacus/cart_saved-cart_occ!SavedCartOccModule:class"
                },
                {
                  "kind": "Content",
                  "text": ", never, [typeof i1."
                },
                {
                  "kind": "Reference",
                  "text": "CommonModule",
                  "canonicalReference": "@angular/common!CommonModule:class"
                },
                {
                  "kind": "Content",
                  "text": "], never>"
                },
                {
                  "kind": "Content",
                  "text": ";"
                }
              ],
              "isOptional": false,
              "releaseTag": "Public",
              "name": "ɵmod",
              "propertyTypeTokenRange": {
                "startIndex": 1,
                "endIndex": 8
              },
              "isStatic": true
            }
          ],
          "implementsTokenRanges": []
        }
      ]
    }
  ]
}
