{
  "metadata": {
    "toolPackage": "@microsoft/api-extractor",
    "toolVersion": "7.19.4",
    "schemaVersion": 1004,
    "oldestForwardsCompatibleVersion": 1001,
    "tsdocConfig": {
      "$schema": "https://developer.microsoft.com/json-schemas/tsdoc/v0/tsdoc.schema.json",
      "noStandardTags": true,
      "tagDefinitions": [
        {
          "tagName": "@alpha",
          "syntaxKind": "modifier"
        },
        {
          "tagName": "@beta",
          "syntaxKind": "modifier"
        },
        {
          "tagName": "@defaultValue",
          "syntaxKind": "block"
        },
        {
          "tagName": "@decorator",
          "syntaxKind": "block",
          "allowMultiple": true
        },
        {
          "tagName": "@deprecated",
          "syntaxKind": "block"
        },
        {
          "tagName": "@eventProperty",
          "syntaxKind": "modifier"
        },
        {
          "tagName": "@example",
          "syntaxKind": "block",
          "allowMultiple": true
        },
        {
          "tagName": "@experimental",
          "syntaxKind": "modifier"
        },
        {
          "tagName": "@inheritDoc",
          "syntaxKind": "inline"
        },
        {
          "tagName": "@internal",
          "syntaxKind": "modifier"
        },
        {
          "tagName": "@label",
          "syntaxKind": "inline"
        },
        {
          "tagName": "@link",
          "syntaxKind": "inline",
          "allowMultiple": true
        },
        {
          "tagName": "@override",
          "syntaxKind": "modifier"
        },
        {
          "tagName": "@packageDocumentation",
          "syntaxKind": "modifier"
        },
        {
          "tagName": "@param",
          "syntaxKind": "block",
          "allowMultiple": true
        },
        {
          "tagName": "@privateRemarks",
          "syntaxKind": "block"
        },
        {
          "tagName": "@public",
          "syntaxKind": "modifier"
        },
        {
          "tagName": "@readonly",
          "syntaxKind": "modifier"
        },
        {
          "tagName": "@remarks",
          "syntaxKind": "block"
        },
        {
          "tagName": "@returns",
          "syntaxKind": "block"
        },
        {
          "tagName": "@sealed",
          "syntaxKind": "modifier"
        },
        {
          "tagName": "@see",
          "syntaxKind": "block"
        },
        {
          "tagName": "@throws",
          "syntaxKind": "block",
          "allowMultiple": true
        },
        {
          "tagName": "@typeParam",
          "syntaxKind": "block",
          "allowMultiple": true
        },
        {
          "tagName": "@virtual",
          "syntaxKind": "modifier"
        },
        {
          "tagName": "@betaDocumentation",
          "syntaxKind": "modifier"
        },
        {
          "tagName": "@internalRemarks",
          "syntaxKind": "block"
        },
        {
          "tagName": "@preapproved",
          "syntaxKind": "modifier"
        }
      ],
      "supportForTags": {
        "@alpha": true,
        "@beta": true,
        "@defaultValue": true,
        "@decorator": true,
        "@deprecated": true,
        "@eventProperty": true,
        "@example": true,
        "@experimental": true,
        "@inheritDoc": true,
        "@internal": true,
        "@label": true,
        "@link": true,
        "@override": true,
        "@packageDocumentation": true,
        "@param": true,
        "@privateRemarks": true,
        "@public": true,
        "@readonly": true,
        "@remarks": true,
        "@returns": true,
        "@sealed": true,
        "@see": true,
        "@throws": true,
        "@typeParam": true,
        "@virtual": true,
        "@betaDocumentation": true,
        "@internalRemarks": true,
        "@preapproved": true
      }
    }
  },
  "kind": "Package",
  "canonicalReference": "@spartacus/cart_quick-order_core!",
  "docComment": "",
  "name": "@spartacus/cart_quick-order_core",
  "members": [
    {
      "kind": "EntryPoint",
      "canonicalReference": "@spartacus/cart_quick-order_core!",
      "name": "",
      "members": [
        {
          "kind": "Interface",
          "canonicalReference": "@spartacus/cart_quick-order_core!CmsQuickOrderComponent:interface",
          "docComment": "",
          "excerptTokens": [
            {
              "kind": "Content",
              "text": "export interface CmsQuickOrderComponent extends "
            },
            {
              "kind": "Reference",
              "text": "CmsComponent",
              "canonicalReference": "@spartacus/cart_quick-order_core!CmsComponent:interface"
            },
            {
              "kind": "Content",
              "text": " "
            }
          ],
          "releaseTag": "Public",
          "name": "CmsQuickOrderComponent",
          "members": [
            {
              "kind": "PropertySignature",
              "canonicalReference": "@spartacus/cart_quick-order_core!CmsQuickOrderComponent#quickOrderListLimit:member",
              "docComment": "",
              "excerptTokens": [
                {
                  "kind": "Content",
                  "text": "quickOrderListLimit?: "
                },
                {
                  "kind": "Content",
                  "text": "number"
                },
                {
                  "kind": "Content",
                  "text": ";"
                }
              ],
              "isOptional": true,
              "releaseTag": "Public",
              "name": "quickOrderListLimit",
              "propertyTypeTokenRange": {
                "startIndex": 1,
                "endIndex": 2
              }
            }
          ],
          "extendsTokenRanges": [
            {
              "startIndex": 1,
              "endIndex": 3
            }
          ]
        },
        {
          "kind": "Class",
          "canonicalReference": "@spartacus/cart_quick-order_core!QuickOrderCoreModule:class",
          "docComment": "",
          "excerptTokens": [
            {
              "kind": "Content",
              "text": "export declare class QuickOrderCoreModule "
            }
          ],
          "releaseTag": "Public",
          "name": "QuickOrderCoreModule",
          "members": [
            {
              "kind": "Method",
              "canonicalReference": "@spartacus/cart_quick-order_core!QuickOrderCoreModule.forRoot:member(1)",
              "docComment": "",
              "excerptTokens": [
                {
                  "kind": "Content",
                  "text": "static forRoot(): "
                },
                {
                  "kind": "Reference",
                  "text": "ModuleWithProviders",
                  "canonicalReference": "@angular/core!ModuleWithProviders:interface"
                },
                {
                  "kind": "Content",
                  "text": "<"
                },
                {
                  "kind": "Reference",
                  "text": "QuickOrderCoreModule",
                  "canonicalReference": "@spartacus/cart_quick-order_core!QuickOrderCoreModule:class"
                },
                {
                  "kind": "Content",
                  "text": ">"
                },
                {
                  "kind": "Content",
                  "text": ";"
                }
              ],
              "isOptional": false,
              "isStatic": true,
              "returnTypeTokenRange": {
                "startIndex": 1,
                "endIndex": 5
              },
              "releaseTag": "Public",
              "overloadIndex": 1,
              "parameters": [],
              "name": "forRoot"
            },
            {
              "kind": "Property",
              "canonicalReference": "@spartacus/cart_quick-order_core!QuickOrderCoreModule.ɵfac:member",
              "docComment": "",
              "excerptTokens": [
                {
                  "kind": "Content",
                  "text": "static ɵfac: "
                },
                {
                  "kind": "Content",
                  "text": "i0."
                },
                {
                  "kind": "Reference",
                  "text": "ɵɵFactoryDeclaration",
                  "canonicalReference": "@angular/core!ɵɵFactoryDeclaration:type"
                },
                {
                  "kind": "Content",
                  "text": "<"
                },
                {
                  "kind": "Reference",
                  "text": "QuickOrderCoreModule",
                  "canonicalReference": "@spartacus/cart_quick-order_core!QuickOrderCoreModule:class"
                },
                {
                  "kind": "Content",
                  "text": ", never>"
                },
                {
                  "kind": "Content",
                  "text": ";"
                }
              ],
              "isOptional": false,
              "releaseTag": "Public",
              "name": "ɵfac",
              "propertyTypeTokenRange": {
                "startIndex": 1,
                "endIndex": 6
              },
              "isStatic": true
            },
            {
              "kind": "Property",
              "canonicalReference": "@spartacus/cart_quick-order_core!QuickOrderCoreModule.ɵinj:member",
              "docComment": "",
              "excerptTokens": [
                {
                  "kind": "Content",
                  "text": "static ɵinj: "
                },
                {
                  "kind": "Content",
                  "text": "i0."
                },
                {
                  "kind": "Reference",
                  "text": "ɵɵInjectorDeclaration",
                  "canonicalReference": "@angular/core!ɵɵInjectorDeclaration:type"
                },
                {
                  "kind": "Content",
                  "text": "<"
                },
                {
                  "kind": "Reference",
                  "text": "QuickOrderCoreModule",
                  "canonicalReference": "@spartacus/cart_quick-order_core!QuickOrderCoreModule:class"
                },
                {
                  "kind": "Content",
                  "text": ">"
                },
                {
                  "kind": "Content",
                  "text": ";"
                }
              ],
              "isOptional": false,
              "releaseTag": "Public",
              "name": "ɵinj",
              "propertyTypeTokenRange": {
                "startIndex": 1,
                "endIndex": 6
              },
              "isStatic": true
            },
            {
              "kind": "Property",
              "canonicalReference": "@spartacus/cart_quick-order_core!QuickOrderCoreModule.ɵmod:member",
              "docComment": "",
              "excerptTokens": [
                {
                  "kind": "Content",
                  "text": "static ɵmod: "
                },
                {
                  "kind": "Content",
                  "text": "i0."
                },
                {
                  "kind": "Reference",
                  "text": "ɵɵNgModuleDeclaration",
                  "canonicalReference": "@angular/core!ɵɵNgModuleDeclaration:type"
                },
                {
                  "kind": "Content",
                  "text": "<"
                },
                {
                  "kind": "Reference",
                  "text": "QuickOrderCoreModule",
                  "canonicalReference": "@spartacus/cart_quick-order_core!QuickOrderCoreModule:class"
                },
                {
                  "kind": "Content",
                  "text": ", never, never, never>"
                },
                {
                  "kind": "Content",
                  "text": ";"
                }
              ],
              "isOptional": false,
              "releaseTag": "Public",
              "name": "ɵmod",
              "propertyTypeTokenRange": {
                "startIndex": 1,
                "endIndex": 6
              },
              "isStatic": true
            }
          ],
          "implementsTokenRanges": []
        },
        {
          "kind": "Class",
          "canonicalReference": "@spartacus/cart_quick-order_core!QuickOrderService:class",
          "docComment": "",
          "excerptTokens": [
            {
              "kind": "Content",
              "text": "export declare class QuickOrderService implements "
            },
            {
              "kind": "Reference",
              "text": "QuickOrderFacade",
              "canonicalReference": "@spartacus/cart_quick-order_core!QuickOrderFacade:class"
            },
            {
              "kind": "Content",
              "text": ", "
            },
            {
              "kind": "Reference",
              "text": "OnDestroy",
              "canonicalReference": "@angular/core!OnDestroy:interface"
            },
            {
              "kind": "Content",
              "text": " "
            }
          ],
          "releaseTag": "Public",
          "name": "QuickOrderService",
          "members": [
            {
              "kind": "Constructor",
              "canonicalReference": "@spartacus/cart_quick-order_core!QuickOrderService:constructor(1)",
              "docComment": "/**\n * Constructs a new instance of the `QuickOrderService` class\n */\n",
              "excerptTokens": [
                {
                  "kind": "Content",
                  "text": "constructor(activeCartService: "
                },
                {
                  "kind": "Reference",
                  "text": "ActiveCartFacade",
                  "canonicalReference": "@spartacus/cart_quick-order_core!ActiveCartFacade:class"
                },
                {
                  "kind": "Content",
                  "text": ", config: "
                },
                {
                  "kind": "Reference",
                  "text": "Config",
                  "canonicalReference": "@spartacus/cart_quick-order_core!Config:class"
                },
                {
                  "kind": "Content",
                  "text": ", eventService: "
                },
                {
                  "kind": "Reference",
                  "text": "EventService",
                  "canonicalReference": "@spartacus/cart_quick-order_core!EventService:class"
                },
                {
                  "kind": "Content",
                  "text": ", productSearchConnector: "
                },
                {
                  "kind": "Reference",
                  "text": "ProductSearchConnector",
                  "canonicalReference": "@spartacus/cart_quick-order_core!ProductSearchConnector:class"
                },
                {
                  "kind": "Content",
                  "text": ");"
                }
              ],
              "releaseTag": "Public",
              "overloadIndex": 1,
              "parameters": [
                {
                  "parameterName": "activeCartService",
                  "parameterTypeTokenRange": {
                    "startIndex": 1,
                    "endIndex": 2
                  }
                },
                {
                  "parameterName": "config",
                  "parameterTypeTokenRange": {
                    "startIndex": 3,
                    "endIndex": 4
                  }
                },
                {
                  "parameterName": "eventService",
                  "parameterTypeTokenRange": {
                    "startIndex": 5,
                    "endIndex": 6
                  }
                },
                {
                  "parameterName": "productSearchConnector",
                  "parameterTypeTokenRange": {
                    "startIndex": 7,
                    "endIndex": 8
                  }
                }
              ]
            },
            {
              "kind": "Property",
              "canonicalReference": "@spartacus/cart_quick-order_core!QuickOrderService#activeCartService:member",
              "docComment": "",
              "excerptTokens": [
                {
                  "kind": "Content",
                  "text": "protected activeCartService: "
                },
                {
                  "kind": "Reference",
                  "text": "ActiveCartFacade",
                  "canonicalReference": "@spartacus/cart_quick-order_core!ActiveCartFacade:class"
                },
                {
                  "kind": "Content",
                  "text": ";"
                }
              ],
              "isOptional": false,
              "releaseTag": "Public",
              "name": "activeCartService",
              "propertyTypeTokenRange": {
                "startIndex": 1,
                "endIndex": 2
              },
              "isStatic": false
            },
            {
              "kind": "Method",
              "canonicalReference": "@spartacus/cart_quick-order_core!QuickOrderService#addEntry:member(1)",
              "docComment": "/**\n * Add single entry to the list\n */\n",
              "excerptTokens": [
                {
                  "kind": "Content",
                  "text": "protected addEntry(entry: "
                },
                {
                  "kind": "Reference",
                  "text": "OrderEntry",
                  "canonicalReference": "@spartacus/cart_quick-order_core!OrderEntry:interface"
                },
                {
                  "kind": "Content",
                  "text": "): "
                },
                {
                  "kind": "Content",
                  "text": "void"
                },
                {
                  "kind": "Content",
                  "text": ";"
                }
              ],
              "isOptional": false,
              "isStatic": false,
              "returnTypeTokenRange": {
                "startIndex": 3,
                "endIndex": 4
              },
              "releaseTag": "Public",
              "overloadIndex": 1,
              "parameters": [
                {
                  "parameterName": "entry",
                  "parameterTypeTokenRange": {
                    "startIndex": 1,
                    "endIndex": 2
                  }
                }
              ],
              "name": "addEntry"
            },
            {
              "kind": "Method",
              "canonicalReference": "@spartacus/cart_quick-order_core!QuickOrderService#addProduct:member(1)",
              "docComment": "/**\n * Add product to the quick order list\n */\n",
              "excerptTokens": [
                {
                  "kind": "Content",
                  "text": "addProduct(product: "
                },
                {
                  "kind": "Reference",
                  "text": "Product",
                  "canonicalReference": "@spartacus/cart_quick-order_core!Product:interface"
                },
                {
                  "kind": "Content",
                  "text": ", quantity?: "
                },
                {
                  "kind": "Content",
                  "text": "number"
                },
                {
                  "kind": "Content",
                  "text": "): "
                },
                {
                  "kind": "Content",
                  "text": "void"
                },
                {
                  "kind": "Content",
                  "text": ";"
                }
              ],
              "isOptional": false,
              "isStatic": false,
              "returnTypeTokenRange": {
                "startIndex": 5,
                "endIndex": 6
              },
              "releaseTag": "Public",
              "overloadIndex": 1,
              "parameters": [
                {
                  "parameterName": "product",
                  "parameterTypeTokenRange": {
                    "startIndex": 1,
                    "endIndex": 2
                  }
                },
                {
                  "parameterName": "quantity",
                  "parameterTypeTokenRange": {
                    "startIndex": 3,
                    "endIndex": 4
                  }
                }
              ],
              "name": "addProduct"
            },
            {
              "kind": "Method",
              "canonicalReference": "@spartacus/cart_quick-order_core!QuickOrderService#addSoftEntryDeletion:member(1)",
              "docComment": "/**\n * Add soft deleted entry to the cached list\n */\n",
              "excerptTokens": [
                {
                  "kind": "Content",
                  "text": "protected addSoftEntryDeletion(entry: "
                },
                {
                  "kind": "Reference",
                  "text": "OrderEntry",
                  "canonicalReference": "@spartacus/cart_quick-order_core!OrderEntry:interface"
                },
                {
                  "kind": "Content",
                  "text": ", clearTimeout?: "
                },
                {
                  "kind": "Content",
                  "text": "boolean"
                },
                {
                  "kind": "Content",
                  "text": "): "
                },
                {
                  "kind": "Content",
                  "text": "void"
                },
                {
                  "kind": "Content",
                  "text": ";"
                }
              ],
              "isOptional": false,
              "isStatic": false,
              "returnTypeTokenRange": {
                "startIndex": 5,
                "endIndex": 6
              },
              "releaseTag": "Public",
              "overloadIndex": 1,
              "parameters": [
                {
                  "parameterName": "entry",
                  "parameterTypeTokenRange": {
                    "startIndex": 1,
                    "endIndex": 2
                  }
                },
                {
                  "parameterName": "clearTimeout",
                  "parameterTypeTokenRange": {
                    "startIndex": 3,
                    "endIndex": 4
                  }
                }
              ],
              "name": "addSoftEntryDeletion"
            },
            {
              "kind": "Method",
              "canonicalReference": "@spartacus/cart_quick-order_core!QuickOrderService#addToCart:member(1)",
              "docComment": "/**\n * Adding to cart all products from the list\n */\n",
              "excerptTokens": [
                {
                  "kind": "Content",
                  "text": "addToCart(): "
                },
                {
                  "kind": "Reference",
                  "text": "Observable",
                  "canonicalReference": "rxjs!Observable:class"
                },
                {
                  "kind": "Content",
                  "text": "<["
                },
                {
                  "kind": "Reference",
                  "text": "OrderEntry",
                  "canonicalReference": "@spartacus/cart_quick-order_core!OrderEntry:interface"
                },
                {
                  "kind": "Content",
                  "text": "[], "
                },
                {
                  "kind": "Reference",
                  "text": "QuickOrderAddEntryEvent",
                  "canonicalReference": "@spartacus/cart_quick-order_core!QuickOrderAddEntryEvent:type"
                },
                {
                  "kind": "Content",
                  "text": "[]]>"
                },
                {
                  "kind": "Content",
                  "text": ";"
                }
              ],
              "isOptional": false,
              "isStatic": false,
              "returnTypeTokenRange": {
                "startIndex": 1,
                "endIndex": 7
              },
              "releaseTag": "Public",
              "overloadIndex": 1,
              "parameters": [],
              "name": "addToCart"
            },
            {
              "kind": "Method",
              "canonicalReference": "@spartacus/cart_quick-order_core!QuickOrderService#canAdd:member(1)",
              "docComment": "/**\n * Get information about the possibility to add the next product\n */\n",
              "excerptTokens": [
                {
                  "kind": "Content",
                  "text": "canAdd(code?: "
                },
                {
                  "kind": "Content",
                  "text": "string"
                },
                {
                  "kind": "Content",
                  "text": "): "
                },
                {
                  "kind": "Reference",
                  "text": "Observable",
                  "canonicalReference": "rxjs!Observable:class"
                },
                {
                  "kind": "Content",
                  "text": "<boolean>"
                },
                {
                  "kind": "Content",
                  "text": ";"
                }
              ],
              "isOptional": false,
              "isStatic": false,
              "returnTypeTokenRange": {
                "startIndex": 3,
                "endIndex": 5
              },
              "releaseTag": "Public",
              "overloadIndex": 1,
              "parameters": [
                {
                  "parameterName": "code",
                  "parameterTypeTokenRange": {
                    "startIndex": 1,
                    "endIndex": 2
                  }
                }
              ],
              "name": "canAdd"
            },
            {
              "kind": "Method",
              "canonicalReference": "@spartacus/cart_quick-order_core!QuickOrderService#clearDeletedEntries:member(1)",
              "docComment": "/**\n * Clear all deleted entries and timeout subscriptions\n */\n",
              "excerptTokens": [
                {
                  "kind": "Content",
                  "text": "clearDeletedEntries(): "
                },
                {
                  "kind": "Content",
                  "text": "void"
                },
                {
                  "kind": "Content",
                  "text": ";"
                }
              ],
              "isOptional": false,
              "isStatic": false,
              "returnTypeTokenRange": {
                "startIndex": 1,
                "endIndex": 2
              },
              "releaseTag": "Public",
              "overloadIndex": 1,
              "parameters": [],
              "name": "clearDeletedEntries"
            },
            {
              "kind": "Method",
              "canonicalReference": "@spartacus/cart_quick-order_core!QuickOrderService#clearDeleteTimeout:member(1)",
              "docComment": "",
              "excerptTokens": [
                {
                  "kind": "Content",
                  "text": "protected clearDeleteTimeout(productCode: "
                },
                {
                  "kind": "Content",
                  "text": "string"
                },
                {
                  "kind": "Content",
                  "text": "): "
                },
                {
                  "kind": "Content",
                  "text": "void"
                },
                {
                  "kind": "Content",
                  "text": ";"
                }
              ],
              "isOptional": false,
              "isStatic": false,
              "returnTypeTokenRange": {
                "startIndex": 3,
                "endIndex": 4
              },
              "releaseTag": "Public",
              "overloadIndex": 1,
              "parameters": [
                {
                  "parameterName": "productCode",
                  "parameterTypeTokenRange": {
                    "startIndex": 1,
                    "endIndex": 2
                  }
                }
              ],
              "name": "clearDeleteTimeout"
            },
            {
              "kind": "Property",
              "canonicalReference": "@spartacus/cart_quick-order_core!QuickOrderService#clearDeleteTimeouts:member",
              "docComment": "",
              "excerptTokens": [
                {
                  "kind": "Content",
                  "text": "protected clearDeleteTimeouts: "
                },
                {
                  "kind": "Reference",
                  "text": "Record",
                  "canonicalReference": "!Record:type"
                },
                {
                  "kind": "Content",
                  "text": "<string, "
                },
                {
                  "kind": "Reference",
                  "text": "Subscription",
                  "canonicalReference": "rxjs!Subscription:class"
                },
                {
                  "kind": "Content",
                  "text": ">"
                },
                {
                  "kind": "Content",
                  "text": ";"
                }
              ],
              "isOptional": false,
              "releaseTag": "Public",
              "name": "clearDeleteTimeouts",
              "propertyTypeTokenRange": {
                "startIndex": 1,
                "endIndex": 5
              },
              "isStatic": false
            },
            {
              "kind": "Method",
              "canonicalReference": "@spartacus/cart_quick-order_core!QuickOrderService#clearList:member(1)",
              "docComment": "/**\n * Clear a list of added entries\n */\n",
              "excerptTokens": [
                {
                  "kind": "Content",
                  "text": "clearList(): "
                },
                {
                  "kind": "Content",
                  "text": "void"
                },
                {
                  "kind": "Content",
                  "text": ";"
                }
              ],
              "isOptional": false,
              "isStatic": false,
              "returnTypeTokenRange": {
                "startIndex": 1,
                "endIndex": 2
              },
              "releaseTag": "Public",
              "overloadIndex": 1,
              "parameters": [],
              "name": "clearList"
            },
            {
              "kind": "Method",
              "canonicalReference": "@spartacus/cart_quick-order_core!QuickOrderService#clearNonPurchasableProductError:member(1)",
              "docComment": "/**\n * Clear not purchasable product error\n */\n",
              "excerptTokens": [
                {
                  "kind": "Content",
                  "text": "clearNonPurchasableProductError(): "
                },
                {
                  "kind": "Content",
                  "text": "void"
                },
                {
                  "kind": "Content",
                  "text": ";"
                }
              ],
              "isOptional": false,
              "isStatic": false,
              "returnTypeTokenRange": {
                "startIndex": 1,
                "endIndex": 2
              },
              "releaseTag": "Public",
              "overloadIndex": 1,
              "parameters": [],
              "name": "clearNonPurchasableProductError"
            },
            {
              "kind": "Property",
              "canonicalReference": "@spartacus/cart_quick-order_core!QuickOrderService#config:member",
              "docComment": "",
              "excerptTokens": [
                {
                  "kind": "Content",
                  "text": "protected config: "
                },
                {
                  "kind": "Reference",
                  "text": "Config",
                  "canonicalReference": "@spartacus/cart_quick-order_core!Config:class"
                },
                {
                  "kind": "Content",
                  "text": ";"
                }
              ],
              "isOptional": false,
              "releaseTag": "Public",
              "name": "config",
              "propertyTypeTokenRange": {
                "startIndex": 1,
                "endIndex": 2
              },
              "isStatic": false
            },
            {
              "kind": "Property",
              "canonicalReference": "@spartacus/cart_quick-order_core!QuickOrderService#entries$:member",
              "docComment": "",
              "excerptTokens": [
                {
                  "kind": "Content",
                  "text": "protected entries$: "
                },
                {
                  "kind": "Reference",
                  "text": "BehaviorSubject",
                  "canonicalReference": "rxjs!BehaviorSubject:class"
                },
                {
                  "kind": "Content",
                  "text": "<"
                },
                {
                  "kind": "Reference",
                  "text": "OrderEntry",
                  "canonicalReference": "@spartacus/cart_quick-order_core!OrderEntry:interface"
                },
                {
                  "kind": "Content",
                  "text": "[]>"
                },
                {
                  "kind": "Content",
                  "text": ";"
                }
              ],
              "isOptional": false,
              "releaseTag": "Public",
              "name": "entries$",
              "propertyTypeTokenRange": {
                "startIndex": 1,
                "endIndex": 5
              },
              "isStatic": false
            },
            {
              "kind": "Property",
              "canonicalReference": "@spartacus/cart_quick-order_core!QuickOrderService#eventService:member",
              "docComment": "",
              "excerptTokens": [
                {
                  "kind": "Content",
                  "text": "protected eventService: "
                },
                {
                  "kind": "Reference",
                  "text": "EventService",
                  "canonicalReference": "@spartacus/cart_quick-order_core!EventService:class"
                },
                {
                  "kind": "Content",
                  "text": ";"
                }
              ],
              "isOptional": false,
              "releaseTag": "Public",
              "name": "eventService",
              "propertyTypeTokenRange": {
                "startIndex": 1,
                "endIndex": 2
              },
              "isStatic": false
            },
            {
              "kind": "Method",
              "canonicalReference": "@spartacus/cart_quick-order_core!QuickOrderService#generateOrderEntry:member(1)",
              "docComment": "/**\n * Generate Order Entry from Product\n */\n",
              "excerptTokens": [
                {
                  "kind": "Content",
                  "text": "protected generateOrderEntry(product: "
                },
                {
                  "kind": "Reference",
                  "text": "Product",
                  "canonicalReference": "@spartacus/cart_quick-order_core!Product:interface"
                },
                {
                  "kind": "Content",
                  "text": ", quantity?: "
                },
                {
                  "kind": "Content",
                  "text": "number"
                },
                {
                  "kind": "Content",
                  "text": "): "
                },
                {
                  "kind": "Reference",
                  "text": "OrderEntry",
                  "canonicalReference": "@spartacus/cart_quick-order_core!OrderEntry:interface"
                },
                {
                  "kind": "Content",
                  "text": ";"
                }
              ],
              "isOptional": false,
              "isStatic": false,
              "returnTypeTokenRange": {
                "startIndex": 5,
                "endIndex": 6
              },
              "releaseTag": "Public",
              "overloadIndex": 1,
              "parameters": [
                {
                  "parameterName": "product",
                  "parameterTypeTokenRange": {
                    "startIndex": 1,
                    "endIndex": 2
                  }
                },
                {
                  "parameterName": "quantity",
                  "parameterTypeTokenRange": {
                    "startIndex": 3,
                    "endIndex": 4
                  }
                }
              ],
              "name": "generateOrderEntry"
            },
            {
              "kind": "Method",
              "canonicalReference": "@spartacus/cart_quick-order_core!QuickOrderService#getEntries:member(1)",
              "docComment": "/**\n * Get entries\n */\n",
              "excerptTokens": [
                {
                  "kind": "Content",
                  "text": "getEntries(): "
                },
                {
                  "kind": "Reference",
                  "text": "BehaviorSubject",
                  "canonicalReference": "rxjs!BehaviorSubject:class"
                },
                {
                  "kind": "Content",
                  "text": "<"
                },
                {
                  "kind": "Reference",
                  "text": "OrderEntry",
                  "canonicalReference": "@spartacus/cart_quick-order_core!OrderEntry:interface"
                },
                {
                  "kind": "Content",
                  "text": "[]>"
                },
                {
                  "kind": "Content",
                  "text": ";"
                }
              ],
              "isOptional": false,
              "isStatic": false,
              "returnTypeTokenRange": {
                "startIndex": 1,
                "endIndex": 5
              },
              "releaseTag": "Public",
              "overloadIndex": 1,
              "parameters": [],
              "name": "getEntries"
            },
            {
              "kind": "Method",
              "canonicalReference": "@spartacus/cart_quick-order_core!QuickOrderService#getNonPurchasableProductError:member(1)",
              "docComment": "/**\n * Return non purchasable product error\n */\n",
              "excerptTokens": [
                {
                  "kind": "Content",
                  "text": "getNonPurchasableProductError(): "
                },
                {
                  "kind": "Reference",
                  "text": "Observable",
                  "canonicalReference": "rxjs!Observable:class"
                },
                {
                  "kind": "Content",
                  "text": "<"
                },
                {
                  "kind": "Reference",
                  "text": "Product",
                  "canonicalReference": "@spartacus/cart_quick-order_core!Product:interface"
                },
                {
                  "kind": "Content",
                  "text": " | null>"
                },
                {
                  "kind": "Content",
                  "text": ";"
                }
              ],
              "isOptional": false,
              "isStatic": false,
              "returnTypeTokenRange": {
                "startIndex": 1,
                "endIndex": 5
              },
              "releaseTag": "Public",
              "overloadIndex": 1,
              "parameters": [],
              "name": "getNonPurchasableProductError"
            },
            {
              "kind": "Method",
              "canonicalReference": "@spartacus/cart_quick-order_core!QuickOrderService#getProductAdded:member(1)",
              "docComment": "/**\n * Return product added subject\n */\n",
              "excerptTokens": [
                {
                  "kind": "Content",
                  "text": "getProductAdded(): "
                },
                {
                  "kind": "Reference",
                  "text": "Subject",
                  "canonicalReference": "rxjs!Subject:class"
                },
                {
                  "kind": "Content",
                  "text": "<string>"
                },
                {
                  "kind": "Content",
                  "text": ";"
                }
              ],
              "isOptional": false,
              "isStatic": false,
              "returnTypeTokenRange": {
                "startIndex": 1,
                "endIndex": 3
              },
              "releaseTag": "Public",
              "overloadIndex": 1,
              "parameters": [],
              "name": "getProductAdded"
            },
            {
              "kind": "Method",
              "canonicalReference": "@spartacus/cart_quick-order_core!QuickOrderService#getSoftDeletedEntries:member(1)",
              "docComment": "/**\n * Return soft deleted entries\n */\n",
              "excerptTokens": [
                {
                  "kind": "Content",
                  "text": "getSoftDeletedEntries(): "
                },
                {
                  "kind": "Reference",
                  "text": "Observable",
                  "canonicalReference": "rxjs!Observable:class"
                },
                {
                  "kind": "Content",
                  "text": "<"
                },
                {
                  "kind": "Reference",
                  "text": "Record",
                  "canonicalReference": "!Record:type"
                },
                {
                  "kind": "Content",
                  "text": "<string, "
                },
                {
                  "kind": "Reference",
                  "text": "OrderEntry",
                  "canonicalReference": "@spartacus/cart_quick-order_core!OrderEntry:interface"
                },
                {
                  "kind": "Content",
                  "text": ">>"
                },
                {
                  "kind": "Content",
                  "text": ";"
                }
              ],
              "isOptional": false,
              "isStatic": false,
              "returnTypeTokenRange": {
                "startIndex": 1,
                "endIndex": 7
              },
              "releaseTag": "Public",
              "overloadIndex": 1,
              "parameters": [],
              "name": "getSoftDeletedEntries"
            },
            {
              "kind": "Method",
              "canonicalReference": "@spartacus/cart_quick-order_core!QuickOrderService#getSoftDeletedEntry:member(1)",
              "docComment": "/**\n * Get soft deletion entry\n */\n",
              "excerptTokens": [
                {
                  "kind": "Content",
                  "text": "protected getSoftDeletedEntry(productCode: "
                },
                {
                  "kind": "Content",
                  "text": "string"
                },
                {
                  "kind": "Content",
                  "text": "): "
                },
                {
                  "kind": "Reference",
                  "text": "OrderEntry",
                  "canonicalReference": "@spartacus/cart_quick-order_core!OrderEntry:interface"
                },
                {
                  "kind": "Content",
                  "text": ";"
                }
              ],
              "isOptional": false,
              "isStatic": false,
              "returnTypeTokenRange": {
                "startIndex": 3,
                "endIndex": 4
              },
              "releaseTag": "Public",
              "overloadIndex": 1,
              "parameters": [
                {
                  "parameterName": "productCode",
                  "parameterTypeTokenRange": {
                    "startIndex": 1,
                    "endIndex": 2
                  }
                }
              ],
              "name": "getSoftDeletedEntry"
            },
            {
              "kind": "Method",
              "canonicalReference": "@spartacus/cart_quick-order_core!QuickOrderService#hardDeleteEntry:member(1)",
              "docComment": "/**\n * Clear deleted entry from the list\n */\n",
              "excerptTokens": [
                {
                  "kind": "Content",
                  "text": "hardDeleteEntry(productCode: "
                },
                {
                  "kind": "Content",
                  "text": "string"
                },
                {
                  "kind": "Content",
                  "text": "): "
                },
                {
                  "kind": "Content",
                  "text": "void"
                },
                {
                  "kind": "Content",
                  "text": ";"
                }
              ],
              "isOptional": false,
              "isStatic": false,
              "returnTypeTokenRange": {
                "startIndex": 3,
                "endIndex": 4
              },
              "releaseTag": "Public",
              "overloadIndex": 1,
              "parameters": [
                {
                  "parameterName": "productCode",
                  "parameterTypeTokenRange": {
                    "startIndex": 1,
                    "endIndex": 2
                  }
                }
              ],
              "name": "hardDeleteEntry"
            },
            {
              "kind": "Property",
              "canonicalReference": "@spartacus/cart_quick-order_core!QuickOrderService#hardDeleteTimeout:member",
              "docComment": "",
              "excerptTokens": [
                {
                  "kind": "Content",
                  "text": "protected hardDeleteTimeout: "
                },
                {
                  "kind": "Content",
                  "text": "number"
                },
                {
                  "kind": "Content",
                  "text": ";"
                }
              ],
              "isOptional": false,
              "releaseTag": "Public",
              "name": "hardDeleteTimeout",
              "propertyTypeTokenRange": {
                "startIndex": 1,
                "endIndex": 2
              },
              "isStatic": false
            },
            {
              "kind": "Method",
              "canonicalReference": "@spartacus/cart_quick-order_core!QuickOrderService#isLimitExceeded:member(1)",
              "docComment": "",
              "excerptTokens": [
                {
                  "kind": "Content",
                  "text": "protected isLimitExceeded(): "
                },
                {
                  "kind": "Content",
                  "text": "boolean"
                },
                {
                  "kind": "Content",
                  "text": ";"
                }
              ],
              "isOptional": false,
              "isStatic": false,
              "returnTypeTokenRange": {
                "startIndex": 1,
                "endIndex": 2
              },
              "releaseTag": "Public",
              "overloadIndex": 1,
              "parameters": [],
              "name": "isLimitExceeded"
            },
            {
              "kind": "Method",
              "canonicalReference": "@spartacus/cart_quick-order_core!QuickOrderService#isProductOnTheList:member(1)",
              "docComment": "/**\n * Verify if product is already on the list\n */\n",
              "excerptTokens": [
                {
                  "kind": "Content",
                  "text": "protected isProductOnTheList(productCode: "
                },
                {
                  "kind": "Content",
                  "text": "string"
                },
                {
                  "kind": "Content",
                  "text": "): "
                },
                {
                  "kind": "Content",
                  "text": "boolean"
                },
                {
                  "kind": "Content",
                  "text": ";"
                }
              ],
              "isOptional": false,
              "isStatic": false,
              "returnTypeTokenRange": {
                "startIndex": 3,
                "endIndex": 4
              },
              "releaseTag": "Public",
              "overloadIndex": 1,
              "parameters": [
                {
                  "parameterName": "productCode",
                  "parameterTypeTokenRange": {
                    "startIndex": 1,
                    "endIndex": 2
                  }
                }
              ],
              "name": "isProductOnTheList"
            },
            {
              "kind": "Method",
              "canonicalReference": "@spartacus/cart_quick-order_core!QuickOrderService#loadEntries:member(1)",
              "docComment": "/**\n * Load a list of entries\n */\n",
              "excerptTokens": [
                {
                  "kind": "Content",
                  "text": "loadEntries(entries?: "
                },
                {
                  "kind": "Reference",
                  "text": "OrderEntry",
                  "canonicalReference": "@spartacus/cart_quick-order_core!OrderEntry:interface"
                },
                {
                  "kind": "Content",
                  "text": "[]"
                },
                {
                  "kind": "Content",
                  "text": "): "
                },
                {
                  "kind": "Content",
                  "text": "void"
                },
                {
                  "kind": "Content",
                  "text": ";"
                }
              ],
              "isOptional": false,
              "isStatic": false,
              "returnTypeTokenRange": {
                "startIndex": 4,
                "endIndex": 5
              },
              "releaseTag": "Public",
              "overloadIndex": 1,
              "parameters": [
                {
                  "parameterName": "entries",
                  "parameterTypeTokenRange": {
                    "startIndex": 1,
                    "endIndex": 3
                  }
                }
              ],
              "name": "loadEntries"
            },
            {
              "kind": "Method",
              "canonicalReference": "@spartacus/cart_quick-order_core!QuickOrderService#ngOnDestroy:member(1)",
              "docComment": "",
              "excerptTokens": [
                {
                  "kind": "Content",
                  "text": "ngOnDestroy(): "
                },
                {
                  "kind": "Content",
                  "text": "void"
                },
                {
                  "kind": "Content",
                  "text": ";"
                }
              ],
              "isOptional": false,
              "isStatic": false,
              "returnTypeTokenRange": {
                "startIndex": 1,
                "endIndex": 2
              },
              "releaseTag": "Public",
              "overloadIndex": 1,
              "parameters": [],
              "name": "ngOnDestroy"
            },
            {
              "kind": "Property",
              "canonicalReference": "@spartacus/cart_quick-order_core!QuickOrderService#nonPurchasableProductError$:member",
              "docComment": "",
              "excerptTokens": [
                {
                  "kind": "Content",
                  "text": "protected nonPurchasableProductError$: "
                },
                {
                  "kind": "Reference",
                  "text": "BehaviorSubject",
                  "canonicalReference": "rxjs!BehaviorSubject:class"
                },
                {
                  "kind": "Content",
                  "text": "<"
                },
                {
                  "kind": "Reference",
                  "text": "Product",
                  "canonicalReference": "@spartacus/cart_quick-order_core!Product:interface"
                },
                {
                  "kind": "Content",
                  "text": " | null>"
                },
                {
                  "kind": "Content",
                  "text": ";"
                }
              ],
              "isOptional": false,
              "releaseTag": "Public",
              "name": "nonPurchasableProductError$",
              "propertyTypeTokenRange": {
                "startIndex": 1,
                "endIndex": 5
              },
              "isStatic": false
            },
            {
              "kind": "Property",
              "canonicalReference": "@spartacus/cart_quick-order_core!QuickOrderService.ɵfac:member",
              "docComment": "",
              "excerptTokens": [
                {
                  "kind": "Content",
                  "text": "static ɵfac: "
                },
                {
                  "kind": "Content",
                  "text": "i0."
                },
                {
                  "kind": "Reference",
                  "text": "ɵɵFactoryDeclaration",
                  "canonicalReference": "@angular/core!ɵɵFactoryDeclaration:type"
                },
                {
                  "kind": "Content",
                  "text": "<"
                },
                {
                  "kind": "Reference",
                  "text": "QuickOrderService",
                  "canonicalReference": "@spartacus/cart_quick-order_core!QuickOrderService:class"
                },
                {
                  "kind": "Content",
                  "text": ", never>"
                },
                {
                  "kind": "Content",
                  "text": ";"
                }
              ],
              "isOptional": false,
              "releaseTag": "Public",
              "name": "ɵfac",
              "propertyTypeTokenRange": {
                "startIndex": 1,
                "endIndex": 6
              },
              "isStatic": true
            },
            {
              "kind": "Property",
              "canonicalReference": "@spartacus/cart_quick-order_core!QuickOrderService.ɵprov:member",
              "docComment": "",
              "excerptTokens": [
                {
                  "kind": "Content",
                  "text": "static ɵprov: "
                },
                {
                  "kind": "Content",
                  "text": "i0."
                },
                {
                  "kind": "Reference",
                  "text": "ɵɵInjectableDeclaration",
                  "canonicalReference": "@angular/core!ɵɵInjectableDeclaration:interface"
                },
                {
                  "kind": "Content",
                  "text": "<"
                },
                {
                  "kind": "Reference",
                  "text": "QuickOrderService",
                  "canonicalReference": "@spartacus/cart_quick-order_core!QuickOrderService:class"
                },
                {
                  "kind": "Content",
                  "text": ">"
                },
                {
                  "kind": "Content",
                  "text": ";"
                }
              ],
              "isOptional": false,
              "releaseTag": "Public",
              "name": "ɵprov",
              "propertyTypeTokenRange": {
                "startIndex": 1,
                "endIndex": 6
              },
              "isStatic": true
            },
            {
              "kind": "Property",
              "canonicalReference": "@spartacus/cart_quick-order_core!QuickOrderService#productAdded$:member",
              "docComment": "",
              "excerptTokens": [
                {
                  "kind": "Content",
                  "text": "protected productAdded$: "
                },
                {
                  "kind": "Reference",
                  "text": "Subject",
                  "canonicalReference": "rxjs!Subject:class"
                },
                {
                  "kind": "Content",
                  "text": "<string>"
                },
                {
                  "kind": "Content",
                  "text": ";"
                }
              ],
              "isOptional": false,
              "releaseTag": "Public",
              "name": "productAdded$",
              "propertyTypeTokenRange": {
                "startIndex": 1,
                "endIndex": 3
              },
              "isStatic": false
            },
            {
              "kind": "Property",
              "canonicalReference": "@spartacus/cart_quick-order_core!QuickOrderService#productSearchConnector:member",
              "docComment": "",
              "excerptTokens": [
                {
                  "kind": "Content",
                  "text": "protected productSearchConnector: "
                },
                {
                  "kind": "Reference",
                  "text": "ProductSearchConnector",
                  "canonicalReference": "@spartacus/cart_quick-order_core!ProductSearchConnector:class"
                },
                {
                  "kind": "Content",
                  "text": ";"
                }
              ],
              "isOptional": false,
              "releaseTag": "Public",
              "name": "productSearchConnector",
              "propertyTypeTokenRange": {
                "startIndex": 1,
                "endIndex": 2
              },
              "isStatic": false
            },
            {
              "kind": "Property",
              "canonicalReference": "@spartacus/cart_quick-order_core!QuickOrderService#quickOrderListLimit:member",
              "docComment": "",
              "excerptTokens": [
                {
                  "kind": "Content",
                  "text": "protected quickOrderListLimit: "
                },
                {
                  "kind": "Content",
                  "text": "number"
                },
                {
                  "kind": "Content",
                  "text": ";"
                }
              ],
              "isOptional": false,
              "releaseTag": "Public",
              "name": "quickOrderListLimit",
              "propertyTypeTokenRange": {
                "startIndex": 1,
                "endIndex": 2
              },
              "isStatic": false
            },
            {
              "kind": "Method",
              "canonicalReference": "@spartacus/cart_quick-order_core!QuickOrderService#restoreSoftDeletedEntry:member(1)",
              "docComment": "/**\n * Restore soft deleted entry\n */\n",
              "excerptTokens": [
                {
                  "kind": "Content",
                  "text": "restoreSoftDeletedEntry(productCode: "
                },
                {
                  "kind": "Content",
                  "text": "string"
                },
                {
                  "kind": "Content",
                  "text": "): "
                },
                {
                  "kind": "Content",
                  "text": "void"
                },
                {
                  "kind": "Content",
                  "text": ";"
                }
              ],
              "isOptional": false,
              "isStatic": false,
              "returnTypeTokenRange": {
                "startIndex": 3,
                "endIndex": 4
              },
              "releaseTag": "Public",
              "overloadIndex": 1,
              "parameters": [
                {
                  "parameterName": "productCode",
                  "parameterTypeTokenRange": {
                    "startIndex": 1,
                    "endIndex": 2
                  }
                }
              ],
              "name": "restoreSoftDeletedEntry"
            },
            {
              "kind": "Method",
              "canonicalReference": "@spartacus/cart_quick-order_core!QuickOrderService#searchProducts:member(1)",
              "docComment": "/**\n * Search products using query\n */\n",
              "excerptTokens": [
                {
                  "kind": "Content",
                  "text": "searchProducts(query: "
                },
                {
                  "kind": "Content",
                  "text": "string"
                },
                {
                  "kind": "Content",
                  "text": ", maxProducts?: "
                },
                {
                  "kind": "Content",
                  "text": "number"
                },
                {
                  "kind": "Content",
                  "text": "): "
                },
                {
                  "kind": "Reference",
                  "text": "Observable",
                  "canonicalReference": "rxjs!Observable:class"
                },
                {
                  "kind": "Content",
                  "text": "<"
                },
                {
                  "kind": "Reference",
                  "text": "Product",
                  "canonicalReference": "@spartacus/cart_quick-order_core!Product:interface"
                },
                {
                  "kind": "Content",
                  "text": "[]>"
                },
                {
                  "kind": "Content",
                  "text": ";"
                }
              ],
              "isOptional": false,
              "isStatic": false,
              "returnTypeTokenRange": {
                "startIndex": 5,
                "endIndex": 9
              },
              "releaseTag": "Public",
              "overloadIndex": 1,
              "parameters": [
                {
                  "parameterName": "query",
                  "parameterTypeTokenRange": {
                    "startIndex": 1,
                    "endIndex": 2
                  }
                },
                {
                  "parameterName": "maxProducts",
                  "parameterTypeTokenRange": {
                    "startIndex": 3,
                    "endIndex": 4
                  }
                }
              ],
              "name": "searchProducts"
            },
            {
              "kind": "Method",
              "canonicalReference": "@spartacus/cart_quick-order_core!QuickOrderService#setListLimit:member(1)",
              "docComment": "/**\n * Set quick order list limit property\n */\n",
              "excerptTokens": [
                {
                  "kind": "Content",
                  "text": "setListLimit(limit: "
                },
                {
                  "kind": "Content",
                  "text": "number"
                },
                {
                  "kind": "Content",
                  "text": "): "
                },
                {
                  "kind": "Content",
                  "text": "void"
                },
                {
                  "kind": "Content",
                  "text": ";"
                }
              ],
              "isOptional": false,
              "isStatic": false,
              "returnTypeTokenRange": {
                "startIndex": 3,
                "endIndex": 4
              },
              "releaseTag": "Public",
              "overloadIndex": 1,
              "parameters": [
                {
                  "parameterName": "limit",
                  "parameterTypeTokenRange": {
                    "startIndex": 1,
                    "endIndex": 2
                  }
                }
              ],
              "name": "setListLimit"
            },
            {
              "kind": "Method",
              "canonicalReference": "@spartacus/cart_quick-order_core!QuickOrderService#setNonPurchasableProductError:member(1)",
              "docComment": "/**\n * Set error that selected product is not purchasable\n */\n",
              "excerptTokens": [
                {
                  "kind": "Content",
                  "text": "setNonPurchasableProductError(product: "
                },
                {
                  "kind": "Reference",
                  "text": "Product",
                  "canonicalReference": "@spartacus/cart_quick-order_core!Product:interface"
                },
                {
                  "kind": "Content",
                  "text": "): "
                },
                {
                  "kind": "Content",
                  "text": "void"
                },
                {
                  "kind": "Content",
                  "text": ";"
                }
              ],
              "isOptional": false,
              "isStatic": false,
              "returnTypeTokenRange": {
                "startIndex": 3,
                "endIndex": 4
              },
              "releaseTag": "Public",
              "overloadIndex": 1,
              "parameters": [
                {
                  "parameterName": "product",
                  "parameterTypeTokenRange": {
                    "startIndex": 1,
                    "endIndex": 2
                  }
                }
              ],
              "name": "setNonPurchasableProductError"
            },
            {
              "kind": "Method",
              "canonicalReference": "@spartacus/cart_quick-order_core!QuickOrderService#setProductAdded:member(1)",
              "docComment": "/**\n * Set product added subject\n */\n",
              "excerptTokens": [
                {
                  "kind": "Content",
                  "text": "setProductAdded(productCode: "
                },
                {
                  "kind": "Content",
                  "text": "string"
                },
                {
                  "kind": "Content",
                  "text": "): "
                },
                {
                  "kind": "Content",
                  "text": "void"
                },
                {
                  "kind": "Content",
                  "text": ";"
                }
              ],
              "isOptional": false,
              "isStatic": false,
              "returnTypeTokenRange": {
                "startIndex": 3,
                "endIndex": 4
              },
              "releaseTag": "Public",
              "overloadIndex": 1,
              "parameters": [
                {
                  "parameterName": "productCode",
                  "parameterTypeTokenRange": {
                    "startIndex": 1,
                    "endIndex": 2
                  }
                }
              ],
              "name": "setProductAdded"
            },
            {
              "kind": "Property",
              "canonicalReference": "@spartacus/cart_quick-order_core!QuickOrderService#softDeletedEntries$:member",
              "docComment": "",
              "excerptTokens": [
                {
                  "kind": "Content",
                  "text": "protected softDeletedEntries$: "
                },
                {
                  "kind": "Reference",
                  "text": "BehaviorSubject",
                  "canonicalReference": "rxjs!BehaviorSubject:class"
                },
                {
                  "kind": "Content",
                  "text": "<"
                },
                {
                  "kind": "Reference",
                  "text": "Record",
                  "canonicalReference": "!Record:type"
                },
                {
                  "kind": "Content",
                  "text": "<string, "
                },
                {
                  "kind": "Reference",
                  "text": "OrderEntry",
                  "canonicalReference": "@spartacus/cart_quick-order_core!OrderEntry:interface"
                },
                {
                  "kind": "Content",
                  "text": ">>"
                },
                {
                  "kind": "Content",
                  "text": ";"
                }
              ],
              "isOptional": false,
              "releaseTag": "Public",
              "name": "softDeletedEntries$",
              "propertyTypeTokenRange": {
                "startIndex": 1,
                "endIndex": 7
              },
              "isStatic": false
            },
            {
              "kind": "Method",
              "canonicalReference": "@spartacus/cart_quick-order_core!QuickOrderService#softDeleteEntry:member(1)",
              "docComment": "/**\n * Delete single entry from the list\n */\n",
              "excerptTokens": [
                {
                  "kind": "Content",
                  "text": "softDeleteEntry(index: "
                },
                {
                  "kind": "Content",
                  "text": "number"
                },
                {
                  "kind": "Content",
                  "text": "): "
                },
                {
                  "kind": "Content",
                  "text": "void"
                },
                {
                  "kind": "Content",
                  "text": ";"
                }
              ],
              "isOptional": false,
              "isStatic": false,
              "returnTypeTokenRange": {
                "startIndex": 3,
                "endIndex": 4
              },
              "releaseTag": "Public",
              "overloadIndex": 1,
              "parameters": [
                {
                  "parameterName": "index",
                  "parameterTypeTokenRange": {
                    "startIndex": 1,
                    "endIndex": 2
                  }
                }
              ],
              "name": "softDeleteEntry"
            },
            {
              "kind": "Method",
              "canonicalReference": "@spartacus/cart_quick-order_core!QuickOrderService#updateEntryQuantity:member(1)",
              "docComment": "/**\n * Load a list of entries\n */\n",
              "excerptTokens": [
                {
                  "kind": "Content",
                  "text": "updateEntryQuantity(entryIndex: "
                },
                {
                  "kind": "Content",
                  "text": "number"
                },
                {
                  "kind": "Content",
                  "text": ", quantity: "
                },
                {
                  "kind": "Content",
                  "text": "number"
                },
                {
                  "kind": "Content",
                  "text": "): "
                },
                {
                  "kind": "Content",
                  "text": "void"
                },
                {
                  "kind": "Content",
                  "text": ";"
                }
              ],
              "isOptional": false,
              "isStatic": false,
              "returnTypeTokenRange": {
                "startIndex": 5,
                "endIndex": 6
              },
              "releaseTag": "Public",
              "overloadIndex": 1,
              "parameters": [
                {
                  "parameterName": "entryIndex",
                  "parameterTypeTokenRange": {
                    "startIndex": 1,
                    "endIndex": 2
                  }
                },
                {
                  "parameterName": "quantity",
                  "parameterTypeTokenRange": {
                    "startIndex": 3,
                    "endIndex": 4
                  }
                }
              ],
              "name": "updateEntryQuantity"
            }
          ],
          "implementsTokenRanges": [
            {
              "startIndex": 1,
              "endIndex": 2
            },
            {
              "startIndex": 3,
              "endIndex": 5
            }
          ]
        },
        {
          "kind": "Class",
          "canonicalReference": "@spartacus/cart_quick-order_core!QuickOrderStatePersistenceService:class",
          "docComment": "",
          "excerptTokens": [
            {
              "kind": "Content",
              "text": "export declare class QuickOrderStatePersistenceService implements "
            },
            {
              "kind": "Reference",
              "text": "OnDestroy",
              "canonicalReference": "@angular/core!OnDestroy:interface"
            },
            {
              "kind": "Content",
              "text": " "
            }
          ],
          "releaseTag": "Public",
          "name": "QuickOrderStatePersistenceService",
          "members": [
            {
              "kind": "Constructor",
              "canonicalReference": "@spartacus/cart_quick-order_core!QuickOrderStatePersistenceService:constructor(1)",
              "docComment": "/**\n * Constructs a new instance of the `QuickOrderStatePersistenceService` class\n */\n",
              "excerptTokens": [
                {
                  "kind": "Content",
                  "text": "constructor(quickOrderService: "
                },
                {
                  "kind": "Reference",
                  "text": "QuickOrderFacade",
                  "canonicalReference": "@spartacus/cart_quick-order_core!QuickOrderFacade:class"
                },
                {
                  "kind": "Content",
                  "text": ", siteContextParamsService: "
                },
                {
                  "kind": "Reference",
                  "text": "SiteContextParamsService",
                  "canonicalReference": "@spartacus/cart_quick-order_core!SiteContextParamsService:class"
                },
                {
                  "kind": "Content",
                  "text": ", statePersistenceService: "
                },
                {
                  "kind": "Reference",
                  "text": "StatePersistenceService",
                  "canonicalReference": "@spartacus/cart_quick-order_core!StatePersistenceService:class"
                },
                {
                  "kind": "Content",
                  "text": ");"
                }
              ],
              "releaseTag": "Public",
              "overloadIndex": 1,
              "parameters": [
                {
                  "parameterName": "quickOrderService",
                  "parameterTypeTokenRange": {
                    "startIndex": 1,
                    "endIndex": 2
                  }
                },
                {
                  "parameterName": "siteContextParamsService",
                  "parameterTypeTokenRange": {
                    "startIndex": 3,
                    "endIndex": 4
                  }
                },
                {
                  "parameterName": "statePersistenceService",
                  "parameterTypeTokenRange": {
                    "startIndex": 5,
                    "endIndex": 6
                  }
                }
              ]
            },
            {
              "kind": "Method",
              "canonicalReference": "@spartacus/cart_quick-order_core!QuickOrderStatePersistenceService#initSync:member(1)",
              "docComment": "/**\n * Initializes the synchronization between state and browser storage.\n */\n",
              "excerptTokens": [
                {
                  "kind": "Content",
                  "text": "initSync(): "
                },
                {
                  "kind": "Content",
                  "text": "void"
                },
                {
                  "kind": "Content",
                  "text": ";"
                }
              ],
              "isOptional": false,
              "isStatic": false,
              "returnTypeTokenRange": {
                "startIndex": 1,
                "endIndex": 2
              },
              "releaseTag": "Public",
              "overloadIndex": 1,
              "parameters": [],
              "name": "initSync"
            },
            {
              "kind": "Property",
              "canonicalReference": "@spartacus/cart_quick-order_core!QuickOrderStatePersistenceService#key:member",
              "docComment": "/**\n * Identifier used for storage key.\n */\n",
              "excerptTokens": [
                {
                  "kind": "Content",
                  "text": "protected key: "
                },
                {
                  "kind": "Content",
                  "text": "string"
                },
                {
                  "kind": "Content",
                  "text": ";"
                }
              ],
              "isOptional": false,
              "releaseTag": "Public",
              "name": "key",
              "propertyTypeTokenRange": {
                "startIndex": 1,
                "endIndex": 2
              },
              "isStatic": false
            },
            {
              "kind": "Method",
              "canonicalReference": "@spartacus/cart_quick-order_core!QuickOrderStatePersistenceService#ngOnDestroy:member(1)",
              "docComment": "",
              "excerptTokens": [
                {
                  "kind": "Content",
                  "text": "ngOnDestroy(): "
                },
                {
                  "kind": "Content",
                  "text": "void"
                },
                {
                  "kind": "Content",
                  "text": ";"
                }
              ],
              "isOptional": false,
              "isStatic": false,
              "returnTypeTokenRange": {
                "startIndex": 1,
                "endIndex": 2
              },
              "releaseTag": "Public",
              "overloadIndex": 1,
              "parameters": [],
              "name": "ngOnDestroy"
            },
            {
              "kind": "Method",
              "canonicalReference": "@spartacus/cart_quick-order_core!QuickOrderStatePersistenceService#onRead:member(1)",
              "docComment": "",
              "excerptTokens": [
                {
                  "kind": "Content",
                  "text": "protected onRead(state: "
                },
                {
                  "kind": "Reference",
                  "text": "OrderEntry",
                  "canonicalReference": "@spartacus/cart_quick-order_core!OrderEntry:interface"
                },
                {
                  "kind": "Content",
                  "text": "[] | undefined"
                },
                {
                  "kind": "Content",
                  "text": "): "
                },
                {
                  "kind": "Content",
                  "text": "void"
                },
                {
                  "kind": "Content",
                  "text": ";"
                }
              ],
              "isOptional": false,
              "isStatic": false,
              "returnTypeTokenRange": {
                "startIndex": 4,
                "endIndex": 5
              },
              "releaseTag": "Public",
              "overloadIndex": 1,
              "parameters": [
                {
                  "parameterName": "state",
                  "parameterTypeTokenRange": {
                    "startIndex": 1,
                    "endIndex": 3
                  }
                }
              ],
              "name": "onRead"
            },
            {
              "kind": "Property",
              "canonicalReference": "@spartacus/cart_quick-order_core!QuickOrderStatePersistenceService.ɵfac:member",
              "docComment": "",
              "excerptTokens": [
                {
                  "kind": "Content",
                  "text": "static ɵfac: "
                },
                {
                  "kind": "Content",
                  "text": "i0."
                },
                {
                  "kind": "Reference",
                  "text": "ɵɵFactoryDeclaration",
                  "canonicalReference": "@angular/core!ɵɵFactoryDeclaration:type"
                },
                {
                  "kind": "Content",
                  "text": "<"
                },
                {
                  "kind": "Reference",
                  "text": "QuickOrderStatePersistenceService",
                  "canonicalReference": "@spartacus/cart_quick-order_core!QuickOrderStatePersistenceService:class"
                },
                {
                  "kind": "Content",
                  "text": ", never>"
                },
                {
                  "kind": "Content",
                  "text": ";"
                }
              ],
              "isOptional": false,
              "releaseTag": "Public",
              "name": "ɵfac",
              "propertyTypeTokenRange": {
                "startIndex": 1,
                "endIndex": 6
              },
              "isStatic": true
            },
            {
              "kind": "Property",
              "canonicalReference": "@spartacus/cart_quick-order_core!QuickOrderStatePersistenceService.ɵprov:member",
              "docComment": "",
              "excerptTokens": [
                {
                  "kind": "Content",
                  "text": "static ɵprov: "
                },
                {
                  "kind": "Content",
                  "text": "i0."
                },
                {
                  "kind": "Reference",
                  "text": "ɵɵInjectableDeclaration",
                  "canonicalReference": "@angular/core!ɵɵInjectableDeclaration:interface"
                },
                {
                  "kind": "Content",
                  "text": "<"
                },
                {
                  "kind": "Reference",
                  "text": "QuickOrderStatePersistenceService",
                  "canonicalReference": "@spartacus/cart_quick-order_core!QuickOrderStatePersistenceService:class"
                },
                {
                  "kind": "Content",
                  "text": ">"
                },
                {
                  "kind": "Content",
                  "text": ";"
                }
              ],
              "isOptional": false,
              "releaseTag": "Public",
              "name": "ɵprov",
              "propertyTypeTokenRange": {
                "startIndex": 1,
                "endIndex": 6
              },
              "isStatic": true
            },
            {
              "kind": "Property",
              "canonicalReference": "@spartacus/cart_quick-order_core!QuickOrderStatePersistenceService#quickOrderService:member",
              "docComment": "",
              "excerptTokens": [
                {
                  "kind": "Content",
                  "text": "protected quickOrderService: "
                },
                {
                  "kind": "Reference",
                  "text": "QuickOrderFacade",
                  "canonicalReference": "@spartacus/cart_quick-order_core!QuickOrderFacade:class"
                },
                {
                  "kind": "Content",
                  "text": ";"
                }
              ],
              "isOptional": false,
              "releaseTag": "Public",
              "name": "quickOrderService",
              "propertyTypeTokenRange": {
                "startIndex": 1,
                "endIndex": 2
              },
              "isStatic": false
            },
            {
              "kind": "Property",
              "canonicalReference": "@spartacus/cart_quick-order_core!QuickOrderStatePersistenceService#siteContextParamsService:member",
              "docComment": "",
              "excerptTokens": [
                {
                  "kind": "Content",
                  "text": "protected siteContextParamsService: "
                },
                {
                  "kind": "Reference",
                  "text": "SiteContextParamsService",
                  "canonicalReference": "@spartacus/cart_quick-order_core!SiteContextParamsService:class"
                },
                {
                  "kind": "Content",
                  "text": ";"
                }
              ],
              "isOptional": false,
              "releaseTag": "Public",
              "name": "siteContextParamsService",
              "propertyTypeTokenRange": {
                "startIndex": 1,
                "endIndex": 2
              },
              "isStatic": false
            },
            {
              "kind": "Property",
              "canonicalReference": "@spartacus/cart_quick-order_core!QuickOrderStatePersistenceService#statePersistenceService:member",
              "docComment": "",
              "excerptTokens": [
                {
                  "kind": "Content",
                  "text": "protected statePersistenceService: "
                },
                {
                  "kind": "Reference",
                  "text": "StatePersistenceService",
                  "canonicalReference": "@spartacus/cart_quick-order_core!StatePersistenceService:class"
                },
                {
                  "kind": "Content",
                  "text": ";"
                }
              ],
              "isOptional": false,
              "releaseTag": "Public",
              "name": "statePersistenceService",
              "propertyTypeTokenRange": {
                "startIndex": 1,
                "endIndex": 2
              },
              "isStatic": false
            },
            {
              "kind": "Property",
              "canonicalReference": "@spartacus/cart_quick-order_core!QuickOrderStatePersistenceService#subscription:member",
              "docComment": "",
              "excerptTokens": [
                {
                  "kind": "Content",
                  "text": "protected subscription: "
                },
                {
                  "kind": "Reference",
                  "text": "Subscription",
                  "canonicalReference": "rxjs!Subscription:class"
                },
                {
                  "kind": "Content",
                  "text": ";"
                }
              ],
              "isOptional": false,
              "releaseTag": "Public",
              "name": "subscription",
              "propertyTypeTokenRange": {
                "startIndex": 1,
                "endIndex": 2
              },
              "isStatic": false
            }
          ],
          "implementsTokenRanges": [
            {
              "startIndex": 1,
              "endIndex": 3
            }
          ]
        }
      ]
    }
  ]
}
