{
  "metadata": {
    "toolPackage": "@microsoft/api-extractor",
    "toolVersion": "7.19.4",
    "schemaVersion": 1004,
    "oldestForwardsCompatibleVersion": 1001,
    "tsdocConfig": {
      "$schema": "https://developer.microsoft.com/json-schemas/tsdoc/v0/tsdoc.schema.json",
      "noStandardTags": true,
      "tagDefinitions": [
        {
          "tagName": "@alpha",
          "syntaxKind": "modifier"
        },
        {
          "tagName": "@beta",
          "syntaxKind": "modifier"
        },
        {
          "tagName": "@defaultValue",
          "syntaxKind": "block"
        },
        {
          "tagName": "@decorator",
          "syntaxKind": "block",
          "allowMultiple": true
        },
        {
          "tagName": "@deprecated",
          "syntaxKind": "block"
        },
        {
          "tagName": "@eventProperty",
          "syntaxKind": "modifier"
        },
        {
          "tagName": "@example",
          "syntaxKind": "block",
          "allowMultiple": true
        },
        {
          "tagName": "@experimental",
          "syntaxKind": "modifier"
        },
        {
          "tagName": "@inheritDoc",
          "syntaxKind": "inline"
        },
        {
          "tagName": "@internal",
          "syntaxKind": "modifier"
        },
        {
          "tagName": "@label",
          "syntaxKind": "inline"
        },
        {
          "tagName": "@link",
          "syntaxKind": "inline",
          "allowMultiple": true
        },
        {
          "tagName": "@override",
          "syntaxKind": "modifier"
        },
        {
          "tagName": "@packageDocumentation",
          "syntaxKind": "modifier"
        },
        {
          "tagName": "@param",
          "syntaxKind": "block",
          "allowMultiple": true
        },
        {
          "tagName": "@privateRemarks",
          "syntaxKind": "block"
        },
        {
          "tagName": "@public",
          "syntaxKind": "modifier"
        },
        {
          "tagName": "@readonly",
          "syntaxKind": "modifier"
        },
        {
          "tagName": "@remarks",
          "syntaxKind": "block"
        },
        {
          "tagName": "@returns",
          "syntaxKind": "block"
        },
        {
          "tagName": "@sealed",
          "syntaxKind": "modifier"
        },
        {
          "tagName": "@see",
          "syntaxKind": "block"
        },
        {
          "tagName": "@throws",
          "syntaxKind": "block",
          "allowMultiple": true
        },
        {
          "tagName": "@typeParam",
          "syntaxKind": "block",
          "allowMultiple": true
        },
        {
          "tagName": "@virtual",
          "syntaxKind": "modifier"
        },
        {
          "tagName": "@betaDocumentation",
          "syntaxKind": "modifier"
        },
        {
          "tagName": "@internalRemarks",
          "syntaxKind": "block"
        },
        {
          "tagName": "@preapproved",
          "syntaxKind": "modifier"
        }
      ],
      "supportForTags": {
        "@alpha": true,
        "@beta": true,
        "@defaultValue": true,
        "@decorator": true,
        "@deprecated": true,
        "@eventProperty": true,
        "@example": true,
        "@experimental": true,
        "@inheritDoc": true,
        "@internal": true,
        "@label": true,
        "@link": true,
        "@override": true,
        "@packageDocumentation": true,
        "@param": true,
        "@privateRemarks": true,
        "@public": true,
        "@readonly": true,
        "@remarks": true,
        "@returns": true,
        "@sealed": true,
        "@see": true,
        "@throws": true,
        "@typeParam": true,
        "@virtual": true,
        "@betaDocumentation": true,
        "@internalRemarks": true,
        "@preapproved": true
      }
    }
  },
  "kind": "Package",
  "canonicalReference": "@spartacus/cart_base_components_mini-cart!",
  "docComment": "",
  "name": "@spartacus/cart_base_components_mini-cart",
  "members": [
    {
      "kind": "EntryPoint",
      "canonicalReference": "@spartacus/cart_base_components_mini-cart!",
      "name": "",
      "members": [
        {
          "kind": "Class",
          "canonicalReference": "@spartacus/cart_base_components_mini-cart!MiniCartComponent:class",
          "docComment": "",
          "excerptTokens": [
            {
              "kind": "Content",
              "text": "export declare class MiniCartComponent "
            }
          ],
          "releaseTag": "Public",
          "name": "MiniCartComponent",
          "members": [
            {
              "kind": "Constructor",
              "canonicalReference": "@spartacus/cart_base_components_mini-cart!MiniCartComponent:constructor(1)",
              "docComment": "/**\n * Constructs a new instance of the `MiniCartComponent` class\n */\n",
              "excerptTokens": [
                {
                  "kind": "Content",
                  "text": "constructor(miniCartComponentService: "
                },
                {
                  "kind": "Reference",
                  "text": "MiniCartComponentService",
                  "canonicalReference": "@spartacus/cart_base_components_mini-cart!MiniCartComponentService:class"
                },
                {
                  "kind": "Content",
                  "text": ");"
                }
              ],
              "releaseTag": "Public",
              "overloadIndex": 1,
              "parameters": [
                {
                  "parameterName": "miniCartComponentService",
                  "parameterTypeTokenRange": {
                    "startIndex": 1,
                    "endIndex": 2
                  }
                }
              ]
            },
            {
              "kind": "Property",
              "canonicalReference": "@spartacus/cart_base_components_mini-cart!MiniCartComponent#iconTypes:member",
              "docComment": "",
              "excerptTokens": [
                {
                  "kind": "Content",
                  "text": "iconTypes: "
                },
                {
                  "kind": "Content",
                  "text": "typeof "
                },
                {
                  "kind": "Reference",
                  "text": "ICON_TYPE",
                  "canonicalReference": "@spartacus/cart_base_components_mini-cart!ICON_TYPE:enum"
                },
                {
                  "kind": "Content",
                  "text": ";"
                }
              ],
              "isOptional": false,
              "releaseTag": "Public",
              "name": "iconTypes",
              "propertyTypeTokenRange": {
                "startIndex": 1,
                "endIndex": 3
              },
              "isStatic": false
            },
            {
              "kind": "Property",
              "canonicalReference": "@spartacus/cart_base_components_mini-cart!MiniCartComponent#miniCartComponentService:member",
              "docComment": "",
              "excerptTokens": [
                {
                  "kind": "Content",
                  "text": "protected miniCartComponentService: "
                },
                {
                  "kind": "Reference",
                  "text": "MiniCartComponentService",
                  "canonicalReference": "@spartacus/cart_base_components_mini-cart!MiniCartComponentService:class"
                },
                {
                  "kind": "Content",
                  "text": ";"
                }
              ],
              "isOptional": false,
              "releaseTag": "Public",
              "name": "miniCartComponentService",
              "propertyTypeTokenRange": {
                "startIndex": 1,
                "endIndex": 2
              },
              "isStatic": false
            },
            {
              "kind": "Property",
              "canonicalReference": "@spartacus/cart_base_components_mini-cart!MiniCartComponent.ɵcmp:member",
              "docComment": "",
              "excerptTokens": [
                {
                  "kind": "Content",
                  "text": "static ɵcmp: "
                },
                {
                  "kind": "Content",
                  "text": "i0."
                },
                {
                  "kind": "Reference",
                  "text": "ɵɵComponentDeclaration",
                  "canonicalReference": "@angular/core!ɵɵComponentDeclaration:type"
                },
                {
                  "kind": "Content",
                  "text": "<"
                },
                {
                  "kind": "Reference",
                  "text": "MiniCartComponent",
                  "canonicalReference": "@spartacus/cart_base_components_mini-cart!MiniCartComponent:class"
                },
                {
                  "kind": "Content",
                  "text": ", \"cx-mini-cart\", never, {}, {}, never, never>"
                },
                {
                  "kind": "Content",
                  "text": ";"
                }
              ],
              "isOptional": false,
              "releaseTag": "Public",
              "name": "ɵcmp",
              "propertyTypeTokenRange": {
                "startIndex": 1,
                "endIndex": 6
              },
              "isStatic": true
            },
            {
              "kind": "Property",
              "canonicalReference": "@spartacus/cart_base_components_mini-cart!MiniCartComponent.ɵfac:member",
              "docComment": "",
              "excerptTokens": [
                {
                  "kind": "Content",
                  "text": "static ɵfac: "
                },
                {
                  "kind": "Content",
                  "text": "i0."
                },
                {
                  "kind": "Reference",
                  "text": "ɵɵFactoryDeclaration",
                  "canonicalReference": "@angular/core!ɵɵFactoryDeclaration:type"
                },
                {
                  "kind": "Content",
                  "text": "<"
                },
                {
                  "kind": "Reference",
                  "text": "MiniCartComponent",
                  "canonicalReference": "@spartacus/cart_base_components_mini-cart!MiniCartComponent:class"
                },
                {
                  "kind": "Content",
                  "text": ", never>"
                },
                {
                  "kind": "Content",
                  "text": ";"
                }
              ],
              "isOptional": false,
              "releaseTag": "Public",
              "name": "ɵfac",
              "propertyTypeTokenRange": {
                "startIndex": 1,
                "endIndex": 6
              },
              "isStatic": true
            },
            {
              "kind": "Property",
              "canonicalReference": "@spartacus/cart_base_components_mini-cart!MiniCartComponent#quantity$:member",
              "docComment": "",
              "excerptTokens": [
                {
                  "kind": "Content",
                  "text": "quantity$: "
                },
                {
                  "kind": "Reference",
                  "text": "Observable",
                  "canonicalReference": "rxjs!Observable:class"
                },
                {
                  "kind": "Content",
                  "text": "<number>"
                },
                {
                  "kind": "Content",
                  "text": ";"
                }
              ],
              "isOptional": false,
              "releaseTag": "Public",
              "name": "quantity$",
              "propertyTypeTokenRange": {
                "startIndex": 1,
                "endIndex": 3
              },
              "isStatic": false
            },
            {
              "kind": "Property",
              "canonicalReference": "@spartacus/cart_base_components_mini-cart!MiniCartComponent#total$:member",
              "docComment": "",
              "excerptTokens": [
                {
                  "kind": "Content",
                  "text": "total$: "
                },
                {
                  "kind": "Reference",
                  "text": "Observable",
                  "canonicalReference": "rxjs!Observable:class"
                },
                {
                  "kind": "Content",
                  "text": "<string>"
                },
                {
                  "kind": "Content",
                  "text": ";"
                }
              ],
              "isOptional": false,
              "releaseTag": "Public",
              "name": "total$",
              "propertyTypeTokenRange": {
                "startIndex": 1,
                "endIndex": 3
              },
              "isStatic": false
            }
          ],
          "implementsTokenRanges": []
        },
        {
          "kind": "Class",
          "canonicalReference": "@spartacus/cart_base_components_mini-cart!MiniCartComponentService:class",
          "docComment": "",
          "excerptTokens": [
            {
              "kind": "Content",
              "text": "export declare class MiniCartComponentService "
            }
          ],
          "releaseTag": "Public",
          "name": "MiniCartComponentService",
          "members": [
            {
              "kind": "Constructor",
              "canonicalReference": "@spartacus/cart_base_components_mini-cart!MiniCartComponentService:constructor(1)",
              "docComment": "/**\n * Constructs a new instance of the `MiniCartComponentService` class\n */\n",
              "excerptTokens": [
                {
                  "kind": "Content",
                  "text": "constructor(activeCartFacade: "
                },
                {
                  "kind": "Reference",
                  "text": "ActiveCartFacade",
                  "canonicalReference": "@spartacus/cart_base_components_mini-cart!ActiveCartFacade:class"
                },
                {
                  "kind": "Content",
                  "text": ", authService: "
                },
                {
                  "kind": "Reference",
                  "text": "AuthService",
                  "canonicalReference": "@spartacus/cart_base_components_mini-cart!AuthService:class"
                },
                {
                  "kind": "Content",
                  "text": ", statePersistenceService: "
                },
                {
                  "kind": "Reference",
                  "text": "StatePersistenceService",
                  "canonicalReference": "@spartacus/cart_base_components_mini-cart!StatePersistenceService:class"
                },
                {
                  "kind": "Content",
                  "text": ", siteContextParamsService: "
                },
                {
                  "kind": "Reference",
                  "text": "SiteContextParamsService",
                  "canonicalReference": "@spartacus/cart_base_components_mini-cart!SiteContextParamsService:class"
                },
                {
                  "kind": "Content",
                  "text": ", eventService: "
                },
                {
                  "kind": "Reference",
                  "text": "EventService",
                  "canonicalReference": "@spartacus/cart_base_components_mini-cart!EventService:class"
                },
                {
                  "kind": "Content",
                  "text": ");"
                }
              ],
              "releaseTag": "Public",
              "overloadIndex": 1,
              "parameters": [
                {
                  "parameterName": "activeCartFacade",
                  "parameterTypeTokenRange": {
                    "startIndex": 1,
                    "endIndex": 2
                  }
                },
                {
                  "parameterName": "authService",
                  "parameterTypeTokenRange": {
                    "startIndex": 3,
                    "endIndex": 4
                  }
                },
                {
                  "parameterName": "statePersistenceService",
                  "parameterTypeTokenRange": {
                    "startIndex": 5,
                    "endIndex": 6
                  }
                },
                {
                  "parameterName": "siteContextParamsService",
                  "parameterTypeTokenRange": {
                    "startIndex": 7,
                    "endIndex": 8
                  }
                },
                {
                  "parameterName": "eventService",
                  "parameterTypeTokenRange": {
                    "startIndex": 9,
                    "endIndex": 10
                  }
                }
              ]
            },
            {
              "kind": "Property",
              "canonicalReference": "@spartacus/cart_base_components_mini-cart!MiniCartComponentService#activeCartFacade:member",
              "docComment": "",
              "excerptTokens": [
                {
                  "kind": "Content",
                  "text": "protected activeCartFacade: "
                },
                {
                  "kind": "Reference",
                  "text": "ActiveCartFacade",
                  "canonicalReference": "@spartacus/cart_base_components_mini-cart!ActiveCartFacade:class"
                },
                {
                  "kind": "Content",
                  "text": ";"
                }
              ],
              "isOptional": false,
              "releaseTag": "Public",
              "name": "activeCartFacade",
              "propertyTypeTokenRange": {
                "startIndex": 1,
                "endIndex": 2
              },
              "isStatic": false
            },
            {
              "kind": "Method",
              "canonicalReference": "@spartacus/cart_base_components_mini-cart!MiniCartComponentService#activeCartRequired:member(1)",
              "docComment": "/**\n * This function determines if it is required to get active cart data from ActiveCartFacade. It is required to call the ActiveCartFacade if one of these criteria is met: - There is an active cart id in the browser local storage - A user is authenticated - The cart library code chunk with the ActiveCartFacade implementation is already loaded.\n *\n * Once the observable returned by activeCartRequired emits true, it completes. activeCartRequired helps to make the mini cart compatible with some level of lazy loading.\n */\n",
              "excerptTokens": [
                {
                  "kind": "Content",
                  "text": "protected activeCartRequired(): "
                },
                {
                  "kind": "Reference",
                  "text": "Observable",
                  "canonicalReference": "rxjs!Observable:class"
                },
                {
                  "kind": "Content",
                  "text": "<boolean>"
                },
                {
                  "kind": "Content",
                  "text": ";"
                }
              ],
              "isOptional": false,
              "isStatic": false,
              "returnTypeTokenRange": {
                "startIndex": 1,
                "endIndex": 3
              },
              "releaseTag": "Public",
              "overloadIndex": 1,
              "parameters": [],
              "name": "activeCartRequired"
            },
            {
              "kind": "Property",
              "canonicalReference": "@spartacus/cart_base_components_mini-cart!MiniCartComponentService#authService:member",
              "docComment": "",
              "excerptTokens": [
                {
                  "kind": "Content",
                  "text": "protected authService: "
                },
                {
                  "kind": "Reference",
                  "text": "AuthService",
                  "canonicalReference": "@spartacus/cart_base_components_mini-cart!AuthService:class"
                },
                {
                  "kind": "Content",
                  "text": ";"
                }
              ],
              "isOptional": false,
              "releaseTag": "Public",
              "name": "authService",
              "propertyTypeTokenRange": {
                "startIndex": 1,
                "endIndex": 2
              },
              "isStatic": false
            },
            {
              "kind": "Property",
              "canonicalReference": "@spartacus/cart_base_components_mini-cart!MiniCartComponentService#eventService:member",
              "docComment": "",
              "excerptTokens": [
                {
                  "kind": "Content",
                  "text": "protected eventService: "
                },
                {
                  "kind": "Reference",
                  "text": "EventService",
                  "canonicalReference": "@spartacus/cart_base_components_mini-cart!EventService:class"
                },
                {
                  "kind": "Content",
                  "text": ";"
                }
              ],
              "isOptional": false,
              "releaseTag": "Public",
              "name": "eventService",
              "propertyTypeTokenRange": {
                "startIndex": 1,
                "endIndex": 2
              },
              "isStatic": false
            },
            {
              "kind": "Method",
              "canonicalReference": "@spartacus/cart_base_components_mini-cart!MiniCartComponentService#getCartStateFromBrowserStorage:member(1)",
              "docComment": "",
              "excerptTokens": [
                {
                  "kind": "Content",
                  "text": "protected getCartStateFromBrowserStorage(): "
                },
                {
                  "kind": "Reference",
                  "text": "Observable",
                  "canonicalReference": "rxjs!Observable:class"
                },
                {
                  "kind": "Content",
                  "text": "<{\n        active: string;\n    } | undefined>"
                },
                {
                  "kind": "Content",
                  "text": ";"
                }
              ],
              "isOptional": false,
              "isStatic": false,
              "returnTypeTokenRange": {
                "startIndex": 1,
                "endIndex": 3
              },
              "releaseTag": "Public",
              "overloadIndex": 1,
              "parameters": [],
              "name": "getCartStateFromBrowserStorage"
            },
            {
              "kind": "Method",
              "canonicalReference": "@spartacus/cart_base_components_mini-cart!MiniCartComponentService#getQuantity:member(1)",
              "docComment": "/**\n * This function supports lazy loading of the cart functoinality's code. We only call the activeCartFacade if we know there is actually a cart. Without a cart, we can return a default value and avoid loading the cart library code.\n */\n",
              "excerptTokens": [
                {
                  "kind": "Content",
                  "text": "getQuantity(): "
                },
                {
                  "kind": "Reference",
                  "text": "Observable",
                  "canonicalReference": "rxjs!Observable:class"
                },
                {
                  "kind": "Content",
                  "text": "<number>"
                },
                {
                  "kind": "Content",
                  "text": ";"
                }
              ],
              "isOptional": false,
              "isStatic": false,
              "returnTypeTokenRange": {
                "startIndex": 1,
                "endIndex": 3
              },
              "releaseTag": "Public",
              "overloadIndex": 1,
              "parameters": [],
              "name": "getQuantity"
            },
            {
              "kind": "Method",
              "canonicalReference": "@spartacus/cart_base_components_mini-cart!MiniCartComponentService#getTotalPrice:member(1)",
              "docComment": "/**\n * This function supports lazy loading of the cart functoinality's code. We only call the activeCartFacade if we know there is actually a cart. Without a cart, we can return a default value and avoid loading the cart library code.\n */\n",
              "excerptTokens": [
                {
                  "kind": "Content",
                  "text": "getTotalPrice(): "
                },
                {
                  "kind": "Reference",
                  "text": "Observable",
                  "canonicalReference": "rxjs!Observable:class"
                },
                {
                  "kind": "Content",
                  "text": "<string>"
                },
                {
                  "kind": "Content",
                  "text": ";"
                }
              ],
              "isOptional": false,
              "isStatic": false,
              "returnTypeTokenRange": {
                "startIndex": 1,
                "endIndex": 3
              },
              "releaseTag": "Public",
              "overloadIndex": 1,
              "parameters": [],
              "name": "getTotalPrice"
            },
            {
              "kind": "Method",
              "canonicalReference": "@spartacus/cart_base_components_mini-cart!MiniCartComponentService#hasActiveCartInStorage:member(1)",
              "docComment": "",
              "excerptTokens": [
                {
                  "kind": "Content",
                  "text": "protected hasActiveCartInStorage(): "
                },
                {
                  "kind": "Reference",
                  "text": "Observable",
                  "canonicalReference": "rxjs!Observable:class"
                },
                {
                  "kind": "Content",
                  "text": "<boolean>"
                },
                {
                  "kind": "Content",
                  "text": ";"
                }
              ],
              "isOptional": false,
              "isStatic": false,
              "returnTypeTokenRange": {
                "startIndex": 1,
                "endIndex": 3
              },
              "releaseTag": "Public",
              "overloadIndex": 1,
              "parameters": [],
              "name": "hasActiveCartInStorage"
            },
            {
              "kind": "Method",
              "canonicalReference": "@spartacus/cart_base_components_mini-cart!MiniCartComponentService#isCartCreated:member(1)",
              "docComment": "",
              "excerptTokens": [
                {
                  "kind": "Content",
                  "text": "protected isCartCreated(): "
                },
                {
                  "kind": "Reference",
                  "text": "Observable",
                  "canonicalReference": "rxjs!Observable:class"
                },
                {
                  "kind": "Content",
                  "text": "<boolean>"
                },
                {
                  "kind": "Content",
                  "text": ";"
                }
              ],
              "isOptional": false,
              "isStatic": false,
              "returnTypeTokenRange": {
                "startIndex": 1,
                "endIndex": 3
              },
              "releaseTag": "Public",
              "overloadIndex": 1,
              "parameters": [],
              "name": "isCartCreated"
            },
            {
              "kind": "Property",
              "canonicalReference": "@spartacus/cart_base_components_mini-cart!MiniCartComponentService.ɵfac:member",
              "docComment": "",
              "excerptTokens": [
                {
                  "kind": "Content",
                  "text": "static ɵfac: "
                },
                {
                  "kind": "Content",
                  "text": "i0."
                },
                {
                  "kind": "Reference",
                  "text": "ɵɵFactoryDeclaration",
                  "canonicalReference": "@angular/core!ɵɵFactoryDeclaration:type"
                },
                {
                  "kind": "Content",
                  "text": "<"
                },
                {
                  "kind": "Reference",
                  "text": "MiniCartComponentService",
                  "canonicalReference": "@spartacus/cart_base_components_mini-cart!MiniCartComponentService:class"
                },
                {
                  "kind": "Content",
                  "text": ", never>"
                },
                {
                  "kind": "Content",
                  "text": ";"
                }
              ],
              "isOptional": false,
              "releaseTag": "Public",
              "name": "ɵfac",
              "propertyTypeTokenRange": {
                "startIndex": 1,
                "endIndex": 6
              },
              "isStatic": true
            },
            {
              "kind": "Property",
              "canonicalReference": "@spartacus/cart_base_components_mini-cart!MiniCartComponentService.ɵprov:member",
              "docComment": "",
              "excerptTokens": [
                {
                  "kind": "Content",
                  "text": "static ɵprov: "
                },
                {
                  "kind": "Content",
                  "text": "i0."
                },
                {
                  "kind": "Reference",
                  "text": "ɵɵInjectableDeclaration",
                  "canonicalReference": "@angular/core!ɵɵInjectableDeclaration:interface"
                },
                {
                  "kind": "Content",
                  "text": "<"
                },
                {
                  "kind": "Reference",
                  "text": "MiniCartComponentService",
                  "canonicalReference": "@spartacus/cart_base_components_mini-cart!MiniCartComponentService:class"
                },
                {
                  "kind": "Content",
                  "text": ">"
                },
                {
                  "kind": "Content",
                  "text": ";"
                }
              ],
              "isOptional": false,
              "releaseTag": "Public",
              "name": "ɵprov",
              "propertyTypeTokenRange": {
                "startIndex": 1,
                "endIndex": 6
              },
              "isStatic": true
            },
            {
              "kind": "Property",
              "canonicalReference": "@spartacus/cart_base_components_mini-cart!MiniCartComponentService#siteContextParamsService:member",
              "docComment": "",
              "excerptTokens": [
                {
                  "kind": "Content",
                  "text": "protected siteContextParamsService: "
                },
                {
                  "kind": "Reference",
                  "text": "SiteContextParamsService",
                  "canonicalReference": "@spartacus/cart_base_components_mini-cart!SiteContextParamsService:class"
                },
                {
                  "kind": "Content",
                  "text": ";"
                }
              ],
              "isOptional": false,
              "releaseTag": "Public",
              "name": "siteContextParamsService",
              "propertyTypeTokenRange": {
                "startIndex": 1,
                "endIndex": 2
              },
              "isStatic": false
            },
            {
              "kind": "Property",
              "canonicalReference": "@spartacus/cart_base_components_mini-cart!MiniCartComponentService#statePersistenceService:member",
              "docComment": "",
              "excerptTokens": [
                {
                  "kind": "Content",
                  "text": "protected statePersistenceService: "
                },
                {
                  "kind": "Reference",
                  "text": "StatePersistenceService",
                  "canonicalReference": "@spartacus/cart_base_components_mini-cart!StatePersistenceService:class"
                },
                {
                  "kind": "Content",
                  "text": ";"
                }
              ],
              "isOptional": false,
              "releaseTag": "Public",
              "name": "statePersistenceService",
              "propertyTypeTokenRange": {
                "startIndex": 1,
                "endIndex": 2
              },
              "isStatic": false
            }
          ],
          "implementsTokenRanges": []
        },
        {
          "kind": "Class",
          "canonicalReference": "@spartacus/cart_base_components_mini-cart!MiniCartModule:class",
          "docComment": "",
          "excerptTokens": [
            {
              "kind": "Content",
              "text": "export declare class MiniCartModule "
            }
          ],
          "releaseTag": "Public",
          "name": "MiniCartModule",
          "members": [
            {
              "kind": "Property",
              "canonicalReference": "@spartacus/cart_base_components_mini-cart!MiniCartModule.ɵfac:member",
              "docComment": "",
              "excerptTokens": [
                {
                  "kind": "Content",
                  "text": "static ɵfac: "
                },
                {
                  "kind": "Content",
                  "text": "i0."
                },
                {
                  "kind": "Reference",
                  "text": "ɵɵFactoryDeclaration",
                  "canonicalReference": "@angular/core!ɵɵFactoryDeclaration:type"
                },
                {
                  "kind": "Content",
                  "text": "<"
                },
                {
                  "kind": "Reference",
                  "text": "MiniCartModule",
                  "canonicalReference": "@spartacus/cart_base_components_mini-cart!MiniCartModule:class"
                },
                {
                  "kind": "Content",
                  "text": ", never>"
                },
                {
                  "kind": "Content",
                  "text": ";"
                }
              ],
              "isOptional": false,
              "releaseTag": "Public",
              "name": "ɵfac",
              "propertyTypeTokenRange": {
                "startIndex": 1,
                "endIndex": 6
              },
              "isStatic": true
            },
            {
              "kind": "Property",
              "canonicalReference": "@spartacus/cart_base_components_mini-cart!MiniCartModule.ɵinj:member",
              "docComment": "",
              "excerptTokens": [
                {
                  "kind": "Content",
                  "text": "static ɵinj: "
                },
                {
                  "kind": "Content",
                  "text": "i0."
                },
                {
                  "kind": "Reference",
                  "text": "ɵɵInjectorDeclaration",
                  "canonicalReference": "@angular/core!ɵɵInjectorDeclaration:type"
                },
                {
                  "kind": "Content",
                  "text": "<"
                },
                {
                  "kind": "Reference",
                  "text": "MiniCartModule",
                  "canonicalReference": "@spartacus/cart_base_components_mini-cart!MiniCartModule:class"
                },
                {
                  "kind": "Content",
                  "text": ">"
                },
                {
                  "kind": "Content",
                  "text": ";"
                }
              ],
              "isOptional": false,
              "releaseTag": "Public",
              "name": "ɵinj",
              "propertyTypeTokenRange": {
                "startIndex": 1,
                "endIndex": 6
              },
              "isStatic": true
            },
            {
              "kind": "Property",
              "canonicalReference": "@spartacus/cart_base_components_mini-cart!MiniCartModule.ɵmod:member",
              "docComment": "",
              "excerptTokens": [
                {
                  "kind": "Content",
                  "text": "static ɵmod: "
                },
                {
                  "kind": "Content",
                  "text": "i0."
                },
                {
                  "kind": "Reference",
                  "text": "ɵɵNgModuleDeclaration",
                  "canonicalReference": "@angular/core!ɵɵNgModuleDeclaration:type"
                },
                {
                  "kind": "Content",
                  "text": "<"
                },
                {
                  "kind": "Reference",
                  "text": "MiniCartModule",
                  "canonicalReference": "@spartacus/cart_base_components_mini-cart!MiniCartModule:class"
                },
                {
                  "kind": "Content",
                  "text": ", [typeof i1."
                },
                {
                  "kind": "Reference",
                  "text": "MiniCartComponent",
                  "canonicalReference": "@spartacus/cart_base_components_mini-cart!MiniCartComponent:class"
                },
                {
                  "kind": "Content",
                  "text": "], [typeof i2."
                },
                {
                  "kind": "Reference",
                  "text": "CommonModule",
                  "canonicalReference": "@angular/common!CommonModule:class"
                },
                {
                  "kind": "Content",
                  "text": ", typeof i3."
                },
                {
                  "kind": "Reference",
                  "text": "RouterModule",
                  "canonicalReference": "@angular/router!RouterModule:class"
                },
                {
                  "kind": "Content",
                  "text": ", typeof i4."
                },
                {
                  "kind": "Reference",
                  "text": "UrlModule",
                  "canonicalReference": "@spartacus/cart_base_components_mini-cart!UrlModule:class"
                },
                {
                  "kind": "Content",
                  "text": ", typeof i5."
                },
                {
                  "kind": "Reference",
                  "text": "IconModule",
                  "canonicalReference": "@spartacus/cart_base_components_mini-cart!IconModule:class"
                },
                {
                  "kind": "Content",
                  "text": ", typeof i4."
                },
                {
                  "kind": "Reference",
                  "text": "I18nModule",
                  "canonicalReference": "@spartacus/cart_base_components_mini-cart!I18nModule:class"
                },
                {
                  "kind": "Content",
                  "text": "], [typeof i1."
                },
                {
                  "kind": "Reference",
                  "text": "MiniCartComponent",
                  "canonicalReference": "@spartacus/cart_base_components_mini-cart!MiniCartComponent:class"
                },
                {
                  "kind": "Content",
                  "text": "]>"
                },
                {
                  "kind": "Content",
                  "text": ";"
                }
              ],
              "isOptional": false,
              "releaseTag": "Public",
              "name": "ɵmod",
              "propertyTypeTokenRange": {
                "startIndex": 1,
                "endIndex": 20
              },
              "isStatic": true
            }
          ],
          "implementsTokenRanges": []
        }
      ]
    }
  ]
}
