{
  "metadata": {
    "toolPackage": "@microsoft/api-extractor",
    "toolVersion": "7.19.4",
    "schemaVersion": 1004,
    "oldestForwardsCompatibleVersion": 1001,
    "tsdocConfig": {
      "$schema": "https://developer.microsoft.com/json-schemas/tsdoc/v0/tsdoc.schema.json",
      "noStandardTags": true,
      "tagDefinitions": [
        {
          "tagName": "@alpha",
          "syntaxKind": "modifier"
        },
        {
          "tagName": "@beta",
          "syntaxKind": "modifier"
        },
        {
          "tagName": "@defaultValue",
          "syntaxKind": "block"
        },
        {
          "tagName": "@decorator",
          "syntaxKind": "block",
          "allowMultiple": true
        },
        {
          "tagName": "@deprecated",
          "syntaxKind": "block"
        },
        {
          "tagName": "@eventProperty",
          "syntaxKind": "modifier"
        },
        {
          "tagName": "@example",
          "syntaxKind": "block",
          "allowMultiple": true
        },
        {
          "tagName": "@experimental",
          "syntaxKind": "modifier"
        },
        {
          "tagName": "@inheritDoc",
          "syntaxKind": "inline"
        },
        {
          "tagName": "@internal",
          "syntaxKind": "modifier"
        },
        {
          "tagName": "@label",
          "syntaxKind": "inline"
        },
        {
          "tagName": "@link",
          "syntaxKind": "inline",
          "allowMultiple": true
        },
        {
          "tagName": "@override",
          "syntaxKind": "modifier"
        },
        {
          "tagName": "@packageDocumentation",
          "syntaxKind": "modifier"
        },
        {
          "tagName": "@param",
          "syntaxKind": "block",
          "allowMultiple": true
        },
        {
          "tagName": "@privateRemarks",
          "syntaxKind": "block"
        },
        {
          "tagName": "@public",
          "syntaxKind": "modifier"
        },
        {
          "tagName": "@readonly",
          "syntaxKind": "modifier"
        },
        {
          "tagName": "@remarks",
          "syntaxKind": "block"
        },
        {
          "tagName": "@returns",
          "syntaxKind": "block"
        },
        {
          "tagName": "@sealed",
          "syntaxKind": "modifier"
        },
        {
          "tagName": "@see",
          "syntaxKind": "block"
        },
        {
          "tagName": "@throws",
          "syntaxKind": "block",
          "allowMultiple": true
        },
        {
          "tagName": "@typeParam",
          "syntaxKind": "block",
          "allowMultiple": true
        },
        {
          "tagName": "@virtual",
          "syntaxKind": "modifier"
        },
        {
          "tagName": "@betaDocumentation",
          "syntaxKind": "modifier"
        },
        {
          "tagName": "@internalRemarks",
          "syntaxKind": "block"
        },
        {
          "tagName": "@preapproved",
          "syntaxKind": "modifier"
        }
      ],
      "supportForTags": {
        "@alpha": true,
        "@beta": true,
        "@defaultValue": true,
        "@decorator": true,
        "@deprecated": true,
        "@eventProperty": true,
        "@example": true,
        "@experimental": true,
        "@inheritDoc": true,
        "@internal": true,
        "@label": true,
        "@link": true,
        "@override": true,
        "@packageDocumentation": true,
        "@param": true,
        "@privateRemarks": true,
        "@public": true,
        "@readonly": true,
        "@remarks": true,
        "@returns": true,
        "@sealed": true,
        "@see": true,
        "@throws": true,
        "@typeParam": true,
        "@virtual": true,
        "@betaDocumentation": true,
        "@internalRemarks": true,
        "@preapproved": true
      }
    }
  },
  "kind": "Package",
  "canonicalReference": "@spartacus/cdc_components!",
  "docComment": "",
  "name": "@spartacus/cdc_components",
  "members": [
    {
      "kind": "EntryPoint",
      "canonicalReference": "@spartacus/cdc_components!",
      "name": "",
      "members": [
        {
          "kind": "Class",
          "canonicalReference": "@spartacus/cdc_components!CdcComponentsModule:class",
          "docComment": "",
          "excerptTokens": [
            {
              "kind": "Content",
              "text": "export declare class CdcComponentsModule "
            }
          ],
          "releaseTag": "Public",
          "name": "CdcComponentsModule",
          "members": [
            {
              "kind": "Property",
              "canonicalReference": "@spartacus/cdc_components!CdcComponentsModule.ɵfac:member",
              "docComment": "",
              "excerptTokens": [
                {
                  "kind": "Content",
                  "text": "static ɵfac: "
                },
                {
                  "kind": "Content",
                  "text": "i0."
                },
                {
                  "kind": "Reference",
                  "text": "ɵɵFactoryDeclaration",
                  "canonicalReference": "@angular/core!ɵɵFactoryDeclaration:type"
                },
                {
                  "kind": "Content",
                  "text": "<"
                },
                {
                  "kind": "Reference",
                  "text": "CdcComponentsModule",
                  "canonicalReference": "@spartacus/cdc_components!CdcComponentsModule:class"
                },
                {
                  "kind": "Content",
                  "text": ", never>"
                },
                {
                  "kind": "Content",
                  "text": ";"
                }
              ],
              "isOptional": false,
              "releaseTag": "Public",
              "name": "ɵfac",
              "propertyTypeTokenRange": {
                "startIndex": 1,
                "endIndex": 6
              },
              "isStatic": true
            },
            {
              "kind": "Property",
              "canonicalReference": "@spartacus/cdc_components!CdcComponentsModule.ɵinj:member",
              "docComment": "",
              "excerptTokens": [
                {
                  "kind": "Content",
                  "text": "static ɵinj: "
                },
                {
                  "kind": "Content",
                  "text": "i0."
                },
                {
                  "kind": "Reference",
                  "text": "ɵɵInjectorDeclaration",
                  "canonicalReference": "@angular/core!ɵɵInjectorDeclaration:type"
                },
                {
                  "kind": "Content",
                  "text": "<"
                },
                {
                  "kind": "Reference",
                  "text": "CdcComponentsModule",
                  "canonicalReference": "@spartacus/cdc_components!CdcComponentsModule:class"
                },
                {
                  "kind": "Content",
                  "text": ">"
                },
                {
                  "kind": "Content",
                  "text": ";"
                }
              ],
              "isOptional": false,
              "releaseTag": "Public",
              "name": "ɵinj",
              "propertyTypeTokenRange": {
                "startIndex": 1,
                "endIndex": 6
              },
              "isStatic": true
            },
            {
              "kind": "Property",
              "canonicalReference": "@spartacus/cdc_components!CdcComponentsModule.ɵmod:member",
              "docComment": "",
              "excerptTokens": [
                {
                  "kind": "Content",
                  "text": "static ɵmod: "
                },
                {
                  "kind": "Content",
                  "text": "i0."
                },
                {
                  "kind": "Reference",
                  "text": "ɵɵNgModuleDeclaration",
                  "canonicalReference": "@angular/core!ɵɵNgModuleDeclaration:type"
                },
                {
                  "kind": "Content",
                  "text": "<"
                },
                {
                  "kind": "Reference",
                  "text": "CdcComponentsModule",
                  "canonicalReference": "@spartacus/cdc_components!CdcComponentsModule:class"
                },
                {
                  "kind": "Content",
                  "text": ", never, [typeof i1."
                },
                {
                  "kind": "Reference",
                  "text": "CommonModule",
                  "canonicalReference": "@angular/common!CommonModule:class"
                },
                {
                  "kind": "Content",
                  "text": ", typeof i2."
                },
                {
                  "kind": "Reference",
                  "text": "GigyaRaasModule",
                  "canonicalReference": "@spartacus/cdc_components!GigyaRaasModule:class"
                },
                {
                  "kind": "Content",
                  "text": "], never>"
                },
                {
                  "kind": "Content",
                  "text": ";"
                }
              ],
              "isOptional": false,
              "releaseTag": "Public",
              "name": "ɵmod",
              "propertyTypeTokenRange": {
                "startIndex": 1,
                "endIndex": 10
              },
              "isStatic": true
            }
          ],
          "implementsTokenRanges": []
        },
        {
          "kind": "Class",
          "canonicalReference": "@spartacus/cdc_components!GigyaRaasComponent:class",
          "docComment": "",
          "excerptTokens": [
            {
              "kind": "Content",
              "text": "export declare class GigyaRaasComponent implements "
            },
            {
              "kind": "Reference",
              "text": "OnInit",
              "canonicalReference": "@angular/core!OnInit:interface"
            },
            {
              "kind": "Content",
              "text": " "
            }
          ],
          "releaseTag": "Public",
          "name": "GigyaRaasComponent",
          "members": [
            {
              "kind": "Constructor",
              "canonicalReference": "@spartacus/cdc_components!GigyaRaasComponent:constructor(1)",
              "docComment": "/**\n * Constructs a new instance of the `GigyaRaasComponent` class\n */\n",
              "excerptTokens": [
                {
                  "kind": "Content",
                  "text": "constructor(component: "
                },
                {
                  "kind": "Reference",
                  "text": "CmsComponentData",
                  "canonicalReference": "@spartacus/cdc_components!CmsComponentData:class"
                },
                {
                  "kind": "Content",
                  "text": "<"
                },
                {
                  "kind": "Reference",
                  "text": "GigyaRaasComponentData",
                  "canonicalReference": "@spartacus/cdc_components!GigyaRaasComponentData:interface"
                },
                {
                  "kind": "Content",
                  "text": ">"
                },
                {
                  "kind": "Content",
                  "text": ", baseSiteService: "
                },
                {
                  "kind": "Reference",
                  "text": "BaseSiteService",
                  "canonicalReference": "@spartacus/cdc_components!BaseSiteService:class"
                },
                {
                  "kind": "Content",
                  "text": ", languageService: "
                },
                {
                  "kind": "Reference",
                  "text": "LanguageService",
                  "canonicalReference": "@spartacus/cdc_components!LanguageService:class"
                },
                {
                  "kind": "Content",
                  "text": ", cdcConfig: "
                },
                {
                  "kind": "Reference",
                  "text": "CdcConfig",
                  "canonicalReference": "@spartacus/cdc_components!CdcConfig:class"
                },
                {
                  "kind": "Content",
                  "text": ", winRef: "
                },
                {
                  "kind": "Reference",
                  "text": "WindowRef",
                  "canonicalReference": "@spartacus/cdc_components!WindowRef:class"
                },
                {
                  "kind": "Content",
                  "text": ", cdcJSService: "
                },
                {
                  "kind": "Reference",
                  "text": "CdcJsService",
                  "canonicalReference": "@spartacus/cdc_components!CdcJsService:class"
                },
                {
                  "kind": "Content",
                  "text": ", zone: "
                },
                {
                  "kind": "Reference",
                  "text": "NgZone",
                  "canonicalReference": "@angular/core!NgZone:class"
                },
                {
                  "kind": "Content",
                  "text": ");"
                }
              ],
              "releaseTag": "Public",
              "overloadIndex": 1,
              "parameters": [
                {
                  "parameterName": "component",
                  "parameterTypeTokenRange": {
                    "startIndex": 1,
                    "endIndex": 5
                  }
                },
                {
                  "parameterName": "baseSiteService",
                  "parameterTypeTokenRange": {
                    "startIndex": 6,
                    "endIndex": 7
                  }
                },
                {
                  "parameterName": "languageService",
                  "parameterTypeTokenRange": {
                    "startIndex": 8,
                    "endIndex": 9
                  }
                },
                {
                  "parameterName": "cdcConfig",
                  "parameterTypeTokenRange": {
                    "startIndex": 10,
                    "endIndex": 11
                  }
                },
                {
                  "parameterName": "winRef",
                  "parameterTypeTokenRange": {
                    "startIndex": 12,
                    "endIndex": 13
                  }
                },
                {
                  "parameterName": "cdcJSService",
                  "parameterTypeTokenRange": {
                    "startIndex": 14,
                    "endIndex": 15
                  }
                },
                {
                  "parameterName": "zone",
                  "parameterTypeTokenRange": {
                    "startIndex": 16,
                    "endIndex": 17
                  }
                }
              ]
            },
            {
              "kind": "Property",
              "canonicalReference": "@spartacus/cdc_components!GigyaRaasComponent#component:member",
              "docComment": "",
              "excerptTokens": [
                {
                  "kind": "Content",
                  "text": "component: "
                },
                {
                  "kind": "Reference",
                  "text": "CmsComponentData",
                  "canonicalReference": "@spartacus/cdc_components!CmsComponentData:class"
                },
                {
                  "kind": "Content",
                  "text": "<"
                },
                {
                  "kind": "Reference",
                  "text": "GigyaRaasComponentData",
                  "canonicalReference": "@spartacus/cdc_components!GigyaRaasComponentData:interface"
                },
                {
                  "kind": "Content",
                  "text": ">"
                },
                {
                  "kind": "Content",
                  "text": ";"
                }
              ],
              "isOptional": false,
              "releaseTag": "Public",
              "name": "component",
              "propertyTypeTokenRange": {
                "startIndex": 1,
                "endIndex": 5
              },
              "isStatic": false
            },
            {
              "kind": "Method",
              "canonicalReference": "@spartacus/cdc_components!GigyaRaasComponent#displayInEmbedMode:member(1)",
              "docComment": "/**\n * Check if the component should be displayed in embed mode\n *\n * @param data - GigyaRaasComponentData\n */\n",
              "excerptTokens": [
                {
                  "kind": "Content",
                  "text": "displayInEmbedMode(data: "
                },
                {
                  "kind": "Reference",
                  "text": "GigyaRaasComponentData",
                  "canonicalReference": "@spartacus/cdc_components!GigyaRaasComponentData:interface"
                },
                {
                  "kind": "Content",
                  "text": "): "
                },
                {
                  "kind": "Content",
                  "text": "boolean"
                },
                {
                  "kind": "Content",
                  "text": ";"
                }
              ],
              "isOptional": false,
              "isStatic": false,
              "returnTypeTokenRange": {
                "startIndex": 3,
                "endIndex": 4
              },
              "releaseTag": "Public",
              "overloadIndex": 1,
              "parameters": [
                {
                  "parameterName": "data",
                  "parameterTypeTokenRange": {
                    "startIndex": 1,
                    "endIndex": 2
                  }
                }
              ],
              "name": "displayInEmbedMode"
            },
            {
              "kind": "Method",
              "canonicalReference": "@spartacus/cdc_components!GigyaRaasComponent#displayScreenSet:member(1)",
              "docComment": "/**\n * Display screen set in embed mode\n *\n * @param data - GigyaRaasComponentData\n *\n * @param lang - language\n */\n",
              "excerptTokens": [
                {
                  "kind": "Content",
                  "text": "displayScreenSet(data: "
                },
                {
                  "kind": "Reference",
                  "text": "GigyaRaasComponentData",
                  "canonicalReference": "@spartacus/cdc_components!GigyaRaasComponentData:interface"
                },
                {
                  "kind": "Content",
                  "text": ", lang: "
                },
                {
                  "kind": "Content",
                  "text": "string"
                },
                {
                  "kind": "Content",
                  "text": "): "
                },
                {
                  "kind": "Content",
                  "text": "void"
                },
                {
                  "kind": "Content",
                  "text": ";"
                }
              ],
              "isOptional": false,
              "isStatic": false,
              "returnTypeTokenRange": {
                "startIndex": 5,
                "endIndex": 6
              },
              "releaseTag": "Public",
              "overloadIndex": 1,
              "parameters": [
                {
                  "parameterName": "data",
                  "parameterTypeTokenRange": {
                    "startIndex": 1,
                    "endIndex": 2
                  }
                },
                {
                  "parameterName": "lang",
                  "parameterTypeTokenRange": {
                    "startIndex": 3,
                    "endIndex": 4
                  }
                }
              ],
              "name": "displayScreenSet"
            },
            {
              "kind": "Method",
              "canonicalReference": "@spartacus/cdc_components!GigyaRaasComponent#getSessionExpirationValue:member(1)",
              "docComment": "",
              "excerptTokens": [
                {
                  "kind": "Content",
                  "text": "protected getSessionExpirationValue(): "
                },
                {
                  "kind": "Content",
                  "text": "number"
                },
                {
                  "kind": "Content",
                  "text": ";"
                }
              ],
              "isOptional": false,
              "isStatic": false,
              "returnTypeTokenRange": {
                "startIndex": 1,
                "endIndex": 2
              },
              "releaseTag": "Public",
              "overloadIndex": 1,
              "parameters": [],
              "name": "getSessionExpirationValue"
            },
            {
              "kind": "Method",
              "canonicalReference": "@spartacus/cdc_components!GigyaRaasComponent#isLoginScreenSet:member(1)",
              "docComment": "",
              "excerptTokens": [
                {
                  "kind": "Content",
                  "text": "protected isLoginScreenSet(data: "
                },
                {
                  "kind": "Reference",
                  "text": "GigyaRaasComponentData",
                  "canonicalReference": "@spartacus/cdc_components!GigyaRaasComponentData:interface"
                },
                {
                  "kind": "Content",
                  "text": "): "
                },
                {
                  "kind": "Content",
                  "text": "boolean"
                },
                {
                  "kind": "Content",
                  "text": ";"
                }
              ],
              "isOptional": false,
              "isStatic": false,
              "returnTypeTokenRange": {
                "startIndex": 3,
                "endIndex": 4
              },
              "releaseTag": "Public",
              "overloadIndex": 1,
              "parameters": [
                {
                  "parameterName": "data",
                  "parameterTypeTokenRange": {
                    "startIndex": 1,
                    "endIndex": 2
                  }
                }
              ],
              "name": "isLoginScreenSet"
            },
            {
              "kind": "Property",
              "canonicalReference": "@spartacus/cdc_components!GigyaRaasComponent#jsError$:member",
              "docComment": "",
              "excerptTokens": [
                {
                  "kind": "Content",
                  "text": "jsError$: "
                },
                {
                  "kind": "Reference",
                  "text": "Observable",
                  "canonicalReference": "rxjs!Observable:class"
                },
                {
                  "kind": "Content",
                  "text": "<boolean>"
                },
                {
                  "kind": "Content",
                  "text": ";"
                }
              ],
              "isOptional": false,
              "releaseTag": "Public",
              "name": "jsError$",
              "propertyTypeTokenRange": {
                "startIndex": 1,
                "endIndex": 3
              },
              "isStatic": false
            },
            {
              "kind": "Property",
              "canonicalReference": "@spartacus/cdc_components!GigyaRaasComponent#jsLoaded$:member",
              "docComment": "",
              "excerptTokens": [
                {
                  "kind": "Content",
                  "text": "jsLoaded$: "
                },
                {
                  "kind": "Reference",
                  "text": "Observable",
                  "canonicalReference": "rxjs!Observable:class"
                },
                {
                  "kind": "Content",
                  "text": "<boolean>"
                },
                {
                  "kind": "Content",
                  "text": ";"
                }
              ],
              "isOptional": false,
              "releaseTag": "Public",
              "name": "jsLoaded$",
              "propertyTypeTokenRange": {
                "startIndex": 1,
                "endIndex": 3
              },
              "isStatic": false
            },
            {
              "kind": "Property",
              "canonicalReference": "@spartacus/cdc_components!GigyaRaasComponent#language$:member",
              "docComment": "",
              "excerptTokens": [
                {
                  "kind": "Content",
                  "text": "language$: "
                },
                {
                  "kind": "Reference",
                  "text": "Observable",
                  "canonicalReference": "rxjs!Observable:class"
                },
                {
                  "kind": "Content",
                  "text": "<string>"
                },
                {
                  "kind": "Content",
                  "text": ";"
                }
              ],
              "isOptional": false,
              "releaseTag": "Public",
              "name": "language$",
              "propertyTypeTokenRange": {
                "startIndex": 1,
                "endIndex": 3
              },
              "isStatic": false
            },
            {
              "kind": "Method",
              "canonicalReference": "@spartacus/cdc_components!GigyaRaasComponent#ngOnInit:member(1)",
              "docComment": "",
              "excerptTokens": [
                {
                  "kind": "Content",
                  "text": "ngOnInit(): "
                },
                {
                  "kind": "Content",
                  "text": "void"
                },
                {
                  "kind": "Content",
                  "text": ";"
                }
              ],
              "isOptional": false,
              "isStatic": false,
              "returnTypeTokenRange": {
                "startIndex": 1,
                "endIndex": 2
              },
              "releaseTag": "Public",
              "overloadIndex": 1,
              "parameters": [],
              "name": "ngOnInit"
            },
            {
              "kind": "Property",
              "canonicalReference": "@spartacus/cdc_components!GigyaRaasComponent.ɵcmp:member",
              "docComment": "",
              "excerptTokens": [
                {
                  "kind": "Content",
                  "text": "static ɵcmp: "
                },
                {
                  "kind": "Content",
                  "text": "i0."
                },
                {
                  "kind": "Reference",
                  "text": "ɵɵComponentDeclaration",
                  "canonicalReference": "@angular/core!ɵɵComponentDeclaration:type"
                },
                {
                  "kind": "Content",
                  "text": "<"
                },
                {
                  "kind": "Reference",
                  "text": "GigyaRaasComponent",
                  "canonicalReference": "@spartacus/cdc_components!GigyaRaasComponent:class"
                },
                {
                  "kind": "Content",
                  "text": ", \"cx-gigya-raas\", never, {}, {}, never, never>"
                },
                {
                  "kind": "Content",
                  "text": ";"
                }
              ],
              "isOptional": false,
              "releaseTag": "Public",
              "name": "ɵcmp",
              "propertyTypeTokenRange": {
                "startIndex": 1,
                "endIndex": 6
              },
              "isStatic": true
            },
            {
              "kind": "Property",
              "canonicalReference": "@spartacus/cdc_components!GigyaRaasComponent.ɵfac:member",
              "docComment": "",
              "excerptTokens": [
                {
                  "kind": "Content",
                  "text": "static ɵfac: "
                },
                {
                  "kind": "Content",
                  "text": "i0."
                },
                {
                  "kind": "Reference",
                  "text": "ɵɵFactoryDeclaration",
                  "canonicalReference": "@angular/core!ɵɵFactoryDeclaration:type"
                },
                {
                  "kind": "Content",
                  "text": "<"
                },
                {
                  "kind": "Reference",
                  "text": "GigyaRaasComponent",
                  "canonicalReference": "@spartacus/cdc_components!GigyaRaasComponent:class"
                },
                {
                  "kind": "Content",
                  "text": ", never>"
                },
                {
                  "kind": "Content",
                  "text": ";"
                }
              ],
              "isOptional": false,
              "releaseTag": "Public",
              "name": "ɵfac",
              "propertyTypeTokenRange": {
                "startIndex": 1,
                "endIndex": 6
              },
              "isStatic": true
            },
            {
              "kind": "Property",
              "canonicalReference": "@spartacus/cdc_components!GigyaRaasComponent#renderScreenSet:member",
              "docComment": "",
              "excerptTokens": [
                {
                  "kind": "Content",
                  "text": "protected renderScreenSet: "
                },
                {
                  "kind": "Content",
                  "text": "boolean"
                },
                {
                  "kind": "Content",
                  "text": ";"
                }
              ],
              "isOptional": false,
              "releaseTag": "Public",
              "name": "renderScreenSet",
              "propertyTypeTokenRange": {
                "startIndex": 1,
                "endIndex": 2
              },
              "isStatic": false
            },
            {
              "kind": "Method",
              "canonicalReference": "@spartacus/cdc_components!GigyaRaasComponent#showScreenSet:member(1)",
              "docComment": "/**\n * Show screen set\n *\n * @param data - GigyaRaasComponentData\n *\n * @param lang - language\n */\n",
              "excerptTokens": [
                {
                  "kind": "Content",
                  "text": "showScreenSet(data: "
                },
                {
                  "kind": "Reference",
                  "text": "GigyaRaasComponentData",
                  "canonicalReference": "@spartacus/cdc_components!GigyaRaasComponentData:interface"
                },
                {
                  "kind": "Content",
                  "text": ", lang: "
                },
                {
                  "kind": "Content",
                  "text": "string"
                },
                {
                  "kind": "Content",
                  "text": "): "
                },
                {
                  "kind": "Content",
                  "text": "void"
                },
                {
                  "kind": "Content",
                  "text": ";"
                }
              ],
              "isOptional": false,
              "isStatic": false,
              "returnTypeTokenRange": {
                "startIndex": 5,
                "endIndex": 6
              },
              "releaseTag": "Public",
              "overloadIndex": 1,
              "parameters": [
                {
                  "parameterName": "data",
                  "parameterTypeTokenRange": {
                    "startIndex": 1,
                    "endIndex": 2
                  }
                },
                {
                  "parameterName": "lang",
                  "parameterTypeTokenRange": {
                    "startIndex": 3,
                    "endIndex": 4
                  }
                }
              ],
              "name": "showScreenSet"
            }
          ],
          "implementsTokenRanges": [
            {
              "startIndex": 1,
              "endIndex": 3
            }
          ]
        },
        {
          "kind": "Class",
          "canonicalReference": "@spartacus/cdc_components!GigyaRaasModule:class",
          "docComment": "",
          "excerptTokens": [
            {
              "kind": "Content",
              "text": "export declare class GigyaRaasModule "
            }
          ],
          "releaseTag": "Public",
          "name": "GigyaRaasModule",
          "members": [
            {
              "kind": "Property",
              "canonicalReference": "@spartacus/cdc_components!GigyaRaasModule.ɵfac:member",
              "docComment": "",
              "excerptTokens": [
                {
                  "kind": "Content",
                  "text": "static ɵfac: "
                },
                {
                  "kind": "Content",
                  "text": "i0."
                },
                {
                  "kind": "Reference",
                  "text": "ɵɵFactoryDeclaration",
                  "canonicalReference": "@angular/core!ɵɵFactoryDeclaration:type"
                },
                {
                  "kind": "Content",
                  "text": "<"
                },
                {
                  "kind": "Reference",
                  "text": "GigyaRaasModule",
                  "canonicalReference": "@spartacus/cdc_components!GigyaRaasModule:class"
                },
                {
                  "kind": "Content",
                  "text": ", never>"
                },
                {
                  "kind": "Content",
                  "text": ";"
                }
              ],
              "isOptional": false,
              "releaseTag": "Public",
              "name": "ɵfac",
              "propertyTypeTokenRange": {
                "startIndex": 1,
                "endIndex": 6
              },
              "isStatic": true
            },
            {
              "kind": "Property",
              "canonicalReference": "@spartacus/cdc_components!GigyaRaasModule.ɵinj:member",
              "docComment": "",
              "excerptTokens": [
                {
                  "kind": "Content",
                  "text": "static ɵinj: "
                },
                {
                  "kind": "Content",
                  "text": "i0."
                },
                {
                  "kind": "Reference",
                  "text": "ɵɵInjectorDeclaration",
                  "canonicalReference": "@angular/core!ɵɵInjectorDeclaration:type"
                },
                {
                  "kind": "Content",
                  "text": "<"
                },
                {
                  "kind": "Reference",
                  "text": "GigyaRaasModule",
                  "canonicalReference": "@spartacus/cdc_components!GigyaRaasModule:class"
                },
                {
                  "kind": "Content",
                  "text": ">"
                },
                {
                  "kind": "Content",
                  "text": ";"
                }
              ],
              "isOptional": false,
              "releaseTag": "Public",
              "name": "ɵinj",
              "propertyTypeTokenRange": {
                "startIndex": 1,
                "endIndex": 6
              },
              "isStatic": true
            },
            {
              "kind": "Property",
              "canonicalReference": "@spartacus/cdc_components!GigyaRaasModule.ɵmod:member",
              "docComment": "",
              "excerptTokens": [
                {
                  "kind": "Content",
                  "text": "static ɵmod: "
                },
                {
                  "kind": "Content",
                  "text": "i0."
                },
                {
                  "kind": "Reference",
                  "text": "ɵɵNgModuleDeclaration",
                  "canonicalReference": "@angular/core!ɵɵNgModuleDeclaration:type"
                },
                {
                  "kind": "Content",
                  "text": "<"
                },
                {
                  "kind": "Reference",
                  "text": "GigyaRaasModule",
                  "canonicalReference": "@spartacus/cdc_components!GigyaRaasModule:class"
                },
                {
                  "kind": "Content",
                  "text": ", [typeof i1."
                },
                {
                  "kind": "Reference",
                  "text": "GigyaRaasComponent",
                  "canonicalReference": "@spartacus/cdc_components!GigyaRaasComponent:class"
                },
                {
                  "kind": "Content",
                  "text": "], [typeof i2."
                },
                {
                  "kind": "Reference",
                  "text": "CommonModule",
                  "canonicalReference": "@angular/common!CommonModule:class"
                },
                {
                  "kind": "Content",
                  "text": ", typeof i3."
                },
                {
                  "kind": "Reference",
                  "text": "I18nModule",
                  "canonicalReference": "@spartacus/cdc_components!I18nModule:class"
                },
                {
                  "kind": "Content",
                  "text": ", typeof i3."
                },
                {
                  "kind": "Reference",
                  "text": "ConfigModule",
                  "canonicalReference": "@spartacus/cdc_components!ConfigModule:class"
                },
                {
                  "kind": "Content",
                  "text": "], [typeof i1."
                },
                {
                  "kind": "Reference",
                  "text": "GigyaRaasComponent",
                  "canonicalReference": "@spartacus/cdc_components!GigyaRaasComponent:class"
                },
                {
                  "kind": "Content",
                  "text": "]>"
                },
                {
                  "kind": "Content",
                  "text": ";"
                }
              ],
              "isOptional": false,
              "releaseTag": "Public",
              "name": "ɵmod",
              "propertyTypeTokenRange": {
                "startIndex": 1,
                "endIndex": 16
              },
              "isStatic": true
            }
          ],
          "implementsTokenRanges": []
        }
      ]
    }
  ]
}
