{
  "metadata": {
    "toolPackage": "@microsoft/api-extractor",
    "toolVersion": "7.19.4",
    "schemaVersion": 1004,
    "oldestForwardsCompatibleVersion": 1001,
    "tsdocConfig": {
      "$schema": "https://developer.microsoft.com/json-schemas/tsdoc/v0/tsdoc.schema.json",
      "noStandardTags": true,
      "tagDefinitions": [
        {
          "tagName": "@alpha",
          "syntaxKind": "modifier"
        },
        {
          "tagName": "@beta",
          "syntaxKind": "modifier"
        },
        {
          "tagName": "@defaultValue",
          "syntaxKind": "block"
        },
        {
          "tagName": "@decorator",
          "syntaxKind": "block",
          "allowMultiple": true
        },
        {
          "tagName": "@deprecated",
          "syntaxKind": "block"
        },
        {
          "tagName": "@eventProperty",
          "syntaxKind": "modifier"
        },
        {
          "tagName": "@example",
          "syntaxKind": "block",
          "allowMultiple": true
        },
        {
          "tagName": "@experimental",
          "syntaxKind": "modifier"
        },
        {
          "tagName": "@inheritDoc",
          "syntaxKind": "inline"
        },
        {
          "tagName": "@internal",
          "syntaxKind": "modifier"
        },
        {
          "tagName": "@label",
          "syntaxKind": "inline"
        },
        {
          "tagName": "@link",
          "syntaxKind": "inline",
          "allowMultiple": true
        },
        {
          "tagName": "@override",
          "syntaxKind": "modifier"
        },
        {
          "tagName": "@packageDocumentation",
          "syntaxKind": "modifier"
        },
        {
          "tagName": "@param",
          "syntaxKind": "block",
          "allowMultiple": true
        },
        {
          "tagName": "@privateRemarks",
          "syntaxKind": "block"
        },
        {
          "tagName": "@public",
          "syntaxKind": "modifier"
        },
        {
          "tagName": "@readonly",
          "syntaxKind": "modifier"
        },
        {
          "tagName": "@remarks",
          "syntaxKind": "block"
        },
        {
          "tagName": "@returns",
          "syntaxKind": "block"
        },
        {
          "tagName": "@sealed",
          "syntaxKind": "modifier"
        },
        {
          "tagName": "@see",
          "syntaxKind": "block"
        },
        {
          "tagName": "@throws",
          "syntaxKind": "block",
          "allowMultiple": true
        },
        {
          "tagName": "@typeParam",
          "syntaxKind": "block",
          "allowMultiple": true
        },
        {
          "tagName": "@virtual",
          "syntaxKind": "modifier"
        },
        {
          "tagName": "@betaDocumentation",
          "syntaxKind": "modifier"
        },
        {
          "tagName": "@internalRemarks",
          "syntaxKind": "block"
        },
        {
          "tagName": "@preapproved",
          "syntaxKind": "modifier"
        }
      ],
      "supportForTags": {
        "@alpha": true,
        "@beta": true,
        "@defaultValue": true,
        "@decorator": true,
        "@deprecated": true,
        "@eventProperty": true,
        "@example": true,
        "@experimental": true,
        "@inheritDoc": true,
        "@internal": true,
        "@label": true,
        "@link": true,
        "@override": true,
        "@packageDocumentation": true,
        "@param": true,
        "@privateRemarks": true,
        "@public": true,
        "@readonly": true,
        "@remarks": true,
        "@returns": true,
        "@sealed": true,
        "@see": true,
        "@throws": true,
        "@typeParam": true,
        "@virtual": true,
        "@betaDocumentation": true,
        "@internalRemarks": true,
        "@preapproved": true
      }
    }
  },
  "kind": "Package",
  "canonicalReference": "@spartacus/checkout_b2b_root!",
  "docComment": "",
  "name": "@spartacus/checkout_b2b_root",
  "members": [
    {
      "kind": "EntryPoint",
      "canonicalReference": "@spartacus/checkout_b2b_root!",
      "name": "",
      "members": [
        {
          "kind": "Enum",
          "canonicalReference": "@spartacus/checkout_b2b_root!B2BPaymentTypeEnum:enum",
          "docComment": "",
          "excerptTokens": [
            {
              "kind": "Content",
              "text": "export declare enum B2BPaymentTypeEnum "
            }
          ],
          "releaseTag": "Public",
          "name": "B2BPaymentTypeEnum",
          "members": [
            {
              "kind": "EnumMember",
              "canonicalReference": "@spartacus/checkout_b2b_root!B2BPaymentTypeEnum.ACCOUNT_PAYMENT:member",
              "docComment": "",
              "excerptTokens": [
                {
                  "kind": "Content",
                  "text": "ACCOUNT_PAYMENT = "
                },
                {
                  "kind": "Content",
                  "text": "\"ACCOUNT\""
                }
              ],
              "releaseTag": "Public",
              "name": "ACCOUNT_PAYMENT",
              "initializerTokenRange": {
                "startIndex": 1,
                "endIndex": 2
              }
            },
            {
              "kind": "EnumMember",
              "canonicalReference": "@spartacus/checkout_b2b_root!B2BPaymentTypeEnum.CARD_PAYMENT:member",
              "docComment": "",
              "excerptTokens": [
                {
                  "kind": "Content",
                  "text": "CARD_PAYMENT = "
                },
                {
                  "kind": "Content",
                  "text": "\"CARD\""
                }
              ],
              "releaseTag": "Public",
              "name": "CARD_PAYMENT",
              "initializerTokenRange": {
                "startIndex": 1,
                "endIndex": 2
              }
            }
          ]
        },
        {
          "kind": "Variable",
          "canonicalReference": "@spartacus/checkout_b2b_root!CHECKOUT_B2B_CMS_COMPONENTS:var",
          "docComment": "",
          "excerptTokens": [
            {
              "kind": "Content",
              "text": "CHECKOUT_B2B_CMS_COMPONENTS: "
            },
            {
              "kind": "Content",
              "text": "string[]"
            }
          ],
          "releaseTag": "Public",
          "name": "CHECKOUT_B2B_CMS_COMPONENTS",
          "variableTypeTokenRange": {
            "startIndex": 1,
            "endIndex": 2
          }
        },
        {
          "kind": "Class",
          "canonicalReference": "@spartacus/checkout_b2b_root!CheckoutB2BEventModule:class",
          "docComment": "",
          "excerptTokens": [
            {
              "kind": "Content",
              "text": "export declare class CheckoutB2BEventModule "
            }
          ],
          "releaseTag": "Public",
          "name": "CheckoutB2BEventModule",
          "members": [
            {
              "kind": "Constructor",
              "canonicalReference": "@spartacus/checkout_b2b_root!CheckoutB2BEventModule:constructor(1)",
              "docComment": "/**\n * Constructs a new instance of the `CheckoutB2BEventModule` class\n */\n",
              "excerptTokens": [
                {
                  "kind": "Content",
                  "text": "constructor(_checkoutCostCenterEventListener: "
                },
                {
                  "kind": "Reference",
                  "text": "CheckoutCostCenterEventListener",
                  "canonicalReference": "@spartacus/checkout_b2b_root!CheckoutCostCenterEventListener:class"
                },
                {
                  "kind": "Content",
                  "text": ", _checkoutPaymentTypeEventListener: "
                },
                {
                  "kind": "Reference",
                  "text": "CheckoutPaymentTypeEventListener",
                  "canonicalReference": "@spartacus/checkout_b2b_root!CheckoutPaymentTypeEventListener:class"
                },
                {
                  "kind": "Content",
                  "text": ");"
                }
              ],
              "releaseTag": "Public",
              "overloadIndex": 1,
              "parameters": [
                {
                  "parameterName": "_checkoutCostCenterEventListener",
                  "parameterTypeTokenRange": {
                    "startIndex": 1,
                    "endIndex": 2
                  }
                },
                {
                  "parameterName": "_checkoutPaymentTypeEventListener",
                  "parameterTypeTokenRange": {
                    "startIndex": 3,
                    "endIndex": 4
                  }
                }
              ]
            },
            {
              "kind": "Property",
              "canonicalReference": "@spartacus/checkout_b2b_root!CheckoutB2BEventModule.ɵfac:member",
              "docComment": "",
              "excerptTokens": [
                {
                  "kind": "Content",
                  "text": "static ɵfac: "
                },
                {
                  "kind": "Content",
                  "text": "i0."
                },
                {
                  "kind": "Reference",
                  "text": "ɵɵFactoryDeclaration",
                  "canonicalReference": "@angular/core!ɵɵFactoryDeclaration:type"
                },
                {
                  "kind": "Content",
                  "text": "<"
                },
                {
                  "kind": "Reference",
                  "text": "CheckoutB2BEventModule",
                  "canonicalReference": "@spartacus/checkout_b2b_root!CheckoutB2BEventModule:class"
                },
                {
                  "kind": "Content",
                  "text": ", never>"
                },
                {
                  "kind": "Content",
                  "text": ";"
                }
              ],
              "isOptional": false,
              "releaseTag": "Public",
              "name": "ɵfac",
              "propertyTypeTokenRange": {
                "startIndex": 1,
                "endIndex": 6
              },
              "isStatic": true
            },
            {
              "kind": "Property",
              "canonicalReference": "@spartacus/checkout_b2b_root!CheckoutB2BEventModule.ɵinj:member",
              "docComment": "",
              "excerptTokens": [
                {
                  "kind": "Content",
                  "text": "static ɵinj: "
                },
                {
                  "kind": "Content",
                  "text": "i0."
                },
                {
                  "kind": "Reference",
                  "text": "ɵɵInjectorDeclaration",
                  "canonicalReference": "@angular/core!ɵɵInjectorDeclaration:type"
                },
                {
                  "kind": "Content",
                  "text": "<"
                },
                {
                  "kind": "Reference",
                  "text": "CheckoutB2BEventModule",
                  "canonicalReference": "@spartacus/checkout_b2b_root!CheckoutB2BEventModule:class"
                },
                {
                  "kind": "Content",
                  "text": ">"
                },
                {
                  "kind": "Content",
                  "text": ";"
                }
              ],
              "isOptional": false,
              "releaseTag": "Public",
              "name": "ɵinj",
              "propertyTypeTokenRange": {
                "startIndex": 1,
                "endIndex": 6
              },
              "isStatic": true
            },
            {
              "kind": "Property",
              "canonicalReference": "@spartacus/checkout_b2b_root!CheckoutB2BEventModule.ɵmod:member",
              "docComment": "",
              "excerptTokens": [
                {
                  "kind": "Content",
                  "text": "static ɵmod: "
                },
                {
                  "kind": "Content",
                  "text": "i0."
                },
                {
                  "kind": "Reference",
                  "text": "ɵɵNgModuleDeclaration",
                  "canonicalReference": "@angular/core!ɵɵNgModuleDeclaration:type"
                },
                {
                  "kind": "Content",
                  "text": "<"
                },
                {
                  "kind": "Reference",
                  "text": "CheckoutB2BEventModule",
                  "canonicalReference": "@spartacus/checkout_b2b_root!CheckoutB2BEventModule:class"
                },
                {
                  "kind": "Content",
                  "text": ", never, never, never>"
                },
                {
                  "kind": "Content",
                  "text": ";"
                }
              ],
              "isOptional": false,
              "releaseTag": "Public",
              "name": "ɵmod",
              "propertyTypeTokenRange": {
                "startIndex": 1,
                "endIndex": 6
              },
              "isStatic": true
            }
          ],
          "implementsTokenRanges": []
        },
        {
          "kind": "Class",
          "canonicalReference": "@spartacus/checkout_b2b_root!CheckoutB2BRootModule:class",
          "docComment": "",
          "excerptTokens": [
            {
              "kind": "Content",
              "text": "export declare class CheckoutB2BRootModule "
            }
          ],
          "releaseTag": "Public",
          "name": "CheckoutB2BRootModule",
          "members": [
            {
              "kind": "Property",
              "canonicalReference": "@spartacus/checkout_b2b_root!CheckoutB2BRootModule.ɵfac:member",
              "docComment": "",
              "excerptTokens": [
                {
                  "kind": "Content",
                  "text": "static ɵfac: "
                },
                {
                  "kind": "Content",
                  "text": "i0."
                },
                {
                  "kind": "Reference",
                  "text": "ɵɵFactoryDeclaration",
                  "canonicalReference": "@angular/core!ɵɵFactoryDeclaration:type"
                },
                {
                  "kind": "Content",
                  "text": "<"
                },
                {
                  "kind": "Reference",
                  "text": "CheckoutB2BRootModule",
                  "canonicalReference": "@spartacus/checkout_b2b_root!CheckoutB2BRootModule:class"
                },
                {
                  "kind": "Content",
                  "text": ", never>"
                },
                {
                  "kind": "Content",
                  "text": ";"
                }
              ],
              "isOptional": false,
              "releaseTag": "Public",
              "name": "ɵfac",
              "propertyTypeTokenRange": {
                "startIndex": 1,
                "endIndex": 6
              },
              "isStatic": true
            },
            {
              "kind": "Property",
              "canonicalReference": "@spartacus/checkout_b2b_root!CheckoutB2BRootModule.ɵinj:member",
              "docComment": "",
              "excerptTokens": [
                {
                  "kind": "Content",
                  "text": "static ɵinj: "
                },
                {
                  "kind": "Content",
                  "text": "i0."
                },
                {
                  "kind": "Reference",
                  "text": "ɵɵInjectorDeclaration",
                  "canonicalReference": "@angular/core!ɵɵInjectorDeclaration:type"
                },
                {
                  "kind": "Content",
                  "text": "<"
                },
                {
                  "kind": "Reference",
                  "text": "CheckoutB2BRootModule",
                  "canonicalReference": "@spartacus/checkout_b2b_root!CheckoutB2BRootModule:class"
                },
                {
                  "kind": "Content",
                  "text": ">"
                },
                {
                  "kind": "Content",
                  "text": ";"
                }
              ],
              "isOptional": false,
              "releaseTag": "Public",
              "name": "ɵinj",
              "propertyTypeTokenRange": {
                "startIndex": 1,
                "endIndex": 6
              },
              "isStatic": true
            },
            {
              "kind": "Property",
              "canonicalReference": "@spartacus/checkout_b2b_root!CheckoutB2BRootModule.ɵmod:member",
              "docComment": "",
              "excerptTokens": [
                {
                  "kind": "Content",
                  "text": "static ɵmod: "
                },
                {
                  "kind": "Content",
                  "text": "i0."
                },
                {
                  "kind": "Reference",
                  "text": "ɵɵNgModuleDeclaration",
                  "canonicalReference": "@angular/core!ɵɵNgModuleDeclaration:type"
                },
                {
                  "kind": "Content",
                  "text": "<"
                },
                {
                  "kind": "Reference",
                  "text": "CheckoutB2BRootModule",
                  "canonicalReference": "@spartacus/checkout_b2b_root!CheckoutB2BRootModule:class"
                },
                {
                  "kind": "Content",
                  "text": ", never, [typeof i1."
                },
                {
                  "kind": "Reference",
                  "text": "CheckoutB2BEventModule",
                  "canonicalReference": "@spartacus/checkout_b2b_root!CheckoutB2BEventModule:class"
                },
                {
                  "kind": "Content",
                  "text": "], never>"
                },
                {
                  "kind": "Content",
                  "text": ";"
                }
              ],
              "isOptional": false,
              "releaseTag": "Public",
              "name": "ɵmod",
              "propertyTypeTokenRange": {
                "startIndex": 1,
                "endIndex": 8
              },
              "isStatic": true
            }
          ],
          "implementsTokenRanges": []
        },
        {
          "kind": "Class",
          "canonicalReference": "@spartacus/checkout_b2b_root!CheckoutCostCenterEvent:class",
          "docComment": "/**\n * An abstract event for all the cost center related events.\n */\n",
          "excerptTokens": [
            {
              "kind": "Content",
              "text": "export declare abstract class CheckoutCostCenterEvent extends "
            },
            {
              "kind": "Reference",
              "text": "CheckoutEvent",
              "canonicalReference": "@spartacus/checkout_b2b_root!CheckoutEvent:class"
            },
            {
              "kind": "Content",
              "text": " "
            }
          ],
          "releaseTag": "Public",
          "name": "CheckoutCostCenterEvent",
          "members": [],
          "extendsTokenRange": {
            "startIndex": 1,
            "endIndex": 3
          },
          "implementsTokenRanges": []
        },
        {
          "kind": "Class",
          "canonicalReference": "@spartacus/checkout_b2b_root!CheckoutCostCenterEventListener:class",
          "docComment": "",
          "excerptTokens": [
            {
              "kind": "Content",
              "text": "export declare class CheckoutCostCenterEventListener implements "
            },
            {
              "kind": "Reference",
              "text": "OnDestroy",
              "canonicalReference": "@angular/core!OnDestroy:interface"
            },
            {
              "kind": "Content",
              "text": " "
            }
          ],
          "releaseTag": "Public",
          "name": "CheckoutCostCenterEventListener",
          "members": [
            {
              "kind": "Constructor",
              "canonicalReference": "@spartacus/checkout_b2b_root!CheckoutCostCenterEventListener:constructor(1)",
              "docComment": "/**\n * Constructs a new instance of the `CheckoutCostCenterEventListener` class\n */\n",
              "excerptTokens": [
                {
                  "kind": "Content",
                  "text": "constructor(eventService: "
                },
                {
                  "kind": "Reference",
                  "text": "EventService",
                  "canonicalReference": "@spartacus/checkout_b2b_root!EventService:class"
                },
                {
                  "kind": "Content",
                  "text": ");"
                }
              ],
              "releaseTag": "Public",
              "overloadIndex": 1,
              "parameters": [
                {
                  "parameterName": "eventService",
                  "parameterTypeTokenRange": {
                    "startIndex": 1,
                    "endIndex": 2
                  }
                }
              ]
            },
            {
              "kind": "Property",
              "canonicalReference": "@spartacus/checkout_b2b_root!CheckoutCostCenterEventListener#eventService:member",
              "docComment": "",
              "excerptTokens": [
                {
                  "kind": "Content",
                  "text": "protected eventService: "
                },
                {
                  "kind": "Reference",
                  "text": "EventService",
                  "canonicalReference": "@spartacus/checkout_b2b_root!EventService:class"
                },
                {
                  "kind": "Content",
                  "text": ";"
                }
              ],
              "isOptional": false,
              "releaseTag": "Public",
              "name": "eventService",
              "propertyTypeTokenRange": {
                "startIndex": 1,
                "endIndex": 2
              },
              "isStatic": false
            },
            {
              "kind": "Method",
              "canonicalReference": "@spartacus/checkout_b2b_root!CheckoutCostCenterEventListener#ngOnDestroy:member(1)",
              "docComment": "",
              "excerptTokens": [
                {
                  "kind": "Content",
                  "text": "ngOnDestroy(): "
                },
                {
                  "kind": "Content",
                  "text": "void"
                },
                {
                  "kind": "Content",
                  "text": ";"
                }
              ],
              "isOptional": false,
              "isStatic": false,
              "returnTypeTokenRange": {
                "startIndex": 1,
                "endIndex": 2
              },
              "releaseTag": "Public",
              "overloadIndex": 1,
              "parameters": [],
              "name": "ngOnDestroy"
            },
            {
              "kind": "Method",
              "canonicalReference": "@spartacus/checkout_b2b_root!CheckoutCostCenterEventListener#onCostCenterSet:member(1)",
              "docComment": "",
              "excerptTokens": [
                {
                  "kind": "Content",
                  "text": "protected onCostCenterSet(): "
                },
                {
                  "kind": "Content",
                  "text": "void"
                },
                {
                  "kind": "Content",
                  "text": ";"
                }
              ],
              "isOptional": false,
              "isStatic": false,
              "returnTypeTokenRange": {
                "startIndex": 1,
                "endIndex": 2
              },
              "releaseTag": "Public",
              "overloadIndex": 1,
              "parameters": [],
              "name": "onCostCenterSet"
            },
            {
              "kind": "Property",
              "canonicalReference": "@spartacus/checkout_b2b_root!CheckoutCostCenterEventListener.ɵfac:member",
              "docComment": "",
              "excerptTokens": [
                {
                  "kind": "Content",
                  "text": "static ɵfac: "
                },
                {
                  "kind": "Content",
                  "text": "i0."
                },
                {
                  "kind": "Reference",
                  "text": "ɵɵFactoryDeclaration",
                  "canonicalReference": "@angular/core!ɵɵFactoryDeclaration:type"
                },
                {
                  "kind": "Content",
                  "text": "<"
                },
                {
                  "kind": "Reference",
                  "text": "CheckoutCostCenterEventListener",
                  "canonicalReference": "@spartacus/checkout_b2b_root!CheckoutCostCenterEventListener:class"
                },
                {
                  "kind": "Content",
                  "text": ", never>"
                },
                {
                  "kind": "Content",
                  "text": ";"
                }
              ],
              "isOptional": false,
              "releaseTag": "Public",
              "name": "ɵfac",
              "propertyTypeTokenRange": {
                "startIndex": 1,
                "endIndex": 6
              },
              "isStatic": true
            },
            {
              "kind": "Property",
              "canonicalReference": "@spartacus/checkout_b2b_root!CheckoutCostCenterEventListener.ɵprov:member",
              "docComment": "",
              "excerptTokens": [
                {
                  "kind": "Content",
                  "text": "static ɵprov: "
                },
                {
                  "kind": "Content",
                  "text": "i0."
                },
                {
                  "kind": "Reference",
                  "text": "ɵɵInjectableDeclaration",
                  "canonicalReference": "@angular/core!ɵɵInjectableDeclaration:interface"
                },
                {
                  "kind": "Content",
                  "text": "<"
                },
                {
                  "kind": "Reference",
                  "text": "CheckoutCostCenterEventListener",
                  "canonicalReference": "@spartacus/checkout_b2b_root!CheckoutCostCenterEventListener:class"
                },
                {
                  "kind": "Content",
                  "text": ">"
                },
                {
                  "kind": "Content",
                  "text": ";"
                }
              ],
              "isOptional": false,
              "releaseTag": "Public",
              "name": "ɵprov",
              "propertyTypeTokenRange": {
                "startIndex": 1,
                "endIndex": 6
              },
              "isStatic": true
            },
            {
              "kind": "Property",
              "canonicalReference": "@spartacus/checkout_b2b_root!CheckoutCostCenterEventListener#subscriptions:member",
              "docComment": "",
              "excerptTokens": [
                {
                  "kind": "Content",
                  "text": "protected subscriptions: "
                },
                {
                  "kind": "Reference",
                  "text": "Subscription",
                  "canonicalReference": "rxjs!Subscription:class"
                },
                {
                  "kind": "Content",
                  "text": ";"
                }
              ],
              "isOptional": false,
              "releaseTag": "Public",
              "name": "subscriptions",
              "propertyTypeTokenRange": {
                "startIndex": 1,
                "endIndex": 2
              },
              "isStatic": false
            }
          ],
          "implementsTokenRanges": [
            {
              "startIndex": 1,
              "endIndex": 3
            }
          ]
        },
        {
          "kind": "Class",
          "canonicalReference": "@spartacus/checkout_b2b_root!CheckoutCostCenterFacade:class",
          "docComment": "",
          "excerptTokens": [
            {
              "kind": "Content",
              "text": "export declare abstract class CheckoutCostCenterFacade "
            }
          ],
          "releaseTag": "Public",
          "name": "CheckoutCostCenterFacade",
          "members": [
            {
              "kind": "Method",
              "canonicalReference": "@spartacus/checkout_b2b_root!CheckoutCostCenterFacade#getCostCenterState:member(1)",
              "docComment": "/**\n * Get cost center id from cart\n */\n",
              "excerptTokens": [
                {
                  "kind": "Content",
                  "text": "abstract getCostCenterState(): "
                },
                {
                  "kind": "Reference",
                  "text": "Observable",
                  "canonicalReference": "rxjs!Observable:class"
                },
                {
                  "kind": "Content",
                  "text": "<"
                },
                {
                  "kind": "Reference",
                  "text": "QueryState",
                  "canonicalReference": "@spartacus/checkout_b2b_root!QueryState:interface"
                },
                {
                  "kind": "Content",
                  "text": "<"
                },
                {
                  "kind": "Reference",
                  "text": "CostCenter",
                  "canonicalReference": "@spartacus/checkout_b2b_root!CostCenter:interface"
                },
                {
                  "kind": "Content",
                  "text": " | undefined>>"
                },
                {
                  "kind": "Content",
                  "text": ";"
                }
              ],
              "isOptional": false,
              "isStatic": false,
              "returnTypeTokenRange": {
                "startIndex": 1,
                "endIndex": 7
              },
              "releaseTag": "Public",
              "overloadIndex": 1,
              "parameters": [],
              "name": "getCostCenterState"
            },
            {
              "kind": "Property",
              "canonicalReference": "@spartacus/checkout_b2b_root!CheckoutCostCenterFacade.ɵfac:member",
              "docComment": "",
              "excerptTokens": [
                {
                  "kind": "Content",
                  "text": "static ɵfac: "
                },
                {
                  "kind": "Content",
                  "text": "i0."
                },
                {
                  "kind": "Reference",
                  "text": "ɵɵFactoryDeclaration",
                  "canonicalReference": "@angular/core!ɵɵFactoryDeclaration:type"
                },
                {
                  "kind": "Content",
                  "text": "<"
                },
                {
                  "kind": "Reference",
                  "text": "CheckoutCostCenterFacade",
                  "canonicalReference": "@spartacus/checkout_b2b_root!CheckoutCostCenterFacade:class"
                },
                {
                  "kind": "Content",
                  "text": ", never>"
                },
                {
                  "kind": "Content",
                  "text": ";"
                }
              ],
              "isOptional": false,
              "releaseTag": "Public",
              "name": "ɵfac",
              "propertyTypeTokenRange": {
                "startIndex": 1,
                "endIndex": 6
              },
              "isStatic": true
            },
            {
              "kind": "Property",
              "canonicalReference": "@spartacus/checkout_b2b_root!CheckoutCostCenterFacade.ɵprov:member",
              "docComment": "",
              "excerptTokens": [
                {
                  "kind": "Content",
                  "text": "static ɵprov: "
                },
                {
                  "kind": "Content",
                  "text": "i0."
                },
                {
                  "kind": "Reference",
                  "text": "ɵɵInjectableDeclaration",
                  "canonicalReference": "@angular/core!ɵɵInjectableDeclaration:interface"
                },
                {
                  "kind": "Content",
                  "text": "<"
                },
                {
                  "kind": "Reference",
                  "text": "CheckoutCostCenterFacade",
                  "canonicalReference": "@spartacus/checkout_b2b_root!CheckoutCostCenterFacade:class"
                },
                {
                  "kind": "Content",
                  "text": ">"
                },
                {
                  "kind": "Content",
                  "text": ";"
                }
              ],
              "isOptional": false,
              "releaseTag": "Public",
              "name": "ɵprov",
              "propertyTypeTokenRange": {
                "startIndex": 1,
                "endIndex": 6
              },
              "isStatic": true
            },
            {
              "kind": "Method",
              "canonicalReference": "@spartacus/checkout_b2b_root!CheckoutCostCenterFacade#setCostCenter:member(1)",
              "docComment": "/**\n * Set cost center to cart\n *\n * @param costCenterId - : cost center id\n */\n",
              "excerptTokens": [
                {
                  "kind": "Content",
                  "text": "abstract setCostCenter(costCenterId: "
                },
                {
                  "kind": "Content",
                  "text": "string"
                },
                {
                  "kind": "Content",
                  "text": "): "
                },
                {
                  "kind": "Reference",
                  "text": "Observable",
                  "canonicalReference": "rxjs!Observable:class"
                },
                {
                  "kind": "Content",
                  "text": "<"
                },
                {
                  "kind": "Reference",
                  "text": "Cart",
                  "canonicalReference": "@spartacus/checkout_b2b_root!Cart:interface"
                },
                {
                  "kind": "Content",
                  "text": ">"
                },
                {
                  "kind": "Content",
                  "text": ";"
                }
              ],
              "isOptional": false,
              "isStatic": false,
              "returnTypeTokenRange": {
                "startIndex": 3,
                "endIndex": 7
              },
              "releaseTag": "Public",
              "overloadIndex": 1,
              "parameters": [
                {
                  "parameterName": "costCenterId",
                  "parameterTypeTokenRange": {
                    "startIndex": 1,
                    "endIndex": 2
                  }
                }
              ],
              "name": "setCostCenter"
            }
          ],
          "implementsTokenRanges": []
        },
        {
          "kind": "Class",
          "canonicalReference": "@spartacus/checkout_b2b_root!CheckoutCostCenterSetEvent:class",
          "docComment": "/**\n * Fired when the cost center has been set.\n */\n",
          "excerptTokens": [
            {
              "kind": "Content",
              "text": "export declare class CheckoutCostCenterSetEvent extends "
            },
            {
              "kind": "Reference",
              "text": "CheckoutCostCenterEvent",
              "canonicalReference": "@spartacus/checkout_b2b_root!CheckoutCostCenterEvent:class"
            },
            {
              "kind": "Content",
              "text": " "
            }
          ],
          "releaseTag": "Public",
          "name": "CheckoutCostCenterSetEvent",
          "members": [
            {
              "kind": "Property",
              "canonicalReference": "@spartacus/checkout_b2b_root!CheckoutCostCenterSetEvent#code:member",
              "docComment": "/**\n * Cost center code\n */\n",
              "excerptTokens": [
                {
                  "kind": "Content",
                  "text": "code: "
                },
                {
                  "kind": "Content",
                  "text": "string"
                },
                {
                  "kind": "Content",
                  "text": ";"
                }
              ],
              "isOptional": false,
              "releaseTag": "Public",
              "name": "code",
              "propertyTypeTokenRange": {
                "startIndex": 1,
                "endIndex": 2
              },
              "isStatic": false
            },
            {
              "kind": "Property",
              "canonicalReference": "@spartacus/checkout_b2b_root!CheckoutCostCenterSetEvent.type:member",
              "docComment": "/**\n * Event's type\n */\n",
              "excerptTokens": [
                {
                  "kind": "Content",
                  "text": "static readonly type = \"CheckoutCostCenterSetEvent\";"
                }
              ],
              "isOptional": false,
              "releaseTag": "Public",
              "name": "type",
              "propertyTypeTokenRange": {
                "startIndex": 0,
                "endIndex": 0
              },
              "isStatic": true
            }
          ],
          "extendsTokenRange": {
            "startIndex": 1,
            "endIndex": 3
          },
          "implementsTokenRanges": []
        },
        {
          "kind": "Class",
          "canonicalReference": "@spartacus/checkout_b2b_root!CheckoutPaymentTypeEvent:class",
          "docComment": "/**\n * An abstract event for all the payment type related events.\n */\n",
          "excerptTokens": [
            {
              "kind": "Content",
              "text": "export declare abstract class CheckoutPaymentTypeEvent extends "
            },
            {
              "kind": "Reference",
              "text": "CheckoutEvent",
              "canonicalReference": "@spartacus/checkout_b2b_root!CheckoutEvent:class"
            },
            {
              "kind": "Content",
              "text": " "
            }
          ],
          "releaseTag": "Public",
          "name": "CheckoutPaymentTypeEvent",
          "members": [],
          "extendsTokenRange": {
            "startIndex": 1,
            "endIndex": 3
          },
          "implementsTokenRanges": []
        },
        {
          "kind": "Class",
          "canonicalReference": "@spartacus/checkout_b2b_root!CheckoutPaymentTypeEventListener:class",
          "docComment": "",
          "excerptTokens": [
            {
              "kind": "Content",
              "text": "export declare class CheckoutPaymentTypeEventListener implements "
            },
            {
              "kind": "Reference",
              "text": "OnDestroy",
              "canonicalReference": "@angular/core!OnDestroy:interface"
            },
            {
              "kind": "Content",
              "text": " "
            }
          ],
          "releaseTag": "Public",
          "name": "CheckoutPaymentTypeEventListener",
          "members": [
            {
              "kind": "Constructor",
              "canonicalReference": "@spartacus/checkout_b2b_root!CheckoutPaymentTypeEventListener:constructor(1)",
              "docComment": "/**\n * Constructs a new instance of the `CheckoutPaymentTypeEventListener` class\n */\n",
              "excerptTokens": [
                {
                  "kind": "Content",
                  "text": "constructor(eventService: "
                },
                {
                  "kind": "Reference",
                  "text": "EventService",
                  "canonicalReference": "@spartacus/checkout_b2b_root!EventService:class"
                },
                {
                  "kind": "Content",
                  "text": ");"
                }
              ],
              "releaseTag": "Public",
              "overloadIndex": 1,
              "parameters": [
                {
                  "parameterName": "eventService",
                  "parameterTypeTokenRange": {
                    "startIndex": 1,
                    "endIndex": 2
                  }
                }
              ]
            },
            {
              "kind": "Property",
              "canonicalReference": "@spartacus/checkout_b2b_root!CheckoutPaymentTypeEventListener#eventService:member",
              "docComment": "",
              "excerptTokens": [
                {
                  "kind": "Content",
                  "text": "protected eventService: "
                },
                {
                  "kind": "Reference",
                  "text": "EventService",
                  "canonicalReference": "@spartacus/checkout_b2b_root!EventService:class"
                },
                {
                  "kind": "Content",
                  "text": ";"
                }
              ],
              "isOptional": false,
              "releaseTag": "Public",
              "name": "eventService",
              "propertyTypeTokenRange": {
                "startIndex": 1,
                "endIndex": 2
              },
              "isStatic": false
            },
            {
              "kind": "Method",
              "canonicalReference": "@spartacus/checkout_b2b_root!CheckoutPaymentTypeEventListener#ngOnDestroy:member(1)",
              "docComment": "",
              "excerptTokens": [
                {
                  "kind": "Content",
                  "text": "ngOnDestroy(): "
                },
                {
                  "kind": "Content",
                  "text": "void"
                },
                {
                  "kind": "Content",
                  "text": ";"
                }
              ],
              "isOptional": false,
              "isStatic": false,
              "returnTypeTokenRange": {
                "startIndex": 1,
                "endIndex": 2
              },
              "releaseTag": "Public",
              "overloadIndex": 1,
              "parameters": [],
              "name": "ngOnDestroy"
            },
            {
              "kind": "Method",
              "canonicalReference": "@spartacus/checkout_b2b_root!CheckoutPaymentTypeEventListener#onGetPaymentTypesQueryReload:member(1)",
              "docComment": "",
              "excerptTokens": [
                {
                  "kind": "Content",
                  "text": "protected onGetPaymentTypesQueryReload(): "
                },
                {
                  "kind": "Content",
                  "text": "void"
                },
                {
                  "kind": "Content",
                  "text": ";"
                }
              ],
              "isOptional": false,
              "isStatic": false,
              "returnTypeTokenRange": {
                "startIndex": 1,
                "endIndex": 2
              },
              "releaseTag": "Public",
              "overloadIndex": 1,
              "parameters": [],
              "name": "onGetPaymentTypesQueryReload"
            },
            {
              "kind": "Method",
              "canonicalReference": "@spartacus/checkout_b2b_root!CheckoutPaymentTypeEventListener#onGetPaymentTypesQueryReset:member(1)",
              "docComment": "",
              "excerptTokens": [
                {
                  "kind": "Content",
                  "text": "protected onGetPaymentTypesQueryReset(): "
                },
                {
                  "kind": "Content",
                  "text": "void"
                },
                {
                  "kind": "Content",
                  "text": ";"
                }
              ],
              "isOptional": false,
              "isStatic": false,
              "returnTypeTokenRange": {
                "startIndex": 1,
                "endIndex": 2
              },
              "releaseTag": "Public",
              "overloadIndex": 1,
              "parameters": [],
              "name": "onGetPaymentTypesQueryReset"
            },
            {
              "kind": "Method",
              "canonicalReference": "@spartacus/checkout_b2b_root!CheckoutPaymentTypeEventListener#onPaymentTypeSet:member(1)",
              "docComment": "",
              "excerptTokens": [
                {
                  "kind": "Content",
                  "text": "protected onPaymentTypeSet(): "
                },
                {
                  "kind": "Content",
                  "text": "void"
                },
                {
                  "kind": "Content",
                  "text": ";"
                }
              ],
              "isOptional": false,
              "isStatic": false,
              "returnTypeTokenRange": {
                "startIndex": 1,
                "endIndex": 2
              },
              "releaseTag": "Public",
              "overloadIndex": 1,
              "parameters": [],
              "name": "onPaymentTypeSet"
            },
            {
              "kind": "Property",
              "canonicalReference": "@spartacus/checkout_b2b_root!CheckoutPaymentTypeEventListener.ɵfac:member",
              "docComment": "",
              "excerptTokens": [
                {
                  "kind": "Content",
                  "text": "static ɵfac: "
                },
                {
                  "kind": "Content",
                  "text": "i0."
                },
                {
                  "kind": "Reference",
                  "text": "ɵɵFactoryDeclaration",
                  "canonicalReference": "@angular/core!ɵɵFactoryDeclaration:type"
                },
                {
                  "kind": "Content",
                  "text": "<"
                },
                {
                  "kind": "Reference",
                  "text": "CheckoutPaymentTypeEventListener",
                  "canonicalReference": "@spartacus/checkout_b2b_root!CheckoutPaymentTypeEventListener:class"
                },
                {
                  "kind": "Content",
                  "text": ", never>"
                },
                {
                  "kind": "Content",
                  "text": ";"
                }
              ],
              "isOptional": false,
              "releaseTag": "Public",
              "name": "ɵfac",
              "propertyTypeTokenRange": {
                "startIndex": 1,
                "endIndex": 6
              },
              "isStatic": true
            },
            {
              "kind": "Property",
              "canonicalReference": "@spartacus/checkout_b2b_root!CheckoutPaymentTypeEventListener.ɵprov:member",
              "docComment": "",
              "excerptTokens": [
                {
                  "kind": "Content",
                  "text": "static ɵprov: "
                },
                {
                  "kind": "Content",
                  "text": "i0."
                },
                {
                  "kind": "Reference",
                  "text": "ɵɵInjectableDeclaration",
                  "canonicalReference": "@angular/core!ɵɵInjectableDeclaration:interface"
                },
                {
                  "kind": "Content",
                  "text": "<"
                },
                {
                  "kind": "Reference",
                  "text": "CheckoutPaymentTypeEventListener",
                  "canonicalReference": "@spartacus/checkout_b2b_root!CheckoutPaymentTypeEventListener:class"
                },
                {
                  "kind": "Content",
                  "text": ">"
                },
                {
                  "kind": "Content",
                  "text": ";"
                }
              ],
              "isOptional": false,
              "releaseTag": "Public",
              "name": "ɵprov",
              "propertyTypeTokenRange": {
                "startIndex": 1,
                "endIndex": 6
              },
              "isStatic": true
            },
            {
              "kind": "Property",
              "canonicalReference": "@spartacus/checkout_b2b_root!CheckoutPaymentTypeEventListener#subscriptions:member",
              "docComment": "",
              "excerptTokens": [
                {
                  "kind": "Content",
                  "text": "protected subscriptions: "
                },
                {
                  "kind": "Reference",
                  "text": "Subscription",
                  "canonicalReference": "rxjs!Subscription:class"
                },
                {
                  "kind": "Content",
                  "text": ";"
                }
              ],
              "isOptional": false,
              "releaseTag": "Public",
              "name": "subscriptions",
              "propertyTypeTokenRange": {
                "startIndex": 1,
                "endIndex": 2
              },
              "isStatic": false
            }
          ],
          "implementsTokenRanges": [
            {
              "startIndex": 1,
              "endIndex": 3
            }
          ]
        },
        {
          "kind": "Class",
          "canonicalReference": "@spartacus/checkout_b2b_root!CheckoutPaymentTypeFacade:class",
          "docComment": "",
          "excerptTokens": [
            {
              "kind": "Content",
              "text": "export declare abstract class CheckoutPaymentTypeFacade "
            }
          ],
          "releaseTag": "Public",
          "name": "CheckoutPaymentTypeFacade",
          "members": [
            {
              "kind": "Method",
              "canonicalReference": "@spartacus/checkout_b2b_root!CheckoutPaymentTypeFacade#getPaymentTypes:member(1)",
              "docComment": "/**\n * Get payment types.\n */\n",
              "excerptTokens": [
                {
                  "kind": "Content",
                  "text": "abstract getPaymentTypes(): "
                },
                {
                  "kind": "Reference",
                  "text": "Observable",
                  "canonicalReference": "rxjs!Observable:class"
                },
                {
                  "kind": "Content",
                  "text": "<"
                },
                {
                  "kind": "Reference",
                  "text": "PaymentType",
                  "canonicalReference": "@spartacus/checkout_b2b_root!PaymentType:interface"
                },
                {
                  "kind": "Content",
                  "text": "[]>"
                },
                {
                  "kind": "Content",
                  "text": ";"
                }
              ],
              "isOptional": false,
              "isStatic": false,
              "returnTypeTokenRange": {
                "startIndex": 1,
                "endIndex": 5
              },
              "releaseTag": "Public",
              "overloadIndex": 1,
              "parameters": [],
              "name": "getPaymentTypes"
            },
            {
              "kind": "Method",
              "canonicalReference": "@spartacus/checkout_b2b_root!CheckoutPaymentTypeFacade#getPaymentTypesState:member(1)",
              "docComment": "/**\n * Get payment types state.\n */\n",
              "excerptTokens": [
                {
                  "kind": "Content",
                  "text": "abstract getPaymentTypesState(): "
                },
                {
                  "kind": "Reference",
                  "text": "Observable",
                  "canonicalReference": "rxjs!Observable:class"
                },
                {
                  "kind": "Content",
                  "text": "<"
                },
                {
                  "kind": "Reference",
                  "text": "QueryState",
                  "canonicalReference": "@spartacus/checkout_b2b_root!QueryState:interface"
                },
                {
                  "kind": "Content",
                  "text": "<"
                },
                {
                  "kind": "Reference",
                  "text": "PaymentType",
                  "canonicalReference": "@spartacus/checkout_b2b_root!PaymentType:interface"
                },
                {
                  "kind": "Content",
                  "text": "[] | undefined>>"
                },
                {
                  "kind": "Content",
                  "text": ";"
                }
              ],
              "isOptional": false,
              "isStatic": false,
              "returnTypeTokenRange": {
                "startIndex": 1,
                "endIndex": 7
              },
              "releaseTag": "Public",
              "overloadIndex": 1,
              "parameters": [],
              "name": "getPaymentTypesState"
            },
            {
              "kind": "Method",
              "canonicalReference": "@spartacus/checkout_b2b_root!CheckoutPaymentTypeFacade#getPurchaseOrderNumberState:member(1)",
              "docComment": "/**\n * Get purchase order number\n */\n",
              "excerptTokens": [
                {
                  "kind": "Content",
                  "text": "abstract getPurchaseOrderNumberState(): "
                },
                {
                  "kind": "Reference",
                  "text": "Observable",
                  "canonicalReference": "rxjs!Observable:class"
                },
                {
                  "kind": "Content",
                  "text": "<"
                },
                {
                  "kind": "Reference",
                  "text": "QueryState",
                  "canonicalReference": "@spartacus/checkout_b2b_root!QueryState:interface"
                },
                {
                  "kind": "Content",
                  "text": "<string | undefined>>"
                },
                {
                  "kind": "Content",
                  "text": ";"
                }
              ],
              "isOptional": false,
              "isStatic": false,
              "returnTypeTokenRange": {
                "startIndex": 1,
                "endIndex": 5
              },
              "releaseTag": "Public",
              "overloadIndex": 1,
              "parameters": [],
              "name": "getPurchaseOrderNumberState"
            },
            {
              "kind": "Method",
              "canonicalReference": "@spartacus/checkout_b2b_root!CheckoutPaymentTypeFacade#getSelectedPaymentTypeState:member(1)",
              "docComment": "/**\n * Get the selected payment type\n */\n",
              "excerptTokens": [
                {
                  "kind": "Content",
                  "text": "abstract getSelectedPaymentTypeState(): "
                },
                {
                  "kind": "Reference",
                  "text": "Observable",
                  "canonicalReference": "rxjs!Observable:class"
                },
                {
                  "kind": "Content",
                  "text": "<"
                },
                {
                  "kind": "Reference",
                  "text": "QueryState",
                  "canonicalReference": "@spartacus/checkout_b2b_root!QueryState:interface"
                },
                {
                  "kind": "Content",
                  "text": "<"
                },
                {
                  "kind": "Reference",
                  "text": "PaymentType",
                  "canonicalReference": "@spartacus/checkout_b2b_root!PaymentType:interface"
                },
                {
                  "kind": "Content",
                  "text": " | undefined>>"
                },
                {
                  "kind": "Content",
                  "text": ";"
                }
              ],
              "isOptional": false,
              "isStatic": false,
              "returnTypeTokenRange": {
                "startIndex": 1,
                "endIndex": 7
              },
              "releaseTag": "Public",
              "overloadIndex": 1,
              "parameters": [],
              "name": "getSelectedPaymentTypeState"
            },
            {
              "kind": "Method",
              "canonicalReference": "@spartacus/checkout_b2b_root!CheckoutPaymentTypeFacade#isAccountPayment:member(1)",
              "docComment": "/**\n * Get whether the selected payment type is \"ACCOUNT\" payment\n */\n",
              "excerptTokens": [
                {
                  "kind": "Content",
                  "text": "abstract isAccountPayment(): "
                },
                {
                  "kind": "Reference",
                  "text": "Observable",
                  "canonicalReference": "rxjs!Observable:class"
                },
                {
                  "kind": "Content",
                  "text": "<boolean>"
                },
                {
                  "kind": "Content",
                  "text": ";"
                }
              ],
              "isOptional": false,
              "isStatic": false,
              "returnTypeTokenRange": {
                "startIndex": 1,
                "endIndex": 3
              },
              "releaseTag": "Public",
              "overloadIndex": 1,
              "parameters": [],
              "name": "isAccountPayment"
            },
            {
              "kind": "Property",
              "canonicalReference": "@spartacus/checkout_b2b_root!CheckoutPaymentTypeFacade.ɵfac:member",
              "docComment": "",
              "excerptTokens": [
                {
                  "kind": "Content",
                  "text": "static ɵfac: "
                },
                {
                  "kind": "Content",
                  "text": "i0."
                },
                {
                  "kind": "Reference",
                  "text": "ɵɵFactoryDeclaration",
                  "canonicalReference": "@angular/core!ɵɵFactoryDeclaration:type"
                },
                {
                  "kind": "Content",
                  "text": "<"
                },
                {
                  "kind": "Reference",
                  "text": "CheckoutPaymentTypeFacade",
                  "canonicalReference": "@spartacus/checkout_b2b_root!CheckoutPaymentTypeFacade:class"
                },
                {
                  "kind": "Content",
                  "text": ", never>"
                },
                {
                  "kind": "Content",
                  "text": ";"
                }
              ],
              "isOptional": false,
              "releaseTag": "Public",
              "name": "ɵfac",
              "propertyTypeTokenRange": {
                "startIndex": 1,
                "endIndex": 6
              },
              "isStatic": true
            },
            {
              "kind": "Property",
              "canonicalReference": "@spartacus/checkout_b2b_root!CheckoutPaymentTypeFacade.ɵprov:member",
              "docComment": "",
              "excerptTokens": [
                {
                  "kind": "Content",
                  "text": "static ɵprov: "
                },
                {
                  "kind": "Content",
                  "text": "i0."
                },
                {
                  "kind": "Reference",
                  "text": "ɵɵInjectableDeclaration",
                  "canonicalReference": "@angular/core!ɵɵInjectableDeclaration:interface"
                },
                {
                  "kind": "Content",
                  "text": "<"
                },
                {
                  "kind": "Reference",
                  "text": "CheckoutPaymentTypeFacade",
                  "canonicalReference": "@spartacus/checkout_b2b_root!CheckoutPaymentTypeFacade:class"
                },
                {
                  "kind": "Content",
                  "text": ">"
                },
                {
                  "kind": "Content",
                  "text": ";"
                }
              ],
              "isOptional": false,
              "releaseTag": "Public",
              "name": "ɵprov",
              "propertyTypeTokenRange": {
                "startIndex": 1,
                "endIndex": 6
              },
              "isStatic": true
            },
            {
              "kind": "Method",
              "canonicalReference": "@spartacus/checkout_b2b_root!CheckoutPaymentTypeFacade#setPaymentType:member(1)",
              "docComment": "/**\n * Set payment type to cart\n */\n",
              "excerptTokens": [
                {
                  "kind": "Content",
                  "text": "abstract setPaymentType(paymentTypeCode: "
                },
                {
                  "kind": "Content",
                  "text": "string"
                },
                {
                  "kind": "Content",
                  "text": ", purchaseOrderNumber?: "
                },
                {
                  "kind": "Content",
                  "text": "string"
                },
                {
                  "kind": "Content",
                  "text": "): "
                },
                {
                  "kind": "Reference",
                  "text": "Observable",
                  "canonicalReference": "rxjs!Observable:class"
                },
                {
                  "kind": "Content",
                  "text": "<unknown>"
                },
                {
                  "kind": "Content",
                  "text": ";"
                }
              ],
              "isOptional": false,
              "isStatic": false,
              "returnTypeTokenRange": {
                "startIndex": 5,
                "endIndex": 7
              },
              "releaseTag": "Public",
              "overloadIndex": 1,
              "parameters": [
                {
                  "parameterName": "paymentTypeCode",
                  "parameterTypeTokenRange": {
                    "startIndex": 1,
                    "endIndex": 2
                  }
                },
                {
                  "parameterName": "purchaseOrderNumber",
                  "parameterTypeTokenRange": {
                    "startIndex": 3,
                    "endIndex": 4
                  }
                }
              ],
              "name": "setPaymentType"
            }
          ],
          "implementsTokenRanges": []
        },
        {
          "kind": "Class",
          "canonicalReference": "@spartacus/checkout_b2b_root!CheckoutPaymentTypeSetEvent:class",
          "docComment": "/**\n * Fired when the payment type has been set\n */\n",
          "excerptTokens": [
            {
              "kind": "Content",
              "text": "export declare class CheckoutPaymentTypeSetEvent extends "
            },
            {
              "kind": "Reference",
              "text": "CheckoutPaymentTypeEvent",
              "canonicalReference": "@spartacus/checkout_b2b_root!CheckoutPaymentTypeEvent:class"
            },
            {
              "kind": "Content",
              "text": " "
            }
          ],
          "releaseTag": "Public",
          "name": "CheckoutPaymentTypeSetEvent",
          "members": [
            {
              "kind": "Property",
              "canonicalReference": "@spartacus/checkout_b2b_root!CheckoutPaymentTypeSetEvent#paymentTypeCode:member",
              "docComment": "/**\n * Payment type code\n */\n",
              "excerptTokens": [
                {
                  "kind": "Content",
                  "text": "paymentTypeCode: "
                },
                {
                  "kind": "Content",
                  "text": "string"
                },
                {
                  "kind": "Content",
                  "text": ";"
                }
              ],
              "isOptional": false,
              "releaseTag": "Public",
              "name": "paymentTypeCode",
              "propertyTypeTokenRange": {
                "startIndex": 1,
                "endIndex": 2
              },
              "isStatic": false
            },
            {
              "kind": "Property",
              "canonicalReference": "@spartacus/checkout_b2b_root!CheckoutPaymentTypeSetEvent#purchaseOrderNumber:member",
              "docComment": "/**\n * Purchase order number\n */\n",
              "excerptTokens": [
                {
                  "kind": "Content",
                  "text": "purchaseOrderNumber?: "
                },
                {
                  "kind": "Content",
                  "text": "string"
                },
                {
                  "kind": "Content",
                  "text": ";"
                }
              ],
              "isOptional": true,
              "releaseTag": "Public",
              "name": "purchaseOrderNumber",
              "propertyTypeTokenRange": {
                "startIndex": 1,
                "endIndex": 2
              },
              "isStatic": false
            },
            {
              "kind": "Property",
              "canonicalReference": "@spartacus/checkout_b2b_root!CheckoutPaymentTypeSetEvent.type:member",
              "docComment": "/**\n * Event's type\n */\n",
              "excerptTokens": [
                {
                  "kind": "Content",
                  "text": "static readonly type = \"CheckoutPaymentTypeSetEvent\";"
                }
              ],
              "isOptional": false,
              "releaseTag": "Public",
              "name": "type",
              "propertyTypeTokenRange": {
                "startIndex": 0,
                "endIndex": 0
              },
              "isStatic": true
            }
          ],
          "extendsTokenRange": {
            "startIndex": 1,
            "endIndex": 3
          },
          "implementsTokenRanges": []
        },
        {
          "kind": "Class",
          "canonicalReference": "@spartacus/checkout_b2b_root!CheckoutPaymentTypesQueryReloadEvent:class",
          "docComment": "/**\n * Emit this event to force payment types reload\n */\n",
          "excerptTokens": [
            {
              "kind": "Content",
              "text": "export declare class CheckoutPaymentTypesQueryReloadEvent extends "
            },
            {
              "kind": "Reference",
              "text": "CheckoutPaymentTypeEvent",
              "canonicalReference": "@spartacus/checkout_b2b_root!CheckoutPaymentTypeEvent:class"
            },
            {
              "kind": "Content",
              "text": " "
            }
          ],
          "releaseTag": "Public",
          "name": "CheckoutPaymentTypesQueryReloadEvent",
          "members": [
            {
              "kind": "Property",
              "canonicalReference": "@spartacus/checkout_b2b_root!CheckoutPaymentTypesQueryReloadEvent.type:member",
              "docComment": "/**\n * Event's type\n */\n",
              "excerptTokens": [
                {
                  "kind": "Content",
                  "text": "static readonly type = \"CheckoutPaymentTypesQueryReloadEvent\";"
                }
              ],
              "isOptional": false,
              "releaseTag": "Public",
              "name": "type",
              "propertyTypeTokenRange": {
                "startIndex": 0,
                "endIndex": 0
              },
              "isStatic": true
            }
          ],
          "extendsTokenRange": {
            "startIndex": 1,
            "endIndex": 3
          },
          "implementsTokenRanges": []
        },
        {
          "kind": "Class",
          "canonicalReference": "@spartacus/checkout_b2b_root!CheckoutPaymentTypesQueryResetEvent:class",
          "docComment": "/**\n * Emit this event to force payment types reset\n */\n",
          "excerptTokens": [
            {
              "kind": "Content",
              "text": "export declare class CheckoutPaymentTypesQueryResetEvent extends "
            },
            {
              "kind": "Reference",
              "text": "CheckoutPaymentTypeEvent",
              "canonicalReference": "@spartacus/checkout_b2b_root!CheckoutPaymentTypeEvent:class"
            },
            {
              "kind": "Content",
              "text": " "
            }
          ],
          "releaseTag": "Public",
          "name": "CheckoutPaymentTypesQueryResetEvent",
          "members": [
            {
              "kind": "Property",
              "canonicalReference": "@spartacus/checkout_b2b_root!CheckoutPaymentTypesQueryResetEvent.type:member",
              "docComment": "/**\n * Event's type\n */\n",
              "excerptTokens": [
                {
                  "kind": "Content",
                  "text": "static readonly type = \"CheckoutPaymentTypesQueryResetEvent\";"
                }
              ],
              "isOptional": false,
              "releaseTag": "Public",
              "name": "type",
              "propertyTypeTokenRange": {
                "startIndex": 0,
                "endIndex": 0
              },
              "isStatic": true
            }
          ],
          "extendsTokenRange": {
            "startIndex": 1,
            "endIndex": 3
          },
          "implementsTokenRanges": []
        },
        {
          "kind": "Variable",
          "canonicalReference": "@spartacus/checkout_b2b_root!defaultB2BCheckoutConfig:var",
          "docComment": "",
          "excerptTokens": [
            {
              "kind": "Content",
              "text": "defaultB2BCheckoutConfig: "
            },
            {
              "kind": "Reference",
              "text": "CheckoutConfig",
              "canonicalReference": "@spartacus/checkout_b2b_root!CheckoutConfig:class"
            }
          ],
          "releaseTag": "Public",
          "name": "defaultB2BCheckoutConfig",
          "variableTypeTokenRange": {
            "startIndex": 1,
            "endIndex": 2
          }
        },
        {
          "kind": "Variable",
          "canonicalReference": "@spartacus/checkout_b2b_root!defaultCheckoutB2BRoutingConfig:var",
          "docComment": "",
          "excerptTokens": [
            {
              "kind": "Content",
              "text": "defaultCheckoutB2BRoutingConfig: "
            },
            {
              "kind": "Reference",
              "text": "RoutingConfig",
              "canonicalReference": "@spartacus/checkout_b2b_root!RoutingConfig:class"
            }
          ],
          "releaseTag": "Public",
          "name": "defaultCheckoutB2BRoutingConfig",
          "variableTypeTokenRange": {
            "startIndex": 1,
            "endIndex": 2
          }
        },
        {
          "kind": "Function",
          "canonicalReference": "@spartacus/checkout_b2b_root!defaultCheckoutComponentsConfig:function(1)",
          "docComment": "",
          "excerptTokens": [
            {
              "kind": "Content",
              "text": "export declare function defaultCheckoutComponentsConfig(): "
            },
            {
              "kind": "Reference",
              "text": "CmsConfig",
              "canonicalReference": "@spartacus/checkout_b2b_root!CmsConfig:class"
            },
            {
              "kind": "Content",
              "text": ";"
            }
          ],
          "returnTypeTokenRange": {
            "startIndex": 1,
            "endIndex": 2
          },
          "releaseTag": "Public",
          "overloadIndex": 1,
          "parameters": [],
          "name": "defaultCheckoutComponentsConfig"
        }
      ]
    }
  ]
}
