{
  "metadata": {
    "toolPackage": "@microsoft/api-extractor",
    "toolVersion": "7.19.4",
    "schemaVersion": 1004,
    "oldestForwardsCompatibleVersion": 1001,
    "tsdocConfig": {
      "$schema": "https://developer.microsoft.com/json-schemas/tsdoc/v0/tsdoc.schema.json",
      "noStandardTags": true,
      "tagDefinitions": [
        {
          "tagName": "@alpha",
          "syntaxKind": "modifier"
        },
        {
          "tagName": "@beta",
          "syntaxKind": "modifier"
        },
        {
          "tagName": "@defaultValue",
          "syntaxKind": "block"
        },
        {
          "tagName": "@decorator",
          "syntaxKind": "block",
          "allowMultiple": true
        },
        {
          "tagName": "@deprecated",
          "syntaxKind": "block"
        },
        {
          "tagName": "@eventProperty",
          "syntaxKind": "modifier"
        },
        {
          "tagName": "@example",
          "syntaxKind": "block",
          "allowMultiple": true
        },
        {
          "tagName": "@experimental",
          "syntaxKind": "modifier"
        },
        {
          "tagName": "@inheritDoc",
          "syntaxKind": "inline"
        },
        {
          "tagName": "@internal",
          "syntaxKind": "modifier"
        },
        {
          "tagName": "@label",
          "syntaxKind": "inline"
        },
        {
          "tagName": "@link",
          "syntaxKind": "inline",
          "allowMultiple": true
        },
        {
          "tagName": "@override",
          "syntaxKind": "modifier"
        },
        {
          "tagName": "@packageDocumentation",
          "syntaxKind": "modifier"
        },
        {
          "tagName": "@param",
          "syntaxKind": "block",
          "allowMultiple": true
        },
        {
          "tagName": "@privateRemarks",
          "syntaxKind": "block"
        },
        {
          "tagName": "@public",
          "syntaxKind": "modifier"
        },
        {
          "tagName": "@readonly",
          "syntaxKind": "modifier"
        },
        {
          "tagName": "@remarks",
          "syntaxKind": "block"
        },
        {
          "tagName": "@returns",
          "syntaxKind": "block"
        },
        {
          "tagName": "@sealed",
          "syntaxKind": "modifier"
        },
        {
          "tagName": "@see",
          "syntaxKind": "block"
        },
        {
          "tagName": "@throws",
          "syntaxKind": "block",
          "allowMultiple": true
        },
        {
          "tagName": "@typeParam",
          "syntaxKind": "block",
          "allowMultiple": true
        },
        {
          "tagName": "@virtual",
          "syntaxKind": "modifier"
        },
        {
          "tagName": "@betaDocumentation",
          "syntaxKind": "modifier"
        },
        {
          "tagName": "@internalRemarks",
          "syntaxKind": "block"
        },
        {
          "tagName": "@preapproved",
          "syntaxKind": "modifier"
        }
      ],
      "supportForTags": {
        "@alpha": true,
        "@beta": true,
        "@defaultValue": true,
        "@decorator": true,
        "@deprecated": true,
        "@eventProperty": true,
        "@example": true,
        "@experimental": true,
        "@inheritDoc": true,
        "@internal": true,
        "@label": true,
        "@link": true,
        "@override": true,
        "@packageDocumentation": true,
        "@param": true,
        "@privateRemarks": true,
        "@public": true,
        "@readonly": true,
        "@remarks": true,
        "@returns": true,
        "@sealed": true,
        "@see": true,
        "@throws": true,
        "@typeParam": true,
        "@virtual": true,
        "@betaDocumentation": true,
        "@internalRemarks": true,
        "@preapproved": true
      }
    }
  },
  "kind": "Package",
  "canonicalReference": "@spartacus/checkout_b2b_core!",
  "docComment": "",
  "name": "@spartacus/checkout_b2b_core",
  "members": [
    {
      "kind": "EntryPoint",
      "canonicalReference": "@spartacus/checkout_b2b_core!",
      "name": "",
      "members": [
        {
          "kind": "Variable",
          "canonicalReference": "@spartacus/checkout_b2b_core!CHECKOUT_PAYMENT_TYPE_NORMALIZER:var",
          "docComment": "",
          "excerptTokens": [
            {
              "kind": "Content",
              "text": "CHECKOUT_PAYMENT_TYPE_NORMALIZER: "
            },
            {
              "kind": "Reference",
              "text": "InjectionToken",
              "canonicalReference": "@angular/core!InjectionToken:class"
            },
            {
              "kind": "Content",
              "text": "<"
            },
            {
              "kind": "Reference",
              "text": "Converter",
              "canonicalReference": "@spartacus/checkout_b2b_core!Converter:interface"
            },
            {
              "kind": "Content",
              "text": "<any, "
            },
            {
              "kind": "Reference",
              "text": "PaymentType",
              "canonicalReference": "@spartacus/checkout_b2b_core!PaymentType:interface"
            },
            {
              "kind": "Content",
              "text": ">>"
            }
          ],
          "releaseTag": "Public",
          "name": "CHECKOUT_PAYMENT_TYPE_NORMALIZER",
          "variableTypeTokenRange": {
            "startIndex": 1,
            "endIndex": 7
          }
        },
        {
          "kind": "Class",
          "canonicalReference": "@spartacus/checkout_b2b_core!CheckoutB2BCoreModule:class",
          "docComment": "",
          "excerptTokens": [
            {
              "kind": "Content",
              "text": "export declare class CheckoutB2BCoreModule "
            }
          ],
          "releaseTag": "Public",
          "name": "CheckoutB2BCoreModule",
          "members": [
            {
              "kind": "Property",
              "canonicalReference": "@spartacus/checkout_b2b_core!CheckoutB2BCoreModule.ɵfac:member",
              "docComment": "",
              "excerptTokens": [
                {
                  "kind": "Content",
                  "text": "static ɵfac: "
                },
                {
                  "kind": "Content",
                  "text": "i0."
                },
                {
                  "kind": "Reference",
                  "text": "ɵɵFactoryDeclaration",
                  "canonicalReference": "@angular/core!ɵɵFactoryDeclaration:type"
                },
                {
                  "kind": "Content",
                  "text": "<"
                },
                {
                  "kind": "Reference",
                  "text": "CheckoutB2BCoreModule",
                  "canonicalReference": "@spartacus/checkout_b2b_core!CheckoutB2BCoreModule:class"
                },
                {
                  "kind": "Content",
                  "text": ", never>"
                },
                {
                  "kind": "Content",
                  "text": ";"
                }
              ],
              "isOptional": false,
              "releaseTag": "Public",
              "name": "ɵfac",
              "propertyTypeTokenRange": {
                "startIndex": 1,
                "endIndex": 6
              },
              "isStatic": true
            },
            {
              "kind": "Property",
              "canonicalReference": "@spartacus/checkout_b2b_core!CheckoutB2BCoreModule.ɵinj:member",
              "docComment": "",
              "excerptTokens": [
                {
                  "kind": "Content",
                  "text": "static ɵinj: "
                },
                {
                  "kind": "Content",
                  "text": "i0."
                },
                {
                  "kind": "Reference",
                  "text": "ɵɵInjectorDeclaration",
                  "canonicalReference": "@angular/core!ɵɵInjectorDeclaration:type"
                },
                {
                  "kind": "Content",
                  "text": "<"
                },
                {
                  "kind": "Reference",
                  "text": "CheckoutB2BCoreModule",
                  "canonicalReference": "@spartacus/checkout_b2b_core!CheckoutB2BCoreModule:class"
                },
                {
                  "kind": "Content",
                  "text": ">"
                },
                {
                  "kind": "Content",
                  "text": ";"
                }
              ],
              "isOptional": false,
              "releaseTag": "Public",
              "name": "ɵinj",
              "propertyTypeTokenRange": {
                "startIndex": 1,
                "endIndex": 6
              },
              "isStatic": true
            },
            {
              "kind": "Property",
              "canonicalReference": "@spartacus/checkout_b2b_core!CheckoutB2BCoreModule.ɵmod:member",
              "docComment": "",
              "excerptTokens": [
                {
                  "kind": "Content",
                  "text": "static ɵmod: "
                },
                {
                  "kind": "Content",
                  "text": "i0."
                },
                {
                  "kind": "Reference",
                  "text": "ɵɵNgModuleDeclaration",
                  "canonicalReference": "@angular/core!ɵɵNgModuleDeclaration:type"
                },
                {
                  "kind": "Content",
                  "text": "<"
                },
                {
                  "kind": "Reference",
                  "text": "CheckoutB2BCoreModule",
                  "canonicalReference": "@spartacus/checkout_b2b_core!CheckoutB2BCoreModule:class"
                },
                {
                  "kind": "Content",
                  "text": ", never, never, never>"
                },
                {
                  "kind": "Content",
                  "text": ";"
                }
              ],
              "isOptional": false,
              "releaseTag": "Public",
              "name": "ɵmod",
              "propertyTypeTokenRange": {
                "startIndex": 1,
                "endIndex": 6
              },
              "isStatic": true
            }
          ],
          "implementsTokenRanges": []
        },
        {
          "kind": "Class",
          "canonicalReference": "@spartacus/checkout_b2b_core!CheckoutCostCenterAdapter:class",
          "docComment": "",
          "excerptTokens": [
            {
              "kind": "Content",
              "text": "export declare abstract class CheckoutCostCenterAdapter "
            }
          ],
          "releaseTag": "Public",
          "name": "CheckoutCostCenterAdapter",
          "members": [
            {
              "kind": "Method",
              "canonicalReference": "@spartacus/checkout_b2b_core!CheckoutCostCenterAdapter#setCostCenter:member(1)",
              "docComment": "/**\n * Abstract method used to set cost center to cart\n *\n * @param userId - : user id\n *\n * @param cartId - : cart id\n *\n * @param costCenterId - : cost center id\n */\n",
              "excerptTokens": [
                {
                  "kind": "Content",
                  "text": "abstract setCostCenter(userId: "
                },
                {
                  "kind": "Content",
                  "text": "string"
                },
                {
                  "kind": "Content",
                  "text": ", cartId: "
                },
                {
                  "kind": "Content",
                  "text": "string"
                },
                {
                  "kind": "Content",
                  "text": ", costCenterId: "
                },
                {
                  "kind": "Content",
                  "text": "string"
                },
                {
                  "kind": "Content",
                  "text": "): "
                },
                {
                  "kind": "Reference",
                  "text": "Observable",
                  "canonicalReference": "rxjs!Observable:class"
                },
                {
                  "kind": "Content",
                  "text": "<"
                },
                {
                  "kind": "Reference",
                  "text": "Cart",
                  "canonicalReference": "@spartacus/checkout_b2b_core!Cart:interface"
                },
                {
                  "kind": "Content",
                  "text": ">"
                },
                {
                  "kind": "Content",
                  "text": ";"
                }
              ],
              "isOptional": false,
              "isStatic": false,
              "returnTypeTokenRange": {
                "startIndex": 7,
                "endIndex": 11
              },
              "releaseTag": "Public",
              "overloadIndex": 1,
              "parameters": [
                {
                  "parameterName": "userId",
                  "parameterTypeTokenRange": {
                    "startIndex": 1,
                    "endIndex": 2
                  }
                },
                {
                  "parameterName": "cartId",
                  "parameterTypeTokenRange": {
                    "startIndex": 3,
                    "endIndex": 4
                  }
                },
                {
                  "parameterName": "costCenterId",
                  "parameterTypeTokenRange": {
                    "startIndex": 5,
                    "endIndex": 6
                  }
                }
              ],
              "name": "setCostCenter"
            }
          ],
          "implementsTokenRanges": []
        },
        {
          "kind": "Class",
          "canonicalReference": "@spartacus/checkout_b2b_core!CheckoutCostCenterConnector:class",
          "docComment": "",
          "excerptTokens": [
            {
              "kind": "Content",
              "text": "export declare class CheckoutCostCenterConnector "
            }
          ],
          "releaseTag": "Public",
          "name": "CheckoutCostCenterConnector",
          "members": [
            {
              "kind": "Constructor",
              "canonicalReference": "@spartacus/checkout_b2b_core!CheckoutCostCenterConnector:constructor(1)",
              "docComment": "/**\n * Constructs a new instance of the `CheckoutCostCenterConnector` class\n */\n",
              "excerptTokens": [
                {
                  "kind": "Content",
                  "text": "constructor(adapter: "
                },
                {
                  "kind": "Reference",
                  "text": "CheckoutCostCenterAdapter",
                  "canonicalReference": "@spartacus/checkout_b2b_core!CheckoutCostCenterAdapter:class"
                },
                {
                  "kind": "Content",
                  "text": ");"
                }
              ],
              "releaseTag": "Public",
              "overloadIndex": 1,
              "parameters": [
                {
                  "parameterName": "adapter",
                  "parameterTypeTokenRange": {
                    "startIndex": 1,
                    "endIndex": 2
                  }
                }
              ]
            },
            {
              "kind": "Property",
              "canonicalReference": "@spartacus/checkout_b2b_core!CheckoutCostCenterConnector#adapter:member",
              "docComment": "",
              "excerptTokens": [
                {
                  "kind": "Content",
                  "text": "protected adapter: "
                },
                {
                  "kind": "Reference",
                  "text": "CheckoutCostCenterAdapter",
                  "canonicalReference": "@spartacus/checkout_b2b_core!CheckoutCostCenterAdapter:class"
                },
                {
                  "kind": "Content",
                  "text": ";"
                }
              ],
              "isOptional": false,
              "releaseTag": "Public",
              "name": "adapter",
              "propertyTypeTokenRange": {
                "startIndex": 1,
                "endIndex": 2
              },
              "isStatic": false
            },
            {
              "kind": "Property",
              "canonicalReference": "@spartacus/checkout_b2b_core!CheckoutCostCenterConnector.ɵfac:member",
              "docComment": "",
              "excerptTokens": [
                {
                  "kind": "Content",
                  "text": "static ɵfac: "
                },
                {
                  "kind": "Content",
                  "text": "i0."
                },
                {
                  "kind": "Reference",
                  "text": "ɵɵFactoryDeclaration",
                  "canonicalReference": "@angular/core!ɵɵFactoryDeclaration:type"
                },
                {
                  "kind": "Content",
                  "text": "<"
                },
                {
                  "kind": "Reference",
                  "text": "CheckoutCostCenterConnector",
                  "canonicalReference": "@spartacus/checkout_b2b_core!CheckoutCostCenterConnector:class"
                },
                {
                  "kind": "Content",
                  "text": ", never>"
                },
                {
                  "kind": "Content",
                  "text": ";"
                }
              ],
              "isOptional": false,
              "releaseTag": "Public",
              "name": "ɵfac",
              "propertyTypeTokenRange": {
                "startIndex": 1,
                "endIndex": 6
              },
              "isStatic": true
            },
            {
              "kind": "Property",
              "canonicalReference": "@spartacus/checkout_b2b_core!CheckoutCostCenterConnector.ɵprov:member",
              "docComment": "",
              "excerptTokens": [
                {
                  "kind": "Content",
                  "text": "static ɵprov: "
                },
                {
                  "kind": "Content",
                  "text": "i0."
                },
                {
                  "kind": "Reference",
                  "text": "ɵɵInjectableDeclaration",
                  "canonicalReference": "@angular/core!ɵɵInjectableDeclaration:interface"
                },
                {
                  "kind": "Content",
                  "text": "<"
                },
                {
                  "kind": "Reference",
                  "text": "CheckoutCostCenterConnector",
                  "canonicalReference": "@spartacus/checkout_b2b_core!CheckoutCostCenterConnector:class"
                },
                {
                  "kind": "Content",
                  "text": ">"
                },
                {
                  "kind": "Content",
                  "text": ";"
                }
              ],
              "isOptional": false,
              "releaseTag": "Public",
              "name": "ɵprov",
              "propertyTypeTokenRange": {
                "startIndex": 1,
                "endIndex": 6
              },
              "isStatic": true
            },
            {
              "kind": "Method",
              "canonicalReference": "@spartacus/checkout_b2b_core!CheckoutCostCenterConnector#setCostCenter:member(1)",
              "docComment": "",
              "excerptTokens": [
                {
                  "kind": "Content",
                  "text": "setCostCenter(userId: "
                },
                {
                  "kind": "Content",
                  "text": "string"
                },
                {
                  "kind": "Content",
                  "text": ", cartId: "
                },
                {
                  "kind": "Content",
                  "text": "string"
                },
                {
                  "kind": "Content",
                  "text": ", costCenterId: "
                },
                {
                  "kind": "Content",
                  "text": "string"
                },
                {
                  "kind": "Content",
                  "text": "): "
                },
                {
                  "kind": "Reference",
                  "text": "Observable",
                  "canonicalReference": "rxjs!Observable:class"
                },
                {
                  "kind": "Content",
                  "text": "<"
                },
                {
                  "kind": "Reference",
                  "text": "Cart",
                  "canonicalReference": "@spartacus/checkout_b2b_core!Cart:interface"
                },
                {
                  "kind": "Content",
                  "text": ">"
                },
                {
                  "kind": "Content",
                  "text": ";"
                }
              ],
              "isOptional": false,
              "isStatic": false,
              "returnTypeTokenRange": {
                "startIndex": 7,
                "endIndex": 11
              },
              "releaseTag": "Public",
              "overloadIndex": 1,
              "parameters": [
                {
                  "parameterName": "userId",
                  "parameterTypeTokenRange": {
                    "startIndex": 1,
                    "endIndex": 2
                  }
                },
                {
                  "parameterName": "cartId",
                  "parameterTypeTokenRange": {
                    "startIndex": 3,
                    "endIndex": 4
                  }
                },
                {
                  "parameterName": "costCenterId",
                  "parameterTypeTokenRange": {
                    "startIndex": 5,
                    "endIndex": 6
                  }
                }
              ],
              "name": "setCostCenter"
            }
          ],
          "implementsTokenRanges": []
        },
        {
          "kind": "Class",
          "canonicalReference": "@spartacus/checkout_b2b_core!CheckoutCostCenterService:class",
          "docComment": "",
          "excerptTokens": [
            {
              "kind": "Content",
              "text": "export declare class CheckoutCostCenterService implements "
            },
            {
              "kind": "Reference",
              "text": "CheckoutCostCenterFacade",
              "canonicalReference": "@spartacus/checkout_b2b_core!CheckoutCostCenterFacade:class"
            },
            {
              "kind": "Content",
              "text": " "
            }
          ],
          "releaseTag": "Public",
          "name": "CheckoutCostCenterService",
          "members": [
            {
              "kind": "Constructor",
              "canonicalReference": "@spartacus/checkout_b2b_core!CheckoutCostCenterService:constructor(1)",
              "docComment": "/**\n * Constructs a new instance of the `CheckoutCostCenterService` class\n */\n",
              "excerptTokens": [
                {
                  "kind": "Content",
                  "text": "constructor(activeCartFacade: "
                },
                {
                  "kind": "Reference",
                  "text": "ActiveCartFacade",
                  "canonicalReference": "@spartacus/checkout_b2b_core!ActiveCartFacade:class"
                },
                {
                  "kind": "Content",
                  "text": ", userIdService: "
                },
                {
                  "kind": "Reference",
                  "text": "UserIdService",
                  "canonicalReference": "@spartacus/checkout_b2b_core!UserIdService:class"
                },
                {
                  "kind": "Content",
                  "text": ", commandService: "
                },
                {
                  "kind": "Reference",
                  "text": "CommandService",
                  "canonicalReference": "@spartacus/checkout_b2b_core!CommandService:class"
                },
                {
                  "kind": "Content",
                  "text": ", checkoutCostCenterConnector: "
                },
                {
                  "kind": "Reference",
                  "text": "CheckoutCostCenterConnector",
                  "canonicalReference": "@spartacus/checkout_b2b_core!CheckoutCostCenterConnector:class"
                },
                {
                  "kind": "Content",
                  "text": ", checkoutQueryFacade: "
                },
                {
                  "kind": "Reference",
                  "text": "CheckoutQueryFacade",
                  "canonicalReference": "@spartacus/checkout_b2b_core!CheckoutQueryFacade:class"
                },
                {
                  "kind": "Content",
                  "text": ", eventService: "
                },
                {
                  "kind": "Reference",
                  "text": "EventService",
                  "canonicalReference": "@spartacus/checkout_b2b_core!EventService:class"
                },
                {
                  "kind": "Content",
                  "text": ");"
                }
              ],
              "releaseTag": "Public",
              "overloadIndex": 1,
              "parameters": [
                {
                  "parameterName": "activeCartFacade",
                  "parameterTypeTokenRange": {
                    "startIndex": 1,
                    "endIndex": 2
                  }
                },
                {
                  "parameterName": "userIdService",
                  "parameterTypeTokenRange": {
                    "startIndex": 3,
                    "endIndex": 4
                  }
                },
                {
                  "parameterName": "commandService",
                  "parameterTypeTokenRange": {
                    "startIndex": 5,
                    "endIndex": 6
                  }
                },
                {
                  "parameterName": "checkoutCostCenterConnector",
                  "parameterTypeTokenRange": {
                    "startIndex": 7,
                    "endIndex": 8
                  }
                },
                {
                  "parameterName": "checkoutQueryFacade",
                  "parameterTypeTokenRange": {
                    "startIndex": 9,
                    "endIndex": 10
                  }
                },
                {
                  "parameterName": "eventService",
                  "parameterTypeTokenRange": {
                    "startIndex": 11,
                    "endIndex": 12
                  }
                }
              ]
            },
            {
              "kind": "Property",
              "canonicalReference": "@spartacus/checkout_b2b_core!CheckoutCostCenterService#activeCartFacade:member",
              "docComment": "",
              "excerptTokens": [
                {
                  "kind": "Content",
                  "text": "protected activeCartFacade: "
                },
                {
                  "kind": "Reference",
                  "text": "ActiveCartFacade",
                  "canonicalReference": "@spartacus/checkout_b2b_core!ActiveCartFacade:class"
                },
                {
                  "kind": "Content",
                  "text": ";"
                }
              ],
              "isOptional": false,
              "releaseTag": "Public",
              "name": "activeCartFacade",
              "propertyTypeTokenRange": {
                "startIndex": 1,
                "endIndex": 2
              },
              "isStatic": false
            },
            {
              "kind": "Property",
              "canonicalReference": "@spartacus/checkout_b2b_core!CheckoutCostCenterService#checkoutCostCenterConnector:member",
              "docComment": "",
              "excerptTokens": [
                {
                  "kind": "Content",
                  "text": "protected checkoutCostCenterConnector: "
                },
                {
                  "kind": "Reference",
                  "text": "CheckoutCostCenterConnector",
                  "canonicalReference": "@spartacus/checkout_b2b_core!CheckoutCostCenterConnector:class"
                },
                {
                  "kind": "Content",
                  "text": ";"
                }
              ],
              "isOptional": false,
              "releaseTag": "Public",
              "name": "checkoutCostCenterConnector",
              "propertyTypeTokenRange": {
                "startIndex": 1,
                "endIndex": 2
              },
              "isStatic": false
            },
            {
              "kind": "Method",
              "canonicalReference": "@spartacus/checkout_b2b_core!CheckoutCostCenterService#checkoutPreconditions:member(1)",
              "docComment": "",
              "excerptTokens": [
                {
                  "kind": "Content",
                  "text": "protected checkoutPreconditions(): "
                },
                {
                  "kind": "Reference",
                  "text": "Observable",
                  "canonicalReference": "rxjs!Observable:class"
                },
                {
                  "kind": "Content",
                  "text": "<[string, string]>"
                },
                {
                  "kind": "Content",
                  "text": ";"
                }
              ],
              "isOptional": false,
              "isStatic": false,
              "returnTypeTokenRange": {
                "startIndex": 1,
                "endIndex": 3
              },
              "releaseTag": "Public",
              "overloadIndex": 1,
              "parameters": [],
              "name": "checkoutPreconditions"
            },
            {
              "kind": "Property",
              "canonicalReference": "@spartacus/checkout_b2b_core!CheckoutCostCenterService#checkoutQueryFacade:member",
              "docComment": "",
              "excerptTokens": [
                {
                  "kind": "Content",
                  "text": "protected checkoutQueryFacade: "
                },
                {
                  "kind": "Reference",
                  "text": "CheckoutQueryFacade",
                  "canonicalReference": "@spartacus/checkout_b2b_core!CheckoutQueryFacade:class"
                },
                {
                  "kind": "Content",
                  "text": ";"
                }
              ],
              "isOptional": false,
              "releaseTag": "Public",
              "name": "checkoutQueryFacade",
              "propertyTypeTokenRange": {
                "startIndex": 1,
                "endIndex": 2
              },
              "isStatic": false
            },
            {
              "kind": "Property",
              "canonicalReference": "@spartacus/checkout_b2b_core!CheckoutCostCenterService#commandService:member",
              "docComment": "",
              "excerptTokens": [
                {
                  "kind": "Content",
                  "text": "protected commandService: "
                },
                {
                  "kind": "Reference",
                  "text": "CommandService",
                  "canonicalReference": "@spartacus/checkout_b2b_core!CommandService:class"
                },
                {
                  "kind": "Content",
                  "text": ";"
                }
              ],
              "isOptional": false,
              "releaseTag": "Public",
              "name": "commandService",
              "propertyTypeTokenRange": {
                "startIndex": 1,
                "endIndex": 2
              },
              "isStatic": false
            },
            {
              "kind": "Property",
              "canonicalReference": "@spartacus/checkout_b2b_core!CheckoutCostCenterService#eventService:member",
              "docComment": "",
              "excerptTokens": [
                {
                  "kind": "Content",
                  "text": "protected eventService: "
                },
                {
                  "kind": "Reference",
                  "text": "EventService",
                  "canonicalReference": "@spartacus/checkout_b2b_core!EventService:class"
                },
                {
                  "kind": "Content",
                  "text": ";"
                }
              ],
              "isOptional": false,
              "releaseTag": "Public",
              "name": "eventService",
              "propertyTypeTokenRange": {
                "startIndex": 1,
                "endIndex": 2
              },
              "isStatic": false
            },
            {
              "kind": "Method",
              "canonicalReference": "@spartacus/checkout_b2b_core!CheckoutCostCenterService#getCostCenterState:member(1)",
              "docComment": "",
              "excerptTokens": [
                {
                  "kind": "Content",
                  "text": "getCostCenterState(): "
                },
                {
                  "kind": "Reference",
                  "text": "Observable",
                  "canonicalReference": "rxjs!Observable:class"
                },
                {
                  "kind": "Content",
                  "text": "<"
                },
                {
                  "kind": "Reference",
                  "text": "QueryState",
                  "canonicalReference": "@spartacus/checkout_b2b_core!QueryState:interface"
                },
                {
                  "kind": "Content",
                  "text": "<"
                },
                {
                  "kind": "Reference",
                  "text": "CostCenter",
                  "canonicalReference": "@spartacus/checkout_b2b_core!CostCenter:interface"
                },
                {
                  "kind": "Content",
                  "text": " | undefined>>"
                },
                {
                  "kind": "Content",
                  "text": ";"
                }
              ],
              "isOptional": false,
              "isStatic": false,
              "returnTypeTokenRange": {
                "startIndex": 1,
                "endIndex": 7
              },
              "releaseTag": "Public",
              "overloadIndex": 1,
              "parameters": [],
              "name": "getCostCenterState"
            },
            {
              "kind": "Property",
              "canonicalReference": "@spartacus/checkout_b2b_core!CheckoutCostCenterService.ɵfac:member",
              "docComment": "",
              "excerptTokens": [
                {
                  "kind": "Content",
                  "text": "static ɵfac: "
                },
                {
                  "kind": "Content",
                  "text": "i0."
                },
                {
                  "kind": "Reference",
                  "text": "ɵɵFactoryDeclaration",
                  "canonicalReference": "@angular/core!ɵɵFactoryDeclaration:type"
                },
                {
                  "kind": "Content",
                  "text": "<"
                },
                {
                  "kind": "Reference",
                  "text": "CheckoutCostCenterService",
                  "canonicalReference": "@spartacus/checkout_b2b_core!CheckoutCostCenterService:class"
                },
                {
                  "kind": "Content",
                  "text": ", never>"
                },
                {
                  "kind": "Content",
                  "text": ";"
                }
              ],
              "isOptional": false,
              "releaseTag": "Public",
              "name": "ɵfac",
              "propertyTypeTokenRange": {
                "startIndex": 1,
                "endIndex": 6
              },
              "isStatic": true
            },
            {
              "kind": "Property",
              "canonicalReference": "@spartacus/checkout_b2b_core!CheckoutCostCenterService.ɵprov:member",
              "docComment": "",
              "excerptTokens": [
                {
                  "kind": "Content",
                  "text": "static ɵprov: "
                },
                {
                  "kind": "Content",
                  "text": "i0."
                },
                {
                  "kind": "Reference",
                  "text": "ɵɵInjectableDeclaration",
                  "canonicalReference": "@angular/core!ɵɵInjectableDeclaration:interface"
                },
                {
                  "kind": "Content",
                  "text": "<"
                },
                {
                  "kind": "Reference",
                  "text": "CheckoutCostCenterService",
                  "canonicalReference": "@spartacus/checkout_b2b_core!CheckoutCostCenterService:class"
                },
                {
                  "kind": "Content",
                  "text": ">"
                },
                {
                  "kind": "Content",
                  "text": ";"
                }
              ],
              "isOptional": false,
              "releaseTag": "Public",
              "name": "ɵprov",
              "propertyTypeTokenRange": {
                "startIndex": 1,
                "endIndex": 6
              },
              "isStatic": true
            },
            {
              "kind": "Method",
              "canonicalReference": "@spartacus/checkout_b2b_core!CheckoutCostCenterService#setCostCenter:member(1)",
              "docComment": "",
              "excerptTokens": [
                {
                  "kind": "Content",
                  "text": "setCostCenter(costCenterId: "
                },
                {
                  "kind": "Content",
                  "text": "string"
                },
                {
                  "kind": "Content",
                  "text": "): "
                },
                {
                  "kind": "Reference",
                  "text": "Observable",
                  "canonicalReference": "rxjs!Observable:class"
                },
                {
                  "kind": "Content",
                  "text": "<"
                },
                {
                  "kind": "Reference",
                  "text": "Cart",
                  "canonicalReference": "@spartacus/checkout_b2b_core!Cart:interface"
                },
                {
                  "kind": "Content",
                  "text": ">"
                },
                {
                  "kind": "Content",
                  "text": ";"
                }
              ],
              "isOptional": false,
              "isStatic": false,
              "returnTypeTokenRange": {
                "startIndex": 3,
                "endIndex": 7
              },
              "releaseTag": "Public",
              "overloadIndex": 1,
              "parameters": [
                {
                  "parameterName": "costCenterId",
                  "parameterTypeTokenRange": {
                    "startIndex": 1,
                    "endIndex": 2
                  }
                }
              ],
              "name": "setCostCenter"
            },
            {
              "kind": "Property",
              "canonicalReference": "@spartacus/checkout_b2b_core!CheckoutCostCenterService#setCostCenterCommand:member",
              "docComment": "",
              "excerptTokens": [
                {
                  "kind": "Content",
                  "text": "protected setCostCenterCommand: "
                },
                {
                  "kind": "Reference",
                  "text": "Command",
                  "canonicalReference": "@spartacus/checkout_b2b_core!Command:class"
                },
                {
                  "kind": "Content",
                  "text": "<string, "
                },
                {
                  "kind": "Reference",
                  "text": "Cart",
                  "canonicalReference": "@spartacus/checkout_b2b_core!Cart:interface"
                },
                {
                  "kind": "Content",
                  "text": ">"
                },
                {
                  "kind": "Content",
                  "text": ";"
                }
              ],
              "isOptional": false,
              "releaseTag": "Public",
              "name": "setCostCenterCommand",
              "propertyTypeTokenRange": {
                "startIndex": 1,
                "endIndex": 5
              },
              "isStatic": false
            },
            {
              "kind": "Property",
              "canonicalReference": "@spartacus/checkout_b2b_core!CheckoutCostCenterService#userIdService:member",
              "docComment": "",
              "excerptTokens": [
                {
                  "kind": "Content",
                  "text": "protected userIdService: "
                },
                {
                  "kind": "Reference",
                  "text": "UserIdService",
                  "canonicalReference": "@spartacus/checkout_b2b_core!UserIdService:class"
                },
                {
                  "kind": "Content",
                  "text": ";"
                }
              ],
              "isOptional": false,
              "releaseTag": "Public",
              "name": "userIdService",
              "propertyTypeTokenRange": {
                "startIndex": 1,
                "endIndex": 2
              },
              "isStatic": false
            }
          ],
          "implementsTokenRanges": [
            {
              "startIndex": 1,
              "endIndex": 3
            }
          ]
        },
        {
          "kind": "Class",
          "canonicalReference": "@spartacus/checkout_b2b_core!CheckoutPaymentTypeAdapter:class",
          "docComment": "",
          "excerptTokens": [
            {
              "kind": "Content",
              "text": "export declare abstract class CheckoutPaymentTypeAdapter "
            }
          ],
          "releaseTag": "Public",
          "name": "CheckoutPaymentTypeAdapter",
          "members": [
            {
              "kind": "Method",
              "canonicalReference": "@spartacus/checkout_b2b_core!CheckoutPaymentTypeAdapter#getPaymentTypes:member(1)",
              "docComment": "/**\n * Abstract method used to get available payment types\n */\n",
              "excerptTokens": [
                {
                  "kind": "Content",
                  "text": "abstract getPaymentTypes(): "
                },
                {
                  "kind": "Reference",
                  "text": "Observable",
                  "canonicalReference": "rxjs!Observable:class"
                },
                {
                  "kind": "Content",
                  "text": "<"
                },
                {
                  "kind": "Reference",
                  "text": "PaymentType",
                  "canonicalReference": "@spartacus/checkout_b2b_core!PaymentType:interface"
                },
                {
                  "kind": "Content",
                  "text": "[]>"
                },
                {
                  "kind": "Content",
                  "text": ";"
                }
              ],
              "isOptional": false,
              "isStatic": false,
              "returnTypeTokenRange": {
                "startIndex": 1,
                "endIndex": 5
              },
              "releaseTag": "Public",
              "overloadIndex": 1,
              "parameters": [],
              "name": "getPaymentTypes"
            },
            {
              "kind": "Method",
              "canonicalReference": "@spartacus/checkout_b2b_core!CheckoutPaymentTypeAdapter#setPaymentType:member(1)",
              "docComment": "/**\n * Abstract method used to set payment type to cart\n *\n * @param userId - \n *\n * @param cartId - \n *\n * @param typeCode - \n *\n * @param purchaseOrderNumber - : purchase order number\n */\n",
              "excerptTokens": [
                {
                  "kind": "Content",
                  "text": "abstract setPaymentType(userId: "
                },
                {
                  "kind": "Content",
                  "text": "string"
                },
                {
                  "kind": "Content",
                  "text": ", cartId: "
                },
                {
                  "kind": "Content",
                  "text": "string"
                },
                {
                  "kind": "Content",
                  "text": ", typeCode: "
                },
                {
                  "kind": "Content",
                  "text": "string"
                },
                {
                  "kind": "Content",
                  "text": ", purchaseOrderNumber?: "
                },
                {
                  "kind": "Content",
                  "text": "string"
                },
                {
                  "kind": "Content",
                  "text": "): "
                },
                {
                  "kind": "Reference",
                  "text": "Observable",
                  "canonicalReference": "rxjs!Observable:class"
                },
                {
                  "kind": "Content",
                  "text": "<unknown>"
                },
                {
                  "kind": "Content",
                  "text": ";"
                }
              ],
              "isOptional": false,
              "isStatic": false,
              "returnTypeTokenRange": {
                "startIndex": 9,
                "endIndex": 11
              },
              "releaseTag": "Public",
              "overloadIndex": 1,
              "parameters": [
                {
                  "parameterName": "userId",
                  "parameterTypeTokenRange": {
                    "startIndex": 1,
                    "endIndex": 2
                  }
                },
                {
                  "parameterName": "cartId",
                  "parameterTypeTokenRange": {
                    "startIndex": 3,
                    "endIndex": 4
                  }
                },
                {
                  "parameterName": "typeCode",
                  "parameterTypeTokenRange": {
                    "startIndex": 5,
                    "endIndex": 6
                  }
                },
                {
                  "parameterName": "purchaseOrderNumber",
                  "parameterTypeTokenRange": {
                    "startIndex": 7,
                    "endIndex": 8
                  }
                }
              ],
              "name": "setPaymentType"
            }
          ],
          "implementsTokenRanges": []
        },
        {
          "kind": "Class",
          "canonicalReference": "@spartacus/checkout_b2b_core!CheckoutPaymentTypeConnector:class",
          "docComment": "",
          "excerptTokens": [
            {
              "kind": "Content",
              "text": "export declare class CheckoutPaymentTypeConnector "
            }
          ],
          "releaseTag": "Public",
          "name": "CheckoutPaymentTypeConnector",
          "members": [
            {
              "kind": "Constructor",
              "canonicalReference": "@spartacus/checkout_b2b_core!CheckoutPaymentTypeConnector:constructor(1)",
              "docComment": "/**\n * Constructs a new instance of the `CheckoutPaymentTypeConnector` class\n */\n",
              "excerptTokens": [
                {
                  "kind": "Content",
                  "text": "constructor(adapter: "
                },
                {
                  "kind": "Reference",
                  "text": "CheckoutPaymentTypeAdapter",
                  "canonicalReference": "@spartacus/checkout_b2b_core!CheckoutPaymentTypeAdapter:class"
                },
                {
                  "kind": "Content",
                  "text": ");"
                }
              ],
              "releaseTag": "Public",
              "overloadIndex": 1,
              "parameters": [
                {
                  "parameterName": "adapter",
                  "parameterTypeTokenRange": {
                    "startIndex": 1,
                    "endIndex": 2
                  }
                }
              ]
            },
            {
              "kind": "Property",
              "canonicalReference": "@spartacus/checkout_b2b_core!CheckoutPaymentTypeConnector#adapter:member",
              "docComment": "",
              "excerptTokens": [
                {
                  "kind": "Content",
                  "text": "protected adapter: "
                },
                {
                  "kind": "Reference",
                  "text": "CheckoutPaymentTypeAdapter",
                  "canonicalReference": "@spartacus/checkout_b2b_core!CheckoutPaymentTypeAdapter:class"
                },
                {
                  "kind": "Content",
                  "text": ";"
                }
              ],
              "isOptional": false,
              "releaseTag": "Public",
              "name": "adapter",
              "propertyTypeTokenRange": {
                "startIndex": 1,
                "endIndex": 2
              },
              "isStatic": false
            },
            {
              "kind": "Method",
              "canonicalReference": "@spartacus/checkout_b2b_core!CheckoutPaymentTypeConnector#getPaymentTypes:member(1)",
              "docComment": "",
              "excerptTokens": [
                {
                  "kind": "Content",
                  "text": "getPaymentTypes(): "
                },
                {
                  "kind": "Reference",
                  "text": "Observable",
                  "canonicalReference": "rxjs!Observable:class"
                },
                {
                  "kind": "Content",
                  "text": "<"
                },
                {
                  "kind": "Reference",
                  "text": "PaymentType",
                  "canonicalReference": "@spartacus/checkout_b2b_core!PaymentType:interface"
                },
                {
                  "kind": "Content",
                  "text": "[]>"
                },
                {
                  "kind": "Content",
                  "text": ";"
                }
              ],
              "isOptional": false,
              "isStatic": false,
              "returnTypeTokenRange": {
                "startIndex": 1,
                "endIndex": 5
              },
              "releaseTag": "Public",
              "overloadIndex": 1,
              "parameters": [],
              "name": "getPaymentTypes"
            },
            {
              "kind": "Property",
              "canonicalReference": "@spartacus/checkout_b2b_core!CheckoutPaymentTypeConnector.ɵfac:member",
              "docComment": "",
              "excerptTokens": [
                {
                  "kind": "Content",
                  "text": "static ɵfac: "
                },
                {
                  "kind": "Content",
                  "text": "i0."
                },
                {
                  "kind": "Reference",
                  "text": "ɵɵFactoryDeclaration",
                  "canonicalReference": "@angular/core!ɵɵFactoryDeclaration:type"
                },
                {
                  "kind": "Content",
                  "text": "<"
                },
                {
                  "kind": "Reference",
                  "text": "CheckoutPaymentTypeConnector",
                  "canonicalReference": "@spartacus/checkout_b2b_core!CheckoutPaymentTypeConnector:class"
                },
                {
                  "kind": "Content",
                  "text": ", never>"
                },
                {
                  "kind": "Content",
                  "text": ";"
                }
              ],
              "isOptional": false,
              "releaseTag": "Public",
              "name": "ɵfac",
              "propertyTypeTokenRange": {
                "startIndex": 1,
                "endIndex": 6
              },
              "isStatic": true
            },
            {
              "kind": "Property",
              "canonicalReference": "@spartacus/checkout_b2b_core!CheckoutPaymentTypeConnector.ɵprov:member",
              "docComment": "",
              "excerptTokens": [
                {
                  "kind": "Content",
                  "text": "static ɵprov: "
                },
                {
                  "kind": "Content",
                  "text": "i0."
                },
                {
                  "kind": "Reference",
                  "text": "ɵɵInjectableDeclaration",
                  "canonicalReference": "@angular/core!ɵɵInjectableDeclaration:interface"
                },
                {
                  "kind": "Content",
                  "text": "<"
                },
                {
                  "kind": "Reference",
                  "text": "CheckoutPaymentTypeConnector",
                  "canonicalReference": "@spartacus/checkout_b2b_core!CheckoutPaymentTypeConnector:class"
                },
                {
                  "kind": "Content",
                  "text": ">"
                },
                {
                  "kind": "Content",
                  "text": ";"
                }
              ],
              "isOptional": false,
              "releaseTag": "Public",
              "name": "ɵprov",
              "propertyTypeTokenRange": {
                "startIndex": 1,
                "endIndex": 6
              },
              "isStatic": true
            },
            {
              "kind": "Method",
              "canonicalReference": "@spartacus/checkout_b2b_core!CheckoutPaymentTypeConnector#setPaymentType:member(1)",
              "docComment": "",
              "excerptTokens": [
                {
                  "kind": "Content",
                  "text": "setPaymentType(userId: "
                },
                {
                  "kind": "Content",
                  "text": "string"
                },
                {
                  "kind": "Content",
                  "text": ", cartId: "
                },
                {
                  "kind": "Content",
                  "text": "string"
                },
                {
                  "kind": "Content",
                  "text": ", typeCode: "
                },
                {
                  "kind": "Content",
                  "text": "string"
                },
                {
                  "kind": "Content",
                  "text": ", purchaseOrderNumber?: "
                },
                {
                  "kind": "Content",
                  "text": "string"
                },
                {
                  "kind": "Content",
                  "text": "): "
                },
                {
                  "kind": "Reference",
                  "text": "Observable",
                  "canonicalReference": "rxjs!Observable:class"
                },
                {
                  "kind": "Content",
                  "text": "<unknown>"
                },
                {
                  "kind": "Content",
                  "text": ";"
                }
              ],
              "isOptional": false,
              "isStatic": false,
              "returnTypeTokenRange": {
                "startIndex": 9,
                "endIndex": 11
              },
              "releaseTag": "Public",
              "overloadIndex": 1,
              "parameters": [
                {
                  "parameterName": "userId",
                  "parameterTypeTokenRange": {
                    "startIndex": 1,
                    "endIndex": 2
                  }
                },
                {
                  "parameterName": "cartId",
                  "parameterTypeTokenRange": {
                    "startIndex": 3,
                    "endIndex": 4
                  }
                },
                {
                  "parameterName": "typeCode",
                  "parameterTypeTokenRange": {
                    "startIndex": 5,
                    "endIndex": 6
                  }
                },
                {
                  "parameterName": "purchaseOrderNumber",
                  "parameterTypeTokenRange": {
                    "startIndex": 7,
                    "endIndex": 8
                  }
                }
              ],
              "name": "setPaymentType"
            }
          ],
          "implementsTokenRanges": []
        },
        {
          "kind": "Class",
          "canonicalReference": "@spartacus/checkout_b2b_core!CheckoutPaymentTypeService:class",
          "docComment": "",
          "excerptTokens": [
            {
              "kind": "Content",
              "text": "export declare class CheckoutPaymentTypeService implements "
            },
            {
              "kind": "Reference",
              "text": "CheckoutPaymentTypeFacade",
              "canonicalReference": "@spartacus/checkout_b2b_core!CheckoutPaymentTypeFacade:class"
            },
            {
              "kind": "Content",
              "text": " "
            }
          ],
          "releaseTag": "Public",
          "name": "CheckoutPaymentTypeService",
          "members": [
            {
              "kind": "Constructor",
              "canonicalReference": "@spartacus/checkout_b2b_core!CheckoutPaymentTypeService:constructor(1)",
              "docComment": "/**\n * Constructs a new instance of the `CheckoutPaymentTypeService` class\n */\n",
              "excerptTokens": [
                {
                  "kind": "Content",
                  "text": "constructor(activeCartFacade: "
                },
                {
                  "kind": "Reference",
                  "text": "ActiveCartFacade",
                  "canonicalReference": "@spartacus/checkout_b2b_core!ActiveCartFacade:class"
                },
                {
                  "kind": "Content",
                  "text": ", userIdService: "
                },
                {
                  "kind": "Reference",
                  "text": "UserIdService",
                  "canonicalReference": "@spartacus/checkout_b2b_core!UserIdService:class"
                },
                {
                  "kind": "Content",
                  "text": ", queryService: "
                },
                {
                  "kind": "Reference",
                  "text": "QueryService",
                  "canonicalReference": "@spartacus/checkout_b2b_core!QueryService:class"
                },
                {
                  "kind": "Content",
                  "text": ", commandService: "
                },
                {
                  "kind": "Reference",
                  "text": "CommandService",
                  "canonicalReference": "@spartacus/checkout_b2b_core!CommandService:class"
                },
                {
                  "kind": "Content",
                  "text": ", paymentTypeConnector: "
                },
                {
                  "kind": "Reference",
                  "text": "CheckoutPaymentTypeConnector",
                  "canonicalReference": "@spartacus/checkout_b2b_core!CheckoutPaymentTypeConnector:class"
                },
                {
                  "kind": "Content",
                  "text": ", eventService: "
                },
                {
                  "kind": "Reference",
                  "text": "EventService",
                  "canonicalReference": "@spartacus/checkout_b2b_core!EventService:class"
                },
                {
                  "kind": "Content",
                  "text": ", checkoutQueryFacade: "
                },
                {
                  "kind": "Reference",
                  "text": "CheckoutQueryFacade",
                  "canonicalReference": "@spartacus/checkout_b2b_core!CheckoutQueryFacade:class"
                },
                {
                  "kind": "Content",
                  "text": ");"
                }
              ],
              "releaseTag": "Public",
              "overloadIndex": 1,
              "parameters": [
                {
                  "parameterName": "activeCartFacade",
                  "parameterTypeTokenRange": {
                    "startIndex": 1,
                    "endIndex": 2
                  }
                },
                {
                  "parameterName": "userIdService",
                  "parameterTypeTokenRange": {
                    "startIndex": 3,
                    "endIndex": 4
                  }
                },
                {
                  "parameterName": "queryService",
                  "parameterTypeTokenRange": {
                    "startIndex": 5,
                    "endIndex": 6
                  }
                },
                {
                  "parameterName": "commandService",
                  "parameterTypeTokenRange": {
                    "startIndex": 7,
                    "endIndex": 8
                  }
                },
                {
                  "parameterName": "paymentTypeConnector",
                  "parameterTypeTokenRange": {
                    "startIndex": 9,
                    "endIndex": 10
                  }
                },
                {
                  "parameterName": "eventService",
                  "parameterTypeTokenRange": {
                    "startIndex": 11,
                    "endIndex": 12
                  }
                },
                {
                  "parameterName": "checkoutQueryFacade",
                  "parameterTypeTokenRange": {
                    "startIndex": 13,
                    "endIndex": 14
                  }
                }
              ]
            },
            {
              "kind": "Property",
              "canonicalReference": "@spartacus/checkout_b2b_core!CheckoutPaymentTypeService#activeCartFacade:member",
              "docComment": "",
              "excerptTokens": [
                {
                  "kind": "Content",
                  "text": "protected activeCartFacade: "
                },
                {
                  "kind": "Reference",
                  "text": "ActiveCartFacade",
                  "canonicalReference": "@spartacus/checkout_b2b_core!ActiveCartFacade:class"
                },
                {
                  "kind": "Content",
                  "text": ";"
                }
              ],
              "isOptional": false,
              "releaseTag": "Public",
              "name": "activeCartFacade",
              "propertyTypeTokenRange": {
                "startIndex": 1,
                "endIndex": 2
              },
              "isStatic": false
            },
            {
              "kind": "Method",
              "canonicalReference": "@spartacus/checkout_b2b_core!CheckoutPaymentTypeService#checkoutPreconditions:member(1)",
              "docComment": "",
              "excerptTokens": [
                {
                  "kind": "Content",
                  "text": "protected checkoutPreconditions(): "
                },
                {
                  "kind": "Reference",
                  "text": "Observable",
                  "canonicalReference": "rxjs!Observable:class"
                },
                {
                  "kind": "Content",
                  "text": "<[string, string]>"
                },
                {
                  "kind": "Content",
                  "text": ";"
                }
              ],
              "isOptional": false,
              "isStatic": false,
              "returnTypeTokenRange": {
                "startIndex": 1,
                "endIndex": 3
              },
              "releaseTag": "Public",
              "overloadIndex": 1,
              "parameters": [],
              "name": "checkoutPreconditions"
            },
            {
              "kind": "Property",
              "canonicalReference": "@spartacus/checkout_b2b_core!CheckoutPaymentTypeService#checkoutQueryFacade:member",
              "docComment": "",
              "excerptTokens": [
                {
                  "kind": "Content",
                  "text": "protected checkoutQueryFacade: "
                },
                {
                  "kind": "Reference",
                  "text": "CheckoutQueryFacade",
                  "canonicalReference": "@spartacus/checkout_b2b_core!CheckoutQueryFacade:class"
                },
                {
                  "kind": "Content",
                  "text": ";"
                }
              ],
              "isOptional": false,
              "releaseTag": "Public",
              "name": "checkoutQueryFacade",
              "propertyTypeTokenRange": {
                "startIndex": 1,
                "endIndex": 2
              },
              "isStatic": false
            },
            {
              "kind": "Property",
              "canonicalReference": "@spartacus/checkout_b2b_core!CheckoutPaymentTypeService#commandService:member",
              "docComment": "",
              "excerptTokens": [
                {
                  "kind": "Content",
                  "text": "protected commandService: "
                },
                {
                  "kind": "Reference",
                  "text": "CommandService",
                  "canonicalReference": "@spartacus/checkout_b2b_core!CommandService:class"
                },
                {
                  "kind": "Content",
                  "text": ";"
                }
              ],
              "isOptional": false,
              "releaseTag": "Public",
              "name": "commandService",
              "propertyTypeTokenRange": {
                "startIndex": 1,
                "endIndex": 2
              },
              "isStatic": false
            },
            {
              "kind": "Property",
              "canonicalReference": "@spartacus/checkout_b2b_core!CheckoutPaymentTypeService#eventService:member",
              "docComment": "",
              "excerptTokens": [
                {
                  "kind": "Content",
                  "text": "protected eventService: "
                },
                {
                  "kind": "Reference",
                  "text": "EventService",
                  "canonicalReference": "@spartacus/checkout_b2b_core!EventService:class"
                },
                {
                  "kind": "Content",
                  "text": ";"
                }
              ],
              "isOptional": false,
              "releaseTag": "Public",
              "name": "eventService",
              "propertyTypeTokenRange": {
                "startIndex": 1,
                "endIndex": 2
              },
              "isStatic": false
            },
            {
              "kind": "Method",
              "canonicalReference": "@spartacus/checkout_b2b_core!CheckoutPaymentTypeService#getCheckoutPaymentTypesQueryReloadEvents:member(1)",
              "docComment": "",
              "excerptTokens": [
                {
                  "kind": "Content",
                  "text": "protected getCheckoutPaymentTypesQueryReloadEvents(): "
                },
                {
                  "kind": "Reference",
                  "text": "QueryNotifier",
                  "canonicalReference": "@spartacus/checkout_b2b_core!QueryNotifier:type"
                },
                {
                  "kind": "Content",
                  "text": "[]"
                },
                {
                  "kind": "Content",
                  "text": ";"
                }
              ],
              "isOptional": false,
              "isStatic": false,
              "returnTypeTokenRange": {
                "startIndex": 1,
                "endIndex": 3
              },
              "releaseTag": "Public",
              "overloadIndex": 1,
              "parameters": [],
              "name": "getCheckoutPaymentTypesQueryReloadEvents"
            },
            {
              "kind": "Method",
              "canonicalReference": "@spartacus/checkout_b2b_core!CheckoutPaymentTypeService#getCheckoutPaymentTypesQueryResetEvents:member(1)",
              "docComment": "",
              "excerptTokens": [
                {
                  "kind": "Content",
                  "text": "protected getCheckoutPaymentTypesQueryResetEvents(): "
                },
                {
                  "kind": "Reference",
                  "text": "QueryNotifier",
                  "canonicalReference": "@spartacus/checkout_b2b_core!QueryNotifier:type"
                },
                {
                  "kind": "Content",
                  "text": "[]"
                },
                {
                  "kind": "Content",
                  "text": ";"
                }
              ],
              "isOptional": false,
              "isStatic": false,
              "returnTypeTokenRange": {
                "startIndex": 1,
                "endIndex": 3
              },
              "releaseTag": "Public",
              "overloadIndex": 1,
              "parameters": [],
              "name": "getCheckoutPaymentTypesQueryResetEvents"
            },
            {
              "kind": "Method",
              "canonicalReference": "@spartacus/checkout_b2b_core!CheckoutPaymentTypeService#getPaymentTypes:member(1)",
              "docComment": "",
              "excerptTokens": [
                {
                  "kind": "Content",
                  "text": "getPaymentTypes(): "
                },
                {
                  "kind": "Reference",
                  "text": "Observable",
                  "canonicalReference": "rxjs!Observable:class"
                },
                {
                  "kind": "Content",
                  "text": "<"
                },
                {
                  "kind": "Reference",
                  "text": "PaymentType",
                  "canonicalReference": "@spartacus/checkout_b2b_core!PaymentType:interface"
                },
                {
                  "kind": "Content",
                  "text": "[]>"
                },
                {
                  "kind": "Content",
                  "text": ";"
                }
              ],
              "isOptional": false,
              "isStatic": false,
              "returnTypeTokenRange": {
                "startIndex": 1,
                "endIndex": 5
              },
              "releaseTag": "Public",
              "overloadIndex": 1,
              "parameters": [],
              "name": "getPaymentTypes"
            },
            {
              "kind": "Method",
              "canonicalReference": "@spartacus/checkout_b2b_core!CheckoutPaymentTypeService#getPaymentTypesState:member(1)",
              "docComment": "",
              "excerptTokens": [
                {
                  "kind": "Content",
                  "text": "getPaymentTypesState(): "
                },
                {
                  "kind": "Reference",
                  "text": "Observable",
                  "canonicalReference": "rxjs!Observable:class"
                },
                {
                  "kind": "Content",
                  "text": "<"
                },
                {
                  "kind": "Reference",
                  "text": "QueryState",
                  "canonicalReference": "@spartacus/checkout_b2b_core!QueryState:interface"
                },
                {
                  "kind": "Content",
                  "text": "<"
                },
                {
                  "kind": "Reference",
                  "text": "PaymentType",
                  "canonicalReference": "@spartacus/checkout_b2b_core!PaymentType:interface"
                },
                {
                  "kind": "Content",
                  "text": "[] | undefined>>"
                },
                {
                  "kind": "Content",
                  "text": ";"
                }
              ],
              "isOptional": false,
              "isStatic": false,
              "returnTypeTokenRange": {
                "startIndex": 1,
                "endIndex": 7
              },
              "releaseTag": "Public",
              "overloadIndex": 1,
              "parameters": [],
              "name": "getPaymentTypesState"
            },
            {
              "kind": "Method",
              "canonicalReference": "@spartacus/checkout_b2b_core!CheckoutPaymentTypeService#getPurchaseOrderNumberState:member(1)",
              "docComment": "",
              "excerptTokens": [
                {
                  "kind": "Content",
                  "text": "getPurchaseOrderNumberState(): "
                },
                {
                  "kind": "Reference",
                  "text": "Observable",
                  "canonicalReference": "rxjs!Observable:class"
                },
                {
                  "kind": "Content",
                  "text": "<"
                },
                {
                  "kind": "Reference",
                  "text": "QueryState",
                  "canonicalReference": "@spartacus/checkout_b2b_core!QueryState:interface"
                },
                {
                  "kind": "Content",
                  "text": "<string | undefined>>"
                },
                {
                  "kind": "Content",
                  "text": ";"
                }
              ],
              "isOptional": false,
              "isStatic": false,
              "returnTypeTokenRange": {
                "startIndex": 1,
                "endIndex": 5
              },
              "releaseTag": "Public",
              "overloadIndex": 1,
              "parameters": [],
              "name": "getPurchaseOrderNumberState"
            },
            {
              "kind": "Method",
              "canonicalReference": "@spartacus/checkout_b2b_core!CheckoutPaymentTypeService#getSelectedPaymentTypeState:member(1)",
              "docComment": "",
              "excerptTokens": [
                {
                  "kind": "Content",
                  "text": "getSelectedPaymentTypeState(): "
                },
                {
                  "kind": "Reference",
                  "text": "Observable",
                  "canonicalReference": "rxjs!Observable:class"
                },
                {
                  "kind": "Content",
                  "text": "<"
                },
                {
                  "kind": "Reference",
                  "text": "QueryState",
                  "canonicalReference": "@spartacus/checkout_b2b_core!QueryState:interface"
                },
                {
                  "kind": "Content",
                  "text": "<"
                },
                {
                  "kind": "Reference",
                  "text": "PaymentType",
                  "canonicalReference": "@spartacus/checkout_b2b_core!PaymentType:interface"
                },
                {
                  "kind": "Content",
                  "text": " | undefined>>"
                },
                {
                  "kind": "Content",
                  "text": ";"
                }
              ],
              "isOptional": false,
              "isStatic": false,
              "returnTypeTokenRange": {
                "startIndex": 1,
                "endIndex": 7
              },
              "releaseTag": "Public",
              "overloadIndex": 1,
              "parameters": [],
              "name": "getSelectedPaymentTypeState"
            },
            {
              "kind": "Method",
              "canonicalReference": "@spartacus/checkout_b2b_core!CheckoutPaymentTypeService#isAccountPayment:member(1)",
              "docComment": "",
              "excerptTokens": [
                {
                  "kind": "Content",
                  "text": "isAccountPayment(): "
                },
                {
                  "kind": "Reference",
                  "text": "Observable",
                  "canonicalReference": "rxjs!Observable:class"
                },
                {
                  "kind": "Content",
                  "text": "<boolean>"
                },
                {
                  "kind": "Content",
                  "text": ";"
                }
              ],
              "isOptional": false,
              "isStatic": false,
              "returnTypeTokenRange": {
                "startIndex": 1,
                "endIndex": 3
              },
              "releaseTag": "Public",
              "overloadIndex": 1,
              "parameters": [],
              "name": "isAccountPayment"
            },
            {
              "kind": "Property",
              "canonicalReference": "@spartacus/checkout_b2b_core!CheckoutPaymentTypeService.ɵfac:member",
              "docComment": "",
              "excerptTokens": [
                {
                  "kind": "Content",
                  "text": "static ɵfac: "
                },
                {
                  "kind": "Content",
                  "text": "i0."
                },
                {
                  "kind": "Reference",
                  "text": "ɵɵFactoryDeclaration",
                  "canonicalReference": "@angular/core!ɵɵFactoryDeclaration:type"
                },
                {
                  "kind": "Content",
                  "text": "<"
                },
                {
                  "kind": "Reference",
                  "text": "CheckoutPaymentTypeService",
                  "canonicalReference": "@spartacus/checkout_b2b_core!CheckoutPaymentTypeService:class"
                },
                {
                  "kind": "Content",
                  "text": ", never>"
                },
                {
                  "kind": "Content",
                  "text": ";"
                }
              ],
              "isOptional": false,
              "releaseTag": "Public",
              "name": "ɵfac",
              "propertyTypeTokenRange": {
                "startIndex": 1,
                "endIndex": 6
              },
              "isStatic": true
            },
            {
              "kind": "Property",
              "canonicalReference": "@spartacus/checkout_b2b_core!CheckoutPaymentTypeService.ɵprov:member",
              "docComment": "",
              "excerptTokens": [
                {
                  "kind": "Content",
                  "text": "static ɵprov: "
                },
                {
                  "kind": "Content",
                  "text": "i0."
                },
                {
                  "kind": "Reference",
                  "text": "ɵɵInjectableDeclaration",
                  "canonicalReference": "@angular/core!ɵɵInjectableDeclaration:interface"
                },
                {
                  "kind": "Content",
                  "text": "<"
                },
                {
                  "kind": "Reference",
                  "text": "CheckoutPaymentTypeService",
                  "canonicalReference": "@spartacus/checkout_b2b_core!CheckoutPaymentTypeService:class"
                },
                {
                  "kind": "Content",
                  "text": ">"
                },
                {
                  "kind": "Content",
                  "text": ";"
                }
              ],
              "isOptional": false,
              "releaseTag": "Public",
              "name": "ɵprov",
              "propertyTypeTokenRange": {
                "startIndex": 1,
                "endIndex": 6
              },
              "isStatic": true
            },
            {
              "kind": "Property",
              "canonicalReference": "@spartacus/checkout_b2b_core!CheckoutPaymentTypeService#paymentTypeConnector:member",
              "docComment": "",
              "excerptTokens": [
                {
                  "kind": "Content",
                  "text": "protected paymentTypeConnector: "
                },
                {
                  "kind": "Reference",
                  "text": "CheckoutPaymentTypeConnector",
                  "canonicalReference": "@spartacus/checkout_b2b_core!CheckoutPaymentTypeConnector:class"
                },
                {
                  "kind": "Content",
                  "text": ";"
                }
              ],
              "isOptional": false,
              "releaseTag": "Public",
              "name": "paymentTypeConnector",
              "propertyTypeTokenRange": {
                "startIndex": 1,
                "endIndex": 2
              },
              "isStatic": false
            },
            {
              "kind": "Property",
              "canonicalReference": "@spartacus/checkout_b2b_core!CheckoutPaymentTypeService#paymentTypesQuery:member",
              "docComment": "",
              "excerptTokens": [
                {
                  "kind": "Content",
                  "text": "protected paymentTypesQuery: "
                },
                {
                  "kind": "Reference",
                  "text": "Query",
                  "canonicalReference": "@spartacus/checkout_b2b_core!Query:interface"
                },
                {
                  "kind": "Content",
                  "text": "<"
                },
                {
                  "kind": "Reference",
                  "text": "PaymentType",
                  "canonicalReference": "@spartacus/checkout_b2b_core!PaymentType:interface"
                },
                {
                  "kind": "Content",
                  "text": "[]>"
                },
                {
                  "kind": "Content",
                  "text": ";"
                }
              ],
              "isOptional": false,
              "releaseTag": "Public",
              "name": "paymentTypesQuery",
              "propertyTypeTokenRange": {
                "startIndex": 1,
                "endIndex": 5
              },
              "isStatic": false
            },
            {
              "kind": "Property",
              "canonicalReference": "@spartacus/checkout_b2b_core!CheckoutPaymentTypeService#queryService:member",
              "docComment": "",
              "excerptTokens": [
                {
                  "kind": "Content",
                  "text": "protected queryService: "
                },
                {
                  "kind": "Reference",
                  "text": "QueryService",
                  "canonicalReference": "@spartacus/checkout_b2b_core!QueryService:class"
                },
                {
                  "kind": "Content",
                  "text": ";"
                }
              ],
              "isOptional": false,
              "releaseTag": "Public",
              "name": "queryService",
              "propertyTypeTokenRange": {
                "startIndex": 1,
                "endIndex": 2
              },
              "isStatic": false
            },
            {
              "kind": "Method",
              "canonicalReference": "@spartacus/checkout_b2b_core!CheckoutPaymentTypeService#setPaymentType:member(1)",
              "docComment": "",
              "excerptTokens": [
                {
                  "kind": "Content",
                  "text": "setPaymentType(paymentTypeCode: "
                },
                {
                  "kind": "Reference",
                  "text": "B2BPaymentTypeEnum",
                  "canonicalReference": "@spartacus/checkout_b2b_core!B2BPaymentTypeEnum:enum"
                },
                {
                  "kind": "Content",
                  "text": ", purchaseOrderNumber?: "
                },
                {
                  "kind": "Content",
                  "text": "string"
                },
                {
                  "kind": "Content",
                  "text": "): "
                },
                {
                  "kind": "Reference",
                  "text": "Observable",
                  "canonicalReference": "rxjs!Observable:class"
                },
                {
                  "kind": "Content",
                  "text": "<unknown>"
                },
                {
                  "kind": "Content",
                  "text": ";"
                }
              ],
              "isOptional": false,
              "isStatic": false,
              "returnTypeTokenRange": {
                "startIndex": 5,
                "endIndex": 7
              },
              "releaseTag": "Public",
              "overloadIndex": 1,
              "parameters": [
                {
                  "parameterName": "paymentTypeCode",
                  "parameterTypeTokenRange": {
                    "startIndex": 1,
                    "endIndex": 2
                  }
                },
                {
                  "parameterName": "purchaseOrderNumber",
                  "parameterTypeTokenRange": {
                    "startIndex": 3,
                    "endIndex": 4
                  }
                }
              ],
              "name": "setPaymentType"
            },
            {
              "kind": "Property",
              "canonicalReference": "@spartacus/checkout_b2b_core!CheckoutPaymentTypeService#setPaymentTypeCommand:member",
              "docComment": "",
              "excerptTokens": [
                {
                  "kind": "Content",
                  "text": "protected setPaymentTypeCommand: "
                },
                {
                  "kind": "Reference",
                  "text": "Command",
                  "canonicalReference": "@spartacus/checkout_b2b_core!Command:class"
                },
                {
                  "kind": "Content",
                  "text": "<{\n        paymentTypeCode: string;\n        purchaseOrderNumber?: string;\n    }, unknown>"
                },
                {
                  "kind": "Content",
                  "text": ";"
                }
              ],
              "isOptional": false,
              "releaseTag": "Public",
              "name": "setPaymentTypeCommand",
              "propertyTypeTokenRange": {
                "startIndex": 1,
                "endIndex": 3
              },
              "isStatic": false
            },
            {
              "kind": "Property",
              "canonicalReference": "@spartacus/checkout_b2b_core!CheckoutPaymentTypeService#userIdService:member",
              "docComment": "",
              "excerptTokens": [
                {
                  "kind": "Content",
                  "text": "protected userIdService: "
                },
                {
                  "kind": "Reference",
                  "text": "UserIdService",
                  "canonicalReference": "@spartacus/checkout_b2b_core!UserIdService:class"
                },
                {
                  "kind": "Content",
                  "text": ";"
                }
              ],
              "isOptional": false,
              "releaseTag": "Public",
              "name": "userIdService",
              "propertyTypeTokenRange": {
                "startIndex": 1,
                "endIndex": 2
              },
              "isStatic": false
            }
          ],
          "implementsTokenRanges": [
            {
              "startIndex": 1,
              "endIndex": 3
            }
          ]
        }
      ]
    }
  ]
}
