{
  "metadata": {
    "toolPackage": "@microsoft/api-extractor",
    "toolVersion": "7.19.4",
    "schemaVersion": 1004,
    "oldestForwardsCompatibleVersion": 1001,
    "tsdocConfig": {
      "$schema": "https://developer.microsoft.com/json-schemas/tsdoc/v0/tsdoc.schema.json",
      "noStandardTags": true,
      "tagDefinitions": [
        {
          "tagName": "@alpha",
          "syntaxKind": "modifier"
        },
        {
          "tagName": "@beta",
          "syntaxKind": "modifier"
        },
        {
          "tagName": "@defaultValue",
          "syntaxKind": "block"
        },
        {
          "tagName": "@decorator",
          "syntaxKind": "block",
          "allowMultiple": true
        },
        {
          "tagName": "@deprecated",
          "syntaxKind": "block"
        },
        {
          "tagName": "@eventProperty",
          "syntaxKind": "modifier"
        },
        {
          "tagName": "@example",
          "syntaxKind": "block",
          "allowMultiple": true
        },
        {
          "tagName": "@experimental",
          "syntaxKind": "modifier"
        },
        {
          "tagName": "@inheritDoc",
          "syntaxKind": "inline"
        },
        {
          "tagName": "@internal",
          "syntaxKind": "modifier"
        },
        {
          "tagName": "@label",
          "syntaxKind": "inline"
        },
        {
          "tagName": "@link",
          "syntaxKind": "inline",
          "allowMultiple": true
        },
        {
          "tagName": "@override",
          "syntaxKind": "modifier"
        },
        {
          "tagName": "@packageDocumentation",
          "syntaxKind": "modifier"
        },
        {
          "tagName": "@param",
          "syntaxKind": "block",
          "allowMultiple": true
        },
        {
          "tagName": "@privateRemarks",
          "syntaxKind": "block"
        },
        {
          "tagName": "@public",
          "syntaxKind": "modifier"
        },
        {
          "tagName": "@readonly",
          "syntaxKind": "modifier"
        },
        {
          "tagName": "@remarks",
          "syntaxKind": "block"
        },
        {
          "tagName": "@returns",
          "syntaxKind": "block"
        },
        {
          "tagName": "@sealed",
          "syntaxKind": "modifier"
        },
        {
          "tagName": "@see",
          "syntaxKind": "block"
        },
        {
          "tagName": "@throws",
          "syntaxKind": "block",
          "allowMultiple": true
        },
        {
          "tagName": "@typeParam",
          "syntaxKind": "block",
          "allowMultiple": true
        },
        {
          "tagName": "@virtual",
          "syntaxKind": "modifier"
        },
        {
          "tagName": "@betaDocumentation",
          "syntaxKind": "modifier"
        },
        {
          "tagName": "@internalRemarks",
          "syntaxKind": "block"
        },
        {
          "tagName": "@preapproved",
          "syntaxKind": "modifier"
        }
      ],
      "supportForTags": {
        "@alpha": true,
        "@beta": true,
        "@defaultValue": true,
        "@decorator": true,
        "@deprecated": true,
        "@eventProperty": true,
        "@example": true,
        "@experimental": true,
        "@inheritDoc": true,
        "@internal": true,
        "@label": true,
        "@link": true,
        "@override": true,
        "@packageDocumentation": true,
        "@param": true,
        "@privateRemarks": true,
        "@public": true,
        "@readonly": true,
        "@remarks": true,
        "@returns": true,
        "@sealed": true,
        "@see": true,
        "@throws": true,
        "@typeParam": true,
        "@virtual": true,
        "@betaDocumentation": true,
        "@internalRemarks": true,
        "@preapproved": true
      }
    }
  },
  "kind": "Package",
  "canonicalReference": "@spartacus/epd-visualization_root!",
  "docComment": "",
  "name": "@spartacus/epd-visualization_root",
  "members": [
    {
      "kind": "EntryPoint",
      "canonicalReference": "@spartacus/epd-visualization_root!",
      "name": "",
      "members": [
        {
          "kind": "Enum",
          "canonicalReference": "@spartacus/epd-visualization_root!ContentType:enum",
          "docComment": "/**\n * A subset of the content types that may be returned by the EPD Visualization service. We use filtering to ensure that we only get visualizations of the types below returned. Some values start with numbers, so the identifiers do not match the values\n */\n",
          "excerptTokens": [
            {
              "kind": "Content",
              "text": "export declare enum ContentType "
            }
          ],
          "releaseTag": "Public",
          "name": "ContentType",
          "members": [
            {
              "kind": "EnumMember",
              "canonicalReference": "@spartacus/epd-visualization_root!ContentType.Drawing2D:member",
              "docComment": "/**\n * 2D vector content (rendered using SVG)\n */\n",
              "excerptTokens": [
                {
                  "kind": "Content",
                  "text": "Drawing2D = "
                },
                {
                  "kind": "Content",
                  "text": "\"2DDrawing\""
                }
              ],
              "releaseTag": "Public",
              "name": "Drawing2D",
              "initializerTokenRange": {
                "startIndex": 1,
                "endIndex": 2
              }
            },
            {
              "kind": "EnumMember",
              "canonicalReference": "@spartacus/epd-visualization_root!ContentType.Model3D:member",
              "docComment": "/**\n * 3D content (rendered using WebGL)\n */\n",
              "excerptTokens": [
                {
                  "kind": "Content",
                  "text": "Model3D = "
                },
                {
                  "kind": "Content",
                  "text": "\"3DModel\""
                }
              ],
              "releaseTag": "Public",
              "name": "Model3D",
              "initializerTokenRange": {
                "startIndex": 1,
                "endIndex": 2
              }
            }
          ]
        },
        {
          "kind": "Function",
          "canonicalReference": "@spartacus/epd-visualization_root!defaultEpdVisualizationComponentsConfig:function(1)",
          "docComment": "",
          "excerptTokens": [
            {
              "kind": "Content",
              "text": "export declare function defaultEpdVisualizationComponentsConfig(): "
            },
            {
              "kind": "Reference",
              "text": "CmsConfig",
              "canonicalReference": "@spartacus/epd-visualization_root!CmsConfig:class"
            },
            {
              "kind": "Content",
              "text": ";"
            }
          ],
          "returnTypeTokenRange": {
            "startIndex": 1,
            "endIndex": 2
          },
          "releaseTag": "Public",
          "overloadIndex": 1,
          "parameters": [],
          "name": "defaultEpdVisualizationComponentsConfig"
        },
        {
          "kind": "Variable",
          "canonicalReference": "@spartacus/epd-visualization_root!EPD_VISUALIZATION_FEATURE:var",
          "docComment": "",
          "excerptTokens": [
            {
              "kind": "Content",
              "text": "EPD_VISUALIZATION_FEATURE = \"epd-visualization\""
            }
          ],
          "releaseTag": "Public",
          "name": "EPD_VISUALIZATION_FEATURE",
          "variableTypeTokenRange": {
            "startIndex": 0,
            "endIndex": 0
          }
        },
        {
          "kind": "Class",
          "canonicalReference": "@spartacus/epd-visualization_root!EpdVisualizationConfig:class",
          "docComment": "",
          "excerptTokens": [
            {
              "kind": "Content",
              "text": "export declare abstract class EpdVisualizationConfig implements "
            },
            {
              "kind": "Reference",
              "text": "Config",
              "canonicalReference": "@spartacus/epd-visualization_root!Config:class"
            },
            {
              "kind": "Content",
              "text": " "
            }
          ],
          "releaseTag": "Public",
          "name": "EpdVisualizationConfig",
          "members": [
            {
              "kind": "Property",
              "canonicalReference": "@spartacus/epd-visualization_root!EpdVisualizationConfig#epdVisualization:member",
              "docComment": "/**\n * This field introduces a namespace for EPD Visualization to avoid collisions when configuration merging occurs.\n */\n",
              "excerptTokens": [
                {
                  "kind": "Content",
                  "text": "epdVisualization?: "
                },
                {
                  "kind": "Reference",
                  "text": "EpdVisualizationInnerConfig",
                  "canonicalReference": "@spartacus/epd-visualization_root!EpdVisualizationInnerConfig:interface"
                },
                {
                  "kind": "Content",
                  "text": ";"
                }
              ],
              "isOptional": true,
              "releaseTag": "Public",
              "name": "epdVisualization",
              "propertyTypeTokenRange": {
                "startIndex": 1,
                "endIndex": 2
              },
              "isStatic": false
            },
            {
              "kind": "Property",
              "canonicalReference": "@spartacus/epd-visualization_root!EpdVisualizationConfig.ɵfac:member",
              "docComment": "",
              "excerptTokens": [
                {
                  "kind": "Content",
                  "text": "static ɵfac: "
                },
                {
                  "kind": "Content",
                  "text": "i0."
                },
                {
                  "kind": "Reference",
                  "text": "ɵɵFactoryDeclaration",
                  "canonicalReference": "@angular/core!ɵɵFactoryDeclaration:type"
                },
                {
                  "kind": "Content",
                  "text": "<"
                },
                {
                  "kind": "Reference",
                  "text": "EpdVisualizationConfig",
                  "canonicalReference": "@spartacus/epd-visualization_root!EpdVisualizationConfig:class"
                },
                {
                  "kind": "Content",
                  "text": ", never>"
                },
                {
                  "kind": "Content",
                  "text": ";"
                }
              ],
              "isOptional": false,
              "releaseTag": "Public",
              "name": "ɵfac",
              "propertyTypeTokenRange": {
                "startIndex": 1,
                "endIndex": 6
              },
              "isStatic": true
            },
            {
              "kind": "Property",
              "canonicalReference": "@spartacus/epd-visualization_root!EpdVisualizationConfig.ɵprov:member",
              "docComment": "",
              "excerptTokens": [
                {
                  "kind": "Content",
                  "text": "static ɵprov: "
                },
                {
                  "kind": "Content",
                  "text": "i0."
                },
                {
                  "kind": "Reference",
                  "text": "ɵɵInjectableDeclaration",
                  "canonicalReference": "@angular/core!ɵɵInjectableDeclaration:interface"
                },
                {
                  "kind": "Content",
                  "text": "<"
                },
                {
                  "kind": "Reference",
                  "text": "EpdVisualizationConfig",
                  "canonicalReference": "@spartacus/epd-visualization_root!EpdVisualizationConfig:class"
                },
                {
                  "kind": "Content",
                  "text": ">"
                },
                {
                  "kind": "Content",
                  "text": ";"
                }
              ],
              "isOptional": false,
              "releaseTag": "Public",
              "name": "ɵprov",
              "propertyTypeTokenRange": {
                "startIndex": 1,
                "endIndex": 6
              },
              "isStatic": true
            }
          ],
          "implementsTokenRanges": [
            {
              "startIndex": 1,
              "endIndex": 3
            }
          ]
        },
        {
          "kind": "Function",
          "canonicalReference": "@spartacus/epd-visualization_root!epdVisualizationConfigValidator:function(1)",
          "docComment": "",
          "excerptTokens": [
            {
              "kind": "Content",
              "text": "export declare function epdVisualizationConfigValidator(epdVisualizationConfig: "
            },
            {
              "kind": "Reference",
              "text": "EpdVisualizationConfig",
              "canonicalReference": "@spartacus/epd-visualization_root!EpdVisualizationConfig:class"
            },
            {
              "kind": "Content",
              "text": "): "
            },
            {
              "kind": "Content",
              "text": "string | void"
            },
            {
              "kind": "Content",
              "text": ";"
            }
          ],
          "returnTypeTokenRange": {
            "startIndex": 3,
            "endIndex": 4
          },
          "releaseTag": "Public",
          "overloadIndex": 1,
          "parameters": [
            {
              "parameterName": "epdVisualizationConfig",
              "parameterTypeTokenRange": {
                "startIndex": 1,
                "endIndex": 2
              }
            }
          ],
          "name": "epdVisualizationConfigValidator"
        },
        {
          "kind": "Interface",
          "canonicalReference": "@spartacus/epd-visualization_root!EpdVisualizationInnerConfig:interface",
          "docComment": "",
          "excerptTokens": [
            {
              "kind": "Content",
              "text": "export interface EpdVisualizationInnerConfig "
            }
          ],
          "releaseTag": "Public",
          "name": "EpdVisualizationInnerConfig",
          "members": [
            {
              "kind": "PropertySignature",
              "canonicalReference": "@spartacus/epd-visualization_root!EpdVisualizationInnerConfig#apis:member",
              "docComment": "/**\n * SAP Enterprise Product Development Visualization API endpoint configuration.\n */\n",
              "excerptTokens": [
                {
                  "kind": "Content",
                  "text": "apis?: "
                },
                {
                  "kind": "Reference",
                  "text": "VisualizationApiConfig",
                  "canonicalReference": "@spartacus/epd-visualization_root!VisualizationApiConfig:interface"
                },
                {
                  "kind": "Content",
                  "text": ";"
                }
              ],
              "isOptional": true,
              "releaseTag": "Public",
              "name": "apis",
              "propertyTypeTokenRange": {
                "startIndex": 1,
                "endIndex": 2
              }
            },
            {
              "kind": "PropertySignature",
              "canonicalReference": "@spartacus/epd-visualization_root!EpdVisualizationInnerConfig#ui5:member",
              "docComment": "/**\n * UI5 configuration\n */\n",
              "excerptTokens": [
                {
                  "kind": "Content",
                  "text": "ui5?: "
                },
                {
                  "kind": "Reference",
                  "text": "Ui5Config",
                  "canonicalReference": "@spartacus/epd-visualization_root!Ui5Config:interface"
                },
                {
                  "kind": "Content",
                  "text": ";"
                }
              ],
              "isOptional": true,
              "releaseTag": "Public",
              "name": "ui5",
              "propertyTypeTokenRange": {
                "startIndex": 1,
                "endIndex": 2
              }
            },
            {
              "kind": "PropertySignature",
              "canonicalReference": "@spartacus/epd-visualization_root!EpdVisualizationInnerConfig#usageIds:member",
              "docComment": "/**\n * SAP Enterprise Product Development Visualization Usage ID configuration.\n */\n",
              "excerptTokens": [
                {
                  "kind": "Content",
                  "text": "usageIds?: "
                },
                {
                  "kind": "Reference",
                  "text": "UsageIdConfig",
                  "canonicalReference": "@spartacus/epd-visualization_root!UsageIdConfig:interface"
                },
                {
                  "kind": "Content",
                  "text": ";"
                }
              ],
              "isOptional": true,
              "releaseTag": "Public",
              "name": "usageIds",
              "propertyTypeTokenRange": {
                "startIndex": 1,
                "endIndex": 2
              }
            },
            {
              "kind": "PropertySignature",
              "canonicalReference": "@spartacus/epd-visualization_root!EpdVisualizationInnerConfig#visualPicking:member",
              "docComment": "/**\n * Configuration for the visual picking scenario.\n */\n",
              "excerptTokens": [
                {
                  "kind": "Content",
                  "text": "visualPicking?: "
                },
                {
                  "kind": "Reference",
                  "text": "VisualPickingConfig",
                  "canonicalReference": "@spartacus/epd-visualization_root!VisualPickingConfig:interface"
                },
                {
                  "kind": "Content",
                  "text": ";"
                }
              ],
              "isOptional": true,
              "releaseTag": "Public",
              "name": "visualPicking",
              "propertyTypeTokenRange": {
                "startIndex": 1,
                "endIndex": 2
              }
            }
          ],
          "extendsTokenRanges": []
        },
        {
          "kind": "Class",
          "canonicalReference": "@spartacus/epd-visualization_root!EpdVisualizationRootModule:class",
          "docComment": "",
          "excerptTokens": [
            {
              "kind": "Content",
              "text": "export declare class EpdVisualizationRootModule "
            }
          ],
          "releaseTag": "Public",
          "name": "EpdVisualizationRootModule",
          "members": [
            {
              "kind": "Property",
              "canonicalReference": "@spartacus/epd-visualization_root!EpdVisualizationRootModule.ɵfac:member",
              "docComment": "",
              "excerptTokens": [
                {
                  "kind": "Content",
                  "text": "static ɵfac: "
                },
                {
                  "kind": "Content",
                  "text": "i0."
                },
                {
                  "kind": "Reference",
                  "text": "ɵɵFactoryDeclaration",
                  "canonicalReference": "@angular/core!ɵɵFactoryDeclaration:type"
                },
                {
                  "kind": "Content",
                  "text": "<"
                },
                {
                  "kind": "Reference",
                  "text": "EpdVisualizationRootModule",
                  "canonicalReference": "@spartacus/epd-visualization_root!EpdVisualizationRootModule:class"
                },
                {
                  "kind": "Content",
                  "text": ", never>"
                },
                {
                  "kind": "Content",
                  "text": ";"
                }
              ],
              "isOptional": false,
              "releaseTag": "Public",
              "name": "ɵfac",
              "propertyTypeTokenRange": {
                "startIndex": 1,
                "endIndex": 6
              },
              "isStatic": true
            },
            {
              "kind": "Property",
              "canonicalReference": "@spartacus/epd-visualization_root!EpdVisualizationRootModule.ɵinj:member",
              "docComment": "",
              "excerptTokens": [
                {
                  "kind": "Content",
                  "text": "static ɵinj: "
                },
                {
                  "kind": "Content",
                  "text": "i0."
                },
                {
                  "kind": "Reference",
                  "text": "ɵɵInjectorDeclaration",
                  "canonicalReference": "@angular/core!ɵɵInjectorDeclaration:type"
                },
                {
                  "kind": "Content",
                  "text": "<"
                },
                {
                  "kind": "Reference",
                  "text": "EpdVisualizationRootModule",
                  "canonicalReference": "@spartacus/epd-visualization_root!EpdVisualizationRootModule:class"
                },
                {
                  "kind": "Content",
                  "text": ">"
                },
                {
                  "kind": "Content",
                  "text": ";"
                }
              ],
              "isOptional": false,
              "releaseTag": "Public",
              "name": "ɵinj",
              "propertyTypeTokenRange": {
                "startIndex": 1,
                "endIndex": 6
              },
              "isStatic": true
            },
            {
              "kind": "Property",
              "canonicalReference": "@spartacus/epd-visualization_root!EpdVisualizationRootModule.ɵmod:member",
              "docComment": "",
              "excerptTokens": [
                {
                  "kind": "Content",
                  "text": "static ɵmod: "
                },
                {
                  "kind": "Content",
                  "text": "i0."
                },
                {
                  "kind": "Reference",
                  "text": "ɵɵNgModuleDeclaration",
                  "canonicalReference": "@angular/core!ɵɵNgModuleDeclaration:type"
                },
                {
                  "kind": "Content",
                  "text": "<"
                },
                {
                  "kind": "Reference",
                  "text": "EpdVisualizationRootModule",
                  "canonicalReference": "@spartacus/epd-visualization_root!EpdVisualizationRootModule:class"
                },
                {
                  "kind": "Content",
                  "text": ", never, never, never>"
                },
                {
                  "kind": "Content",
                  "text": ";"
                }
              ],
              "isOptional": false,
              "releaseTag": "Public",
              "name": "ɵmod",
              "propertyTypeTokenRange": {
                "startIndex": 1,
                "endIndex": 6
              },
              "isStatic": true
            }
          ],
          "implementsTokenRanges": []
        },
        {
          "kind": "Class",
          "canonicalReference": "@spartacus/epd-visualization_root!EventListenerUtils:class",
          "docComment": "",
          "excerptTokens": [
            {
              "kind": "Content",
              "text": "export declare class EventListenerUtils "
            }
          ],
          "releaseTag": "Public",
          "name": "EventListenerUtils",
          "members": [
            {
              "kind": "Method",
              "canonicalReference": "@spartacus/epd-visualization_root!EventListenerUtils#_detachEventListeners:member(1)",
              "docComment": "",
              "excerptTokens": [
                {
                  "kind": "Content",
                  "text": "_detachEventListeners(eventListeners: "
                },
                {
                  "kind": "Reference",
                  "text": "Listener",
                  "canonicalReference": "@spartacus/epd-visualization_root!Listener:interface"
                },
                {
                  "kind": "Content",
                  "text": "[]"
                },
                {
                  "kind": "Content",
                  "text": "): "
                },
                {
                  "kind": "Content",
                  "text": "void"
                },
                {
                  "kind": "Content",
                  "text": ";"
                }
              ],
              "isOptional": false,
              "isStatic": false,
              "returnTypeTokenRange": {
                "startIndex": 4,
                "endIndex": 5
              },
              "releaseTag": "Public",
              "overloadIndex": 1,
              "parameters": [
                {
                  "parameterName": "eventListeners",
                  "parameterTypeTokenRange": {
                    "startIndex": 1,
                    "endIndex": 3
                  }
                }
              ],
              "name": "_detachEventListeners"
            },
            {
              "kind": "Method",
              "canonicalReference": "@spartacus/epd-visualization_root!EventListenerUtils#attachEventListener:member(1)",
              "docComment": "",
              "excerptTokens": [
                {
                  "kind": "Content",
                  "text": "attachEventListener(nativeElement: "
                },
                {
                  "kind": "Content",
                  "text": "any"
                },
                {
                  "kind": "Content",
                  "text": ", eventName: "
                },
                {
                  "kind": "Content",
                  "text": "string"
                },
                {
                  "kind": "Content",
                  "text": ", callback: "
                },
                {
                  "kind": "Content",
                  "text": "(event: any) => void"
                },
                {
                  "kind": "Content",
                  "text": "): "
                },
                {
                  "kind": "Content",
                  "text": "void"
                },
                {
                  "kind": "Content",
                  "text": ";"
                }
              ],
              "isOptional": false,
              "isStatic": false,
              "returnTypeTokenRange": {
                "startIndex": 7,
                "endIndex": 8
              },
              "releaseTag": "Public",
              "overloadIndex": 1,
              "parameters": [
                {
                  "parameterName": "nativeElement",
                  "parameterTypeTokenRange": {
                    "startIndex": 1,
                    "endIndex": 2
                  }
                },
                {
                  "parameterName": "eventName",
                  "parameterTypeTokenRange": {
                    "startIndex": 3,
                    "endIndex": 4
                  }
                },
                {
                  "parameterName": "callback",
                  "parameterTypeTokenRange": {
                    "startIndex": 5,
                    "endIndex": 6
                  }
                }
              ],
              "name": "attachEventListener"
            },
            {
              "kind": "Method",
              "canonicalReference": "@spartacus/epd-visualization_root!EventListenerUtils#detachAllEventListeners:member(1)",
              "docComment": "",
              "excerptTokens": [
                {
                  "kind": "Content",
                  "text": "detachAllEventListeners(nativeElement: "
                },
                {
                  "kind": "Content",
                  "text": "any"
                },
                {
                  "kind": "Content",
                  "text": "): "
                },
                {
                  "kind": "Content",
                  "text": "void"
                },
                {
                  "kind": "Content",
                  "text": ";"
                }
              ],
              "isOptional": false,
              "isStatic": false,
              "returnTypeTokenRange": {
                "startIndex": 3,
                "endIndex": 4
              },
              "releaseTag": "Public",
              "overloadIndex": 1,
              "parameters": [
                {
                  "parameterName": "nativeElement",
                  "parameterTypeTokenRange": {
                    "startIndex": 1,
                    "endIndex": 2
                  }
                }
              ],
              "name": "detachAllEventListeners"
            },
            {
              "kind": "Method",
              "canonicalReference": "@spartacus/epd-visualization_root!EventListenerUtils#detachEventListeners:member(1)",
              "docComment": "",
              "excerptTokens": [
                {
                  "kind": "Content",
                  "text": "detachEventListeners(nativeElement: "
                },
                {
                  "kind": "Content",
                  "text": "any"
                },
                {
                  "kind": "Content",
                  "text": ", eventName: "
                },
                {
                  "kind": "Content",
                  "text": "string"
                },
                {
                  "kind": "Content",
                  "text": "): "
                },
                {
                  "kind": "Content",
                  "text": "void"
                },
                {
                  "kind": "Content",
                  "text": ";"
                }
              ],
              "isOptional": false,
              "isStatic": false,
              "returnTypeTokenRange": {
                "startIndex": 5,
                "endIndex": 6
              },
              "releaseTag": "Public",
              "overloadIndex": 1,
              "parameters": [
                {
                  "parameterName": "nativeElement",
                  "parameterTypeTokenRange": {
                    "startIndex": 1,
                    "endIndex": 2
                  }
                },
                {
                  "parameterName": "eventName",
                  "parameterTypeTokenRange": {
                    "startIndex": 3,
                    "endIndex": 4
                  }
                }
              ],
              "name": "detachEventListeners"
            },
            {
              "kind": "Method",
              "canonicalReference": "@spartacus/epd-visualization_root!EventListenerUtils#initialize:member(1)",
              "docComment": "",
              "excerptTokens": [
                {
                  "kind": "Content",
                  "text": "initialize(renderer: "
                },
                {
                  "kind": "Reference",
                  "text": "Renderer2",
                  "canonicalReference": "@angular/core!Renderer2:class"
                },
                {
                  "kind": "Content",
                  "text": "): "
                },
                {
                  "kind": "Content",
                  "text": "void"
                },
                {
                  "kind": "Content",
                  "text": ";"
                }
              ],
              "isOptional": false,
              "isStatic": false,
              "returnTypeTokenRange": {
                "startIndex": 3,
                "endIndex": 4
              },
              "releaseTag": "Public",
              "overloadIndex": 1,
              "parameters": [
                {
                  "parameterName": "renderer",
                  "parameterTypeTokenRange": {
                    "startIndex": 1,
                    "endIndex": 2
                  }
                }
              ],
              "name": "initialize"
            }
          ],
          "implementsTokenRanges": []
        },
        {
          "kind": "Function",
          "canonicalReference": "@spartacus/epd-visualization_root!getEpdVisualizationDefaultConfig:function(1)",
          "docComment": "",
          "excerptTokens": [
            {
              "kind": "Content",
              "text": "export declare function getEpdVisualizationDefaultConfig(): "
            },
            {
              "kind": "Reference",
              "text": "EpdVisualizationConfig",
              "canonicalReference": "@spartacus/epd-visualization_root!EpdVisualizationConfig:class"
            },
            {
              "kind": "Content",
              "text": ";"
            }
          ],
          "returnTypeTokenRange": {
            "startIndex": 1,
            "endIndex": 2
          },
          "releaseTag": "Public",
          "overloadIndex": 1,
          "parameters": [],
          "name": "getEpdVisualizationDefaultConfig"
        },
        {
          "kind": "Function",
          "canonicalReference": "@spartacus/epd-visualization_root!getUrl:function(1)",
          "docComment": "",
          "excerptTokens": [
            {
              "kind": "Content",
              "text": "export declare function getUrl(urlString: "
            },
            {
              "kind": "Content",
              "text": "string"
            },
            {
              "kind": "Content",
              "text": "): "
            },
            {
              "kind": "Reference",
              "text": "URL",
              "canonicalReference": "!URL:interface"
            },
            {
              "kind": "Content",
              "text": " | null"
            },
            {
              "kind": "Content",
              "text": ";"
            }
          ],
          "returnTypeTokenRange": {
            "startIndex": 3,
            "endIndex": 5
          },
          "releaseTag": "Public",
          "overloadIndex": 1,
          "parameters": [
            {
              "parameterName": "urlString",
              "parameterTypeTokenRange": {
                "startIndex": 1,
                "endIndex": 2
              }
            }
          ],
          "name": "getUrl"
        },
        {
          "kind": "Function",
          "canonicalReference": "@spartacus/epd-visualization_root!isHttpOrHttps:function(1)",
          "docComment": "",
          "excerptTokens": [
            {
              "kind": "Content",
              "text": "export declare function isHttpOrHttps(url: "
            },
            {
              "kind": "Reference",
              "text": "URL",
              "canonicalReference": "!URL:interface"
            },
            {
              "kind": "Content",
              "text": "): "
            },
            {
              "kind": "Content",
              "text": "boolean"
            },
            {
              "kind": "Content",
              "text": ";"
            }
          ],
          "returnTypeTokenRange": {
            "startIndex": 3,
            "endIndex": 4
          },
          "releaseTag": "Public",
          "overloadIndex": 1,
          "parameters": [
            {
              "parameterName": "url",
              "parameterTypeTokenRange": {
                "startIndex": 1,
                "endIndex": 2
              }
            }
          ],
          "name": "isHttpOrHttps"
        },
        {
          "kind": "Interface",
          "canonicalReference": "@spartacus/epd-visualization_root!Listener:interface",
          "docComment": "",
          "excerptTokens": [
            {
              "kind": "Content",
              "text": "export interface Listener "
            }
          ],
          "releaseTag": "Public",
          "name": "Listener",
          "members": [
            {
              "kind": "PropertySignature",
              "canonicalReference": "@spartacus/epd-visualization_root!Listener#endListener:member",
              "docComment": "",
              "excerptTokens": [
                {
                  "kind": "Content",
                  "text": "endListener: "
                },
                {
                  "kind": "Content",
                  "text": "() => void"
                },
                {
                  "kind": "Content",
                  "text": ";"
                }
              ],
              "isOptional": false,
              "releaseTag": "Public",
              "name": "endListener",
              "propertyTypeTokenRange": {
                "startIndex": 1,
                "endIndex": 2
              }
            },
            {
              "kind": "PropertySignature",
              "canonicalReference": "@spartacus/epd-visualization_root!Listener#eventName:member",
              "docComment": "",
              "excerptTokens": [
                {
                  "kind": "Content",
                  "text": "eventName: "
                },
                {
                  "kind": "Content",
                  "text": "string"
                },
                {
                  "kind": "Content",
                  "text": ";"
                }
              ],
              "isOptional": false,
              "releaseTag": "Public",
              "name": "eventName",
              "propertyTypeTokenRange": {
                "startIndex": 1,
                "endIndex": 2
              }
            },
            {
              "kind": "PropertySignature",
              "canonicalReference": "@spartacus/epd-visualization_root!Listener#nativeElement:member",
              "docComment": "",
              "excerptTokens": [
                {
                  "kind": "Content",
                  "text": "nativeElement: "
                },
                {
                  "kind": "Content",
                  "text": "any"
                },
                {
                  "kind": "Content",
                  "text": ";"
                }
              ],
              "isOptional": false,
              "releaseTag": "Public",
              "name": "nativeElement",
              "propertyTypeTokenRange": {
                "startIndex": 1,
                "endIndex": 2
              }
            }
          ],
          "extendsTokenRanges": []
        },
        {
          "kind": "Interface",
          "canonicalReference": "@spartacus/epd-visualization_root!Ui5Config:interface",
          "docComment": "",
          "excerptTokens": [
            {
              "kind": "Content",
              "text": "export interface Ui5Config "
            }
          ],
          "releaseTag": "Public",
          "name": "Ui5Config",
          "members": [
            {
              "kind": "PropertySignature",
              "canonicalReference": "@spartacus/epd-visualization_root!Ui5Config#bootstrapUrl:member",
              "docComment": "/**\n * This is the URL that SAPUI5 is bootstrapped from. The value that is configured by default in a given Spartacus release is the SAPUI5 version supported for that Spartacus release.\n *\n * Important: Please check the *End of Cloud Provisioning* column in https://sapui5.hana.ondemand.com/versionoverview.html When the Cloud Provisioning period ends for a particular SAPUI5 version, that version will no longer be available on https://sapui5.hana.ondemand.com\n */\n",
              "excerptTokens": [
                {
                  "kind": "Content",
                  "text": "bootstrapUrl: "
                },
                {
                  "kind": "Content",
                  "text": "string"
                },
                {
                  "kind": "Content",
                  "text": ";"
                }
              ],
              "isOptional": false,
              "releaseTag": "Public",
              "name": "bootstrapUrl",
              "propertyTypeTokenRange": {
                "startIndex": 1,
                "endIndex": 2
              }
            }
          ],
          "extendsTokenRanges": []
        },
        {
          "kind": "Interface",
          "canonicalReference": "@spartacus/epd-visualization_root!UsageId:interface",
          "docComment": "",
          "excerptTokens": [
            {
              "kind": "Content",
              "text": "export interface UsageId "
            }
          ],
          "releaseTag": "Public",
          "name": "UsageId",
          "members": [
            {
              "kind": "PropertySignature",
              "canonicalReference": "@spartacus/epd-visualization_root!UsageId#keys:member",
              "docComment": "",
              "excerptTokens": [
                {
                  "kind": "Content",
                  "text": "keys: "
                },
                {
                  "kind": "Reference",
                  "text": "UsageIdKey",
                  "canonicalReference": "@spartacus/epd-visualization_root!UsageIdKey:interface"
                },
                {
                  "kind": "Content",
                  "text": "[]"
                },
                {
                  "kind": "Content",
                  "text": ";"
                }
              ],
              "isOptional": false,
              "releaseTag": "Public",
              "name": "keys",
              "propertyTypeTokenRange": {
                "startIndex": 1,
                "endIndex": 3
              }
            },
            {
              "kind": "PropertySignature",
              "canonicalReference": "@spartacus/epd-visualization_root!UsageId#name:member",
              "docComment": "",
              "excerptTokens": [
                {
                  "kind": "Content",
                  "text": "name: "
                },
                {
                  "kind": "Content",
                  "text": "string"
                },
                {
                  "kind": "Content",
                  "text": ";"
                }
              ],
              "isOptional": false,
              "releaseTag": "Public",
              "name": "name",
              "propertyTypeTokenRange": {
                "startIndex": 1,
                "endIndex": 2
              }
            }
          ],
          "extendsTokenRanges": []
        },
        {
          "kind": "Interface",
          "canonicalReference": "@spartacus/epd-visualization_root!UsageIdConfig:interface",
          "docComment": "",
          "excerptTokens": [
            {
              "kind": "Content",
              "text": "export interface UsageIdConfig "
            }
          ],
          "releaseTag": "Public",
          "name": "UsageIdConfig",
          "members": [
            {
              "kind": "PropertySignature",
              "canonicalReference": "@spartacus/epd-visualization_root!UsageIdConfig#folderUsageId:member",
              "docComment": "/**\n * Folders in the configured SAP EPD Visualization tenant that have anonymous access enabled and have this Usage ID value applied will be searched for visualizations. This configuration option allows for a separation between staging visualization data and production visualization data.\n */\n",
              "excerptTokens": [
                {
                  "kind": "Content",
                  "text": "folderUsageId: "
                },
                {
                  "kind": "Reference",
                  "text": "UsageId",
                  "canonicalReference": "@spartacus/epd-visualization_root!UsageId:interface"
                },
                {
                  "kind": "Content",
                  "text": ";"
                }
              ],
              "isOptional": false,
              "releaseTag": "Public",
              "name": "folderUsageId",
              "propertyTypeTokenRange": {
                "startIndex": 1,
                "endIndex": 2
              }
            },
            {
              "kind": "PropertySignature",
              "canonicalReference": "@spartacus/epd-visualization_root!UsageIdConfig#productUsageId:member",
              "docComment": "/**\n * Defines the EPD Visualization usage ID to use to refer to a product in SAP Commerce Cloud. This Usage ID is used on: - Visualizations to allow a visualization to be linked with a product. This allows a visualization to be found and loaded for the current product in a product details page. - Scene nodes to allow a scene node to be linked with a product. This allows two way linking between scene nodes and products (which typically represent spare parts).\n */\n",
              "excerptTokens": [
                {
                  "kind": "Content",
                  "text": "productUsageId: "
                },
                {
                  "kind": "Reference",
                  "text": "UsageIdDefinition",
                  "canonicalReference": "@spartacus/epd-visualization_root!UsageIdDefinition:interface"
                },
                {
                  "kind": "Content",
                  "text": ";"
                }
              ],
              "isOptional": false,
              "releaseTag": "Public",
              "name": "productUsageId",
              "propertyTypeTokenRange": {
                "startIndex": 1,
                "endIndex": 2
              }
            }
          ],
          "extendsTokenRanges": []
        },
        {
          "kind": "Interface",
          "canonicalReference": "@spartacus/epd-visualization_root!UsageIdDefinition:interface",
          "docComment": "",
          "excerptTokens": [
            {
              "kind": "Content",
              "text": "export interface UsageIdDefinition "
            }
          ],
          "releaseTag": "Public",
          "name": "UsageIdDefinition",
          "members": [
            {
              "kind": "PropertySignature",
              "canonicalReference": "@spartacus/epd-visualization_root!UsageIdDefinition#category:member",
              "docComment": "",
              "excerptTokens": [
                {
                  "kind": "Content",
                  "text": "category: "
                },
                {
                  "kind": "Content",
                  "text": "string"
                },
                {
                  "kind": "Content",
                  "text": ";"
                }
              ],
              "isOptional": false,
              "releaseTag": "Public",
              "name": "category",
              "propertyTypeTokenRange": {
                "startIndex": 1,
                "endIndex": 2
              }
            },
            {
              "kind": "PropertySignature",
              "canonicalReference": "@spartacus/epd-visualization_root!UsageIdDefinition#keyName:member",
              "docComment": "",
              "excerptTokens": [
                {
                  "kind": "Content",
                  "text": "keyName: "
                },
                {
                  "kind": "Content",
                  "text": "string"
                },
                {
                  "kind": "Content",
                  "text": ";"
                }
              ],
              "isOptional": false,
              "releaseTag": "Public",
              "name": "keyName",
              "propertyTypeTokenRange": {
                "startIndex": 1,
                "endIndex": 2
              }
            },
            {
              "kind": "PropertySignature",
              "canonicalReference": "@spartacus/epd-visualization_root!UsageIdDefinition#name:member",
              "docComment": "",
              "excerptTokens": [
                {
                  "kind": "Content",
                  "text": "name?: "
                },
                {
                  "kind": "Content",
                  "text": "string"
                },
                {
                  "kind": "Content",
                  "text": ";"
                }
              ],
              "isOptional": true,
              "releaseTag": "Public",
              "name": "name",
              "propertyTypeTokenRange": {
                "startIndex": 1,
                "endIndex": 2
              }
            },
            {
              "kind": "PropertySignature",
              "canonicalReference": "@spartacus/epd-visualization_root!UsageIdDefinition#source:member",
              "docComment": "",
              "excerptTokens": [
                {
                  "kind": "Content",
                  "text": "source: "
                },
                {
                  "kind": "Content",
                  "text": "string"
                },
                {
                  "kind": "Content",
                  "text": ";"
                }
              ],
              "isOptional": false,
              "releaseTag": "Public",
              "name": "source",
              "propertyTypeTokenRange": {
                "startIndex": 1,
                "endIndex": 2
              }
            }
          ],
          "extendsTokenRanges": []
        },
        {
          "kind": "Interface",
          "canonicalReference": "@spartacus/epd-visualization_root!UsageIdKey:interface",
          "docComment": "",
          "excerptTokens": [
            {
              "kind": "Content",
              "text": "export interface UsageIdKey "
            }
          ],
          "releaseTag": "Public",
          "name": "UsageIdKey",
          "members": [
            {
              "kind": "PropertySignature",
              "canonicalReference": "@spartacus/epd-visualization_root!UsageIdKey#name:member",
              "docComment": "",
              "excerptTokens": [
                {
                  "kind": "Content",
                  "text": "name: "
                },
                {
                  "kind": "Reference",
                  "text": "String",
                  "canonicalReference": "!String:interface"
                },
                {
                  "kind": "Content",
                  "text": ";"
                }
              ],
              "isOptional": false,
              "releaseTag": "Public",
              "name": "name",
              "propertyTypeTokenRange": {
                "startIndex": 1,
                "endIndex": 2
              }
            },
            {
              "kind": "PropertySignature",
              "canonicalReference": "@spartacus/epd-visualization_root!UsageIdKey#value:member",
              "docComment": "",
              "excerptTokens": [
                {
                  "kind": "Content",
                  "text": "value: "
                },
                {
                  "kind": "Reference",
                  "text": "String",
                  "canonicalReference": "!String:interface"
                },
                {
                  "kind": "Content",
                  "text": ";"
                }
              ],
              "isOptional": false,
              "releaseTag": "Public",
              "name": "value",
              "propertyTypeTokenRange": {
                "startIndex": 1,
                "endIndex": 2
              }
            }
          ],
          "extendsTokenRanges": []
        },
        {
          "kind": "Interface",
          "canonicalReference": "@spartacus/epd-visualization_root!VisualizationApiConfig:interface",
          "docComment": "",
          "excerptTokens": [
            {
              "kind": "Content",
              "text": "export interface VisualizationApiConfig "
            }
          ],
          "releaseTag": "Public",
          "name": "VisualizationApiConfig",
          "members": [
            {
              "kind": "PropertySignature",
              "canonicalReference": "@spartacus/epd-visualization_root!VisualizationApiConfig#baseUrl:member",
              "docComment": "/**\n * This is the base URL that is used to access the EPD Visualization APIs. Use the origin portion of the URL for your EPD Fiori Launchpad. i.e. https://mytenantsubdomain.epd.cfapps.eu20.hana.ondemand.com\n */\n",
              "excerptTokens": [
                {
                  "kind": "Content",
                  "text": "baseUrl: "
                },
                {
                  "kind": "Content",
                  "text": "string"
                },
                {
                  "kind": "Content",
                  "text": ";"
                }
              ],
              "isOptional": false,
              "releaseTag": "Public",
              "name": "baseUrl",
              "propertyTypeTokenRange": {
                "startIndex": 1,
                "endIndex": 2
              }
            }
          ],
          "extendsTokenRanges": []
        },
        {
          "kind": "Interface",
          "canonicalReference": "@spartacus/epd-visualization_root!VisualizationInfo:interface",
          "docComment": "/**\n * Information about a visualization stored in an EPD Visualization service.\n */\n",
          "excerptTokens": [
            {
              "kind": "Content",
              "text": "export interface VisualizationInfo "
            }
          ],
          "releaseTag": "Public",
          "name": "VisualizationInfo",
          "members": [
            {
              "kind": "PropertySignature",
              "canonicalReference": "@spartacus/epd-visualization_root!VisualizationInfo#category:member",
              "docComment": "/**\n * The visualization category.\n */\n",
              "excerptTokens": [
                {
                  "kind": "Content",
                  "text": "category: "
                },
                {
                  "kind": "Content",
                  "text": "string"
                },
                {
                  "kind": "Content",
                  "text": ";"
                }
              ],
              "isOptional": false,
              "releaseTag": "Public",
              "name": "category",
              "propertyTypeTokenRange": {
                "startIndex": 1,
                "endIndex": 2
              }
            },
            {
              "kind": "PropertySignature",
              "canonicalReference": "@spartacus/epd-visualization_root!VisualizationInfo#contentType:member",
              "docComment": "/**\n * The content type of the visualization.\n */\n",
              "excerptTokens": [
                {
                  "kind": "Content",
                  "text": "contentType: "
                },
                {
                  "kind": "Reference",
                  "text": "ContentType",
                  "canonicalReference": "@spartacus/epd-visualization_root!ContentType:enum"
                },
                {
                  "kind": "Content",
                  "text": ";"
                }
              ],
              "isOptional": false,
              "releaseTag": "Public",
              "name": "contentType",
              "propertyTypeTokenRange": {
                "startIndex": 1,
                "endIndex": 2
              }
            },
            {
              "kind": "PropertySignature",
              "canonicalReference": "@spartacus/epd-visualization_root!VisualizationInfo#folderId:member",
              "docComment": "/**\n * The folderId of the folder containing the visualization. This is intended for debugging purposes only.\n */\n",
              "excerptTokens": [
                {
                  "kind": "Content",
                  "text": "folderId: "
                },
                {
                  "kind": "Content",
                  "text": "string"
                },
                {
                  "kind": "Content",
                  "text": ";"
                }
              ],
              "isOptional": false,
              "releaseTag": "Public",
              "name": "folderId",
              "propertyTypeTokenRange": {
                "startIndex": 1,
                "endIndex": 2
              }
            },
            {
              "kind": "PropertySignature",
              "canonicalReference": "@spartacus/epd-visualization_root!VisualizationInfo#sceneId:member",
              "docComment": "/**\n * The scene ID.\n */\n",
              "excerptTokens": [
                {
                  "kind": "Content",
                  "text": "sceneId: "
                },
                {
                  "kind": "Content",
                  "text": "string"
                },
                {
                  "kind": "Content",
                  "text": ";"
                }
              ],
              "isOptional": false,
              "releaseTag": "Public",
              "name": "sceneId",
              "propertyTypeTokenRange": {
                "startIndex": 1,
                "endIndex": 2
              }
            },
            {
              "kind": "PropertySignature",
              "canonicalReference": "@spartacus/epd-visualization_root!VisualizationInfo#version:member",
              "docComment": "/**\n * The visualization version.\n */\n",
              "excerptTokens": [
                {
                  "kind": "Content",
                  "text": "version: "
                },
                {
                  "kind": "Content",
                  "text": "string"
                },
                {
                  "kind": "Content",
                  "text": ";"
                }
              ],
              "isOptional": false,
              "releaseTag": "Public",
              "name": "version",
              "propertyTypeTokenRange": {
                "startIndex": 1,
                "endIndex": 2
              }
            },
            {
              "kind": "PropertySignature",
              "canonicalReference": "@spartacus/epd-visualization_root!VisualizationInfo#visualizationId:member",
              "docComment": "/**\n * The visualization ID.\n */\n",
              "excerptTokens": [
                {
                  "kind": "Content",
                  "text": "visualizationId: "
                },
                {
                  "kind": "Content",
                  "text": "string"
                },
                {
                  "kind": "Content",
                  "text": ";"
                }
              ],
              "isOptional": false,
              "releaseTag": "Public",
              "name": "visualizationId",
              "propertyTypeTokenRange": {
                "startIndex": 1,
                "endIndex": 2
              }
            }
          ],
          "extendsTokenRanges": []
        },
        {
          "kind": "Interface",
          "canonicalReference": "@spartacus/epd-visualization_root!VisualPickingConfig:interface",
          "docComment": "",
          "excerptTokens": [
            {
              "kind": "Content",
              "text": "export interface VisualPickingConfig "
            }
          ],
          "releaseTag": "Public",
          "name": "VisualPickingConfig",
          "members": [
            {
              "kind": "PropertySignature",
              "canonicalReference": "@spartacus/epd-visualization_root!VisualPickingConfig#productReferenceType:member",
              "docComment": "/**\n * This is the type of product reference to list for the active product (typically SPAREPART)\n */\n",
              "excerptTokens": [
                {
                  "kind": "Content",
                  "text": "productReferenceType: "
                },
                {
                  "kind": "Content",
                  "text": "string"
                },
                {
                  "kind": "Content",
                  "text": ";"
                }
              ],
              "isOptional": false,
              "releaseTag": "Public",
              "name": "productReferenceType",
              "propertyTypeTokenRange": {
                "startIndex": 1,
                "endIndex": 2
              }
            }
          ],
          "extendsTokenRanges": []
        }
      ]
    }
  ]
}
