{
  "metadata": {
    "toolPackage": "@microsoft/api-extractor",
    "toolVersion": "7.19.4",
    "schemaVersion": 1004,
    "oldestForwardsCompatibleVersion": 1001,
    "tsdocConfig": {
      "$schema": "https://developer.microsoft.com/json-schemas/tsdoc/v0/tsdoc.schema.json",
      "noStandardTags": true,
      "tagDefinitions": [
        {
          "tagName": "@alpha",
          "syntaxKind": "modifier"
        },
        {
          "tagName": "@beta",
          "syntaxKind": "modifier"
        },
        {
          "tagName": "@defaultValue",
          "syntaxKind": "block"
        },
        {
          "tagName": "@decorator",
          "syntaxKind": "block",
          "allowMultiple": true
        },
        {
          "tagName": "@deprecated",
          "syntaxKind": "block"
        },
        {
          "tagName": "@eventProperty",
          "syntaxKind": "modifier"
        },
        {
          "tagName": "@example",
          "syntaxKind": "block",
          "allowMultiple": true
        },
        {
          "tagName": "@experimental",
          "syntaxKind": "modifier"
        },
        {
          "tagName": "@inheritDoc",
          "syntaxKind": "inline"
        },
        {
          "tagName": "@internal",
          "syntaxKind": "modifier"
        },
        {
          "tagName": "@label",
          "syntaxKind": "inline"
        },
        {
          "tagName": "@link",
          "syntaxKind": "inline",
          "allowMultiple": true
        },
        {
          "tagName": "@override",
          "syntaxKind": "modifier"
        },
        {
          "tagName": "@packageDocumentation",
          "syntaxKind": "modifier"
        },
        {
          "tagName": "@param",
          "syntaxKind": "block",
          "allowMultiple": true
        },
        {
          "tagName": "@privateRemarks",
          "syntaxKind": "block"
        },
        {
          "tagName": "@public",
          "syntaxKind": "modifier"
        },
        {
          "tagName": "@readonly",
          "syntaxKind": "modifier"
        },
        {
          "tagName": "@remarks",
          "syntaxKind": "block"
        },
        {
          "tagName": "@returns",
          "syntaxKind": "block"
        },
        {
          "tagName": "@sealed",
          "syntaxKind": "modifier"
        },
        {
          "tagName": "@see",
          "syntaxKind": "block"
        },
        {
          "tagName": "@throws",
          "syntaxKind": "block",
          "allowMultiple": true
        },
        {
          "tagName": "@typeParam",
          "syntaxKind": "block",
          "allowMultiple": true
        },
        {
          "tagName": "@virtual",
          "syntaxKind": "modifier"
        },
        {
          "tagName": "@betaDocumentation",
          "syntaxKind": "modifier"
        },
        {
          "tagName": "@internalRemarks",
          "syntaxKind": "block"
        },
        {
          "tagName": "@preapproved",
          "syntaxKind": "modifier"
        }
      ],
      "supportForTags": {
        "@alpha": true,
        "@beta": true,
        "@defaultValue": true,
        "@decorator": true,
        "@deprecated": true,
        "@eventProperty": true,
        "@example": true,
        "@experimental": true,
        "@inheritDoc": true,
        "@internal": true,
        "@label": true,
        "@link": true,
        "@override": true,
        "@packageDocumentation": true,
        "@param": true,
        "@privateRemarks": true,
        "@public": true,
        "@readonly": true,
        "@remarks": true,
        "@returns": true,
        "@sealed": true,
        "@see": true,
        "@throws": true,
        "@typeParam": true,
        "@virtual": true,
        "@betaDocumentation": true,
        "@internalRemarks": true,
        "@preapproved": true
      }
    }
  },
  "kind": "Package",
  "canonicalReference": "@spartacus/product-configurator_textfield_root!",
  "docComment": "",
  "name": "@spartacus/product-configurator_textfield_root",
  "members": [
    {
      "kind": "EntryPoint",
      "canonicalReference": "@spartacus/product-configurator_textfield_root!",
      "name": "",
      "members": [
        {
          "kind": "Function",
          "canonicalReference": "@spartacus/product-configurator_textfield_root!defaultProductConfiguratorTextfieldComponentsConfig:function(1)",
          "docComment": "",
          "excerptTokens": [
            {
              "kind": "Content",
              "text": "export declare function defaultProductConfiguratorTextfieldComponentsConfig(): "
            },
            {
              "kind": "Reference",
              "text": "CmsConfig",
              "canonicalReference": "@spartacus/product-configurator_textfield_root!CmsConfig:class"
            },
            {
              "kind": "Content",
              "text": ";"
            }
          ],
          "returnTypeTokenRange": {
            "startIndex": 1,
            "endIndex": 2
          },
          "releaseTag": "Public",
          "overloadIndex": 1,
          "parameters": [],
          "name": "defaultProductConfiguratorTextfieldComponentsConfig"
        },
        {
          "kind": "Variable",
          "canonicalReference": "@spartacus/product-configurator_textfield_root!PRODUCT_CONFIGURATOR_TEXTFIELD_FEATURE:var",
          "docComment": "",
          "excerptTokens": [
            {
              "kind": "Content",
              "text": "PRODUCT_CONFIGURATOR_TEXTFIELD_FEATURE = \"productConfiguratorTextfield\""
            }
          ],
          "releaseTag": "Public",
          "name": "PRODUCT_CONFIGURATOR_TEXTFIELD_FEATURE",
          "variableTypeTokenRange": {
            "startIndex": 0,
            "endIndex": 0
          }
        },
        {
          "kind": "Class",
          "canonicalReference": "@spartacus/product-configurator_textfield_root!TextfieldConfiguratorRootFeatureModule:class",
          "docComment": "/**\n * Contains feature module configuration\n */\n",
          "excerptTokens": [
            {
              "kind": "Content",
              "text": "export declare class TextfieldConfiguratorRootFeatureModule "
            }
          ],
          "releaseTag": "Public",
          "name": "TextfieldConfiguratorRootFeatureModule",
          "members": [
            {
              "kind": "Property",
              "canonicalReference": "@spartacus/product-configurator_textfield_root!TextfieldConfiguratorRootFeatureModule.ɵfac:member",
              "docComment": "",
              "excerptTokens": [
                {
                  "kind": "Content",
                  "text": "static ɵfac: "
                },
                {
                  "kind": "Content",
                  "text": "i0."
                },
                {
                  "kind": "Reference",
                  "text": "ɵɵFactoryDeclaration",
                  "canonicalReference": "@angular/core!ɵɵFactoryDeclaration:type"
                },
                {
                  "kind": "Content",
                  "text": "<"
                },
                {
                  "kind": "Reference",
                  "text": "TextfieldConfiguratorRootFeatureModule",
                  "canonicalReference": "@spartacus/product-configurator_textfield_root!TextfieldConfiguratorRootFeatureModule:class"
                },
                {
                  "kind": "Content",
                  "text": ", never>"
                },
                {
                  "kind": "Content",
                  "text": ";"
                }
              ],
              "isOptional": false,
              "releaseTag": "Public",
              "name": "ɵfac",
              "propertyTypeTokenRange": {
                "startIndex": 1,
                "endIndex": 6
              },
              "isStatic": true
            },
            {
              "kind": "Property",
              "canonicalReference": "@spartacus/product-configurator_textfield_root!TextfieldConfiguratorRootFeatureModule.ɵinj:member",
              "docComment": "",
              "excerptTokens": [
                {
                  "kind": "Content",
                  "text": "static ɵinj: "
                },
                {
                  "kind": "Content",
                  "text": "i0."
                },
                {
                  "kind": "Reference",
                  "text": "ɵɵInjectorDeclaration",
                  "canonicalReference": "@angular/core!ɵɵInjectorDeclaration:type"
                },
                {
                  "kind": "Content",
                  "text": "<"
                },
                {
                  "kind": "Reference",
                  "text": "TextfieldConfiguratorRootFeatureModule",
                  "canonicalReference": "@spartacus/product-configurator_textfield_root!TextfieldConfiguratorRootFeatureModule:class"
                },
                {
                  "kind": "Content",
                  "text": ">"
                },
                {
                  "kind": "Content",
                  "text": ";"
                }
              ],
              "isOptional": false,
              "releaseTag": "Public",
              "name": "ɵinj",
              "propertyTypeTokenRange": {
                "startIndex": 1,
                "endIndex": 6
              },
              "isStatic": true
            },
            {
              "kind": "Property",
              "canonicalReference": "@spartacus/product-configurator_textfield_root!TextfieldConfiguratorRootFeatureModule.ɵmod:member",
              "docComment": "",
              "excerptTokens": [
                {
                  "kind": "Content",
                  "text": "static ɵmod: "
                },
                {
                  "kind": "Content",
                  "text": "i0."
                },
                {
                  "kind": "Reference",
                  "text": "ɵɵNgModuleDeclaration",
                  "canonicalReference": "@angular/core!ɵɵNgModuleDeclaration:type"
                },
                {
                  "kind": "Content",
                  "text": "<"
                },
                {
                  "kind": "Reference",
                  "text": "TextfieldConfiguratorRootFeatureModule",
                  "canonicalReference": "@spartacus/product-configurator_textfield_root!TextfieldConfiguratorRootFeatureModule:class"
                },
                {
                  "kind": "Content",
                  "text": ", never, never, never>"
                },
                {
                  "kind": "Content",
                  "text": ";"
                }
              ],
              "isOptional": false,
              "releaseTag": "Public",
              "name": "ɵmod",
              "propertyTypeTokenRange": {
                "startIndex": 1,
                "endIndex": 6
              },
              "isStatic": true
            }
          ],
          "implementsTokenRanges": []
        },
        {
          "kind": "Class",
          "canonicalReference": "@spartacus/product-configurator_textfield_root!TextfieldConfiguratorRootModule:class",
          "docComment": "/**\n * Exposes the root modules that we need to statically load. Contains page mappings\n */\n",
          "excerptTokens": [
            {
              "kind": "Content",
              "text": "export declare class TextfieldConfiguratorRootModule "
            }
          ],
          "releaseTag": "Public",
          "name": "TextfieldConfiguratorRootModule",
          "members": [
            {
              "kind": "Method",
              "canonicalReference": "@spartacus/product-configurator_textfield_root!TextfieldConfiguratorRootModule.forRoot:member(1)",
              "docComment": "",
              "excerptTokens": [
                {
                  "kind": "Content",
                  "text": "static forRoot(): "
                },
                {
                  "kind": "Reference",
                  "text": "ModuleWithProviders",
                  "canonicalReference": "@angular/core!ModuleWithProviders:interface"
                },
                {
                  "kind": "Content",
                  "text": "<"
                },
                {
                  "kind": "Reference",
                  "text": "TextfieldConfiguratorRootModule",
                  "canonicalReference": "@spartacus/product-configurator_textfield_root!TextfieldConfiguratorRootModule:class"
                },
                {
                  "kind": "Content",
                  "text": ">"
                },
                {
                  "kind": "Content",
                  "text": ";"
                }
              ],
              "isOptional": false,
              "isStatic": true,
              "returnTypeTokenRange": {
                "startIndex": 1,
                "endIndex": 5
              },
              "releaseTag": "Public",
              "overloadIndex": 1,
              "parameters": [],
              "name": "forRoot"
            },
            {
              "kind": "Property",
              "canonicalReference": "@spartacus/product-configurator_textfield_root!TextfieldConfiguratorRootModule.ɵfac:member",
              "docComment": "",
              "excerptTokens": [
                {
                  "kind": "Content",
                  "text": "static ɵfac: "
                },
                {
                  "kind": "Content",
                  "text": "i0."
                },
                {
                  "kind": "Reference",
                  "text": "ɵɵFactoryDeclaration",
                  "canonicalReference": "@angular/core!ɵɵFactoryDeclaration:type"
                },
                {
                  "kind": "Content",
                  "text": "<"
                },
                {
                  "kind": "Reference",
                  "text": "TextfieldConfiguratorRootModule",
                  "canonicalReference": "@spartacus/product-configurator_textfield_root!TextfieldConfiguratorRootModule:class"
                },
                {
                  "kind": "Content",
                  "text": ", never>"
                },
                {
                  "kind": "Content",
                  "text": ";"
                }
              ],
              "isOptional": false,
              "releaseTag": "Public",
              "name": "ɵfac",
              "propertyTypeTokenRange": {
                "startIndex": 1,
                "endIndex": 6
              },
              "isStatic": true
            },
            {
              "kind": "Property",
              "canonicalReference": "@spartacus/product-configurator_textfield_root!TextfieldConfiguratorRootModule.ɵinj:member",
              "docComment": "",
              "excerptTokens": [
                {
                  "kind": "Content",
                  "text": "static ɵinj: "
                },
                {
                  "kind": "Content",
                  "text": "i0."
                },
                {
                  "kind": "Reference",
                  "text": "ɵɵInjectorDeclaration",
                  "canonicalReference": "@angular/core!ɵɵInjectorDeclaration:type"
                },
                {
                  "kind": "Content",
                  "text": "<"
                },
                {
                  "kind": "Reference",
                  "text": "TextfieldConfiguratorRootModule",
                  "canonicalReference": "@spartacus/product-configurator_textfield_root!TextfieldConfiguratorRootModule:class"
                },
                {
                  "kind": "Content",
                  "text": ">"
                },
                {
                  "kind": "Content",
                  "text": ";"
                }
              ],
              "isOptional": false,
              "releaseTag": "Public",
              "name": "ɵinj",
              "propertyTypeTokenRange": {
                "startIndex": 1,
                "endIndex": 6
              },
              "isStatic": true
            },
            {
              "kind": "Property",
              "canonicalReference": "@spartacus/product-configurator_textfield_root!TextfieldConfiguratorRootModule.ɵmod:member",
              "docComment": "",
              "excerptTokens": [
                {
                  "kind": "Content",
                  "text": "static ɵmod: "
                },
                {
                  "kind": "Content",
                  "text": "i0."
                },
                {
                  "kind": "Reference",
                  "text": "ɵɵNgModuleDeclaration",
                  "canonicalReference": "@angular/core!ɵɵNgModuleDeclaration:type"
                },
                {
                  "kind": "Content",
                  "text": "<"
                },
                {
                  "kind": "Reference",
                  "text": "TextfieldConfiguratorRootModule",
                  "canonicalReference": "@spartacus/product-configurator_textfield_root!TextfieldConfiguratorRootModule:class"
                },
                {
                  "kind": "Content",
                  "text": ", never, [typeof i1."
                },
                {
                  "kind": "Reference",
                  "text": "CommonModule",
                  "canonicalReference": "@angular/common!CommonModule:class"
                },
                {
                  "kind": "Content",
                  "text": ", typeof i2."
                },
                {
                  "kind": "Reference",
                  "text": "CommonConfiguratorModule",
                  "canonicalReference": "@spartacus/product-configurator_textfield_root!CommonConfiguratorModule:class"
                },
                {
                  "kind": "Content",
                  "text": ", typeof i3."
                },
                {
                  "kind": "Reference",
                  "text": "TextfieldConfiguratorRootFeatureModule",
                  "canonicalReference": "@spartacus/product-configurator_textfield_root!TextfieldConfiguratorRootFeatureModule:class"
                },
                {
                  "kind": "Content",
                  "text": ", typeof i4."
                },
                {
                  "kind": "Reference",
                  "text": "TextfieldConfiguratorRoutingModule",
                  "canonicalReference": "@spartacus/product-configurator_textfield_root!TextfieldConfiguratorRoutingModule:class"
                },
                {
                  "kind": "Content",
                  "text": ", typeof i5."
                },
                {
                  "kind": "Reference",
                  "text": "RouterModule",
                  "canonicalReference": "@angular/router!RouterModule:class"
                },
                {
                  "kind": "Content",
                  "text": "], never>"
                },
                {
                  "kind": "Content",
                  "text": ";"
                }
              ],
              "isOptional": false,
              "releaseTag": "Public",
              "name": "ɵmod",
              "propertyTypeTokenRange": {
                "startIndex": 1,
                "endIndex": 16
              },
              "isStatic": true
            }
          ],
          "implementsTokenRanges": []
        },
        {
          "kind": "Class",
          "canonicalReference": "@spartacus/product-configurator_textfield_root!TextfieldConfiguratorRoutingModule:class",
          "docComment": "/**\n * Provides the default cx routing configuration for the textfield configurator\n */\n",
          "excerptTokens": [
            {
              "kind": "Content",
              "text": "export declare class TextfieldConfiguratorRoutingModule "
            }
          ],
          "releaseTag": "Public",
          "name": "TextfieldConfiguratorRoutingModule",
          "members": [
            {
              "kind": "Method",
              "canonicalReference": "@spartacus/product-configurator_textfield_root!TextfieldConfiguratorRoutingModule.forRoot:member(1)",
              "docComment": "",
              "excerptTokens": [
                {
                  "kind": "Content",
                  "text": "static forRoot(): "
                },
                {
                  "kind": "Reference",
                  "text": "ModuleWithProviders",
                  "canonicalReference": "@angular/core!ModuleWithProviders:interface"
                },
                {
                  "kind": "Content",
                  "text": "<"
                },
                {
                  "kind": "Reference",
                  "text": "TextfieldConfiguratorRoutingModule",
                  "canonicalReference": "@spartacus/product-configurator_textfield_root!TextfieldConfiguratorRoutingModule:class"
                },
                {
                  "kind": "Content",
                  "text": ">"
                },
                {
                  "kind": "Content",
                  "text": ";"
                }
              ],
              "isOptional": false,
              "isStatic": true,
              "returnTypeTokenRange": {
                "startIndex": 1,
                "endIndex": 5
              },
              "releaseTag": "Public",
              "overloadIndex": 1,
              "parameters": [],
              "name": "forRoot"
            },
            {
              "kind": "Property",
              "canonicalReference": "@spartacus/product-configurator_textfield_root!TextfieldConfiguratorRoutingModule.ɵfac:member",
              "docComment": "",
              "excerptTokens": [
                {
                  "kind": "Content",
                  "text": "static ɵfac: "
                },
                {
                  "kind": "Content",
                  "text": "i0."
                },
                {
                  "kind": "Reference",
                  "text": "ɵɵFactoryDeclaration",
                  "canonicalReference": "@angular/core!ɵɵFactoryDeclaration:type"
                },
                {
                  "kind": "Content",
                  "text": "<"
                },
                {
                  "kind": "Reference",
                  "text": "TextfieldConfiguratorRoutingModule",
                  "canonicalReference": "@spartacus/product-configurator_textfield_root!TextfieldConfiguratorRoutingModule:class"
                },
                {
                  "kind": "Content",
                  "text": ", never>"
                },
                {
                  "kind": "Content",
                  "text": ";"
                }
              ],
              "isOptional": false,
              "releaseTag": "Public",
              "name": "ɵfac",
              "propertyTypeTokenRange": {
                "startIndex": 1,
                "endIndex": 6
              },
              "isStatic": true
            },
            {
              "kind": "Property",
              "canonicalReference": "@spartacus/product-configurator_textfield_root!TextfieldConfiguratorRoutingModule.ɵinj:member",
              "docComment": "",
              "excerptTokens": [
                {
                  "kind": "Content",
                  "text": "static ɵinj: "
                },
                {
                  "kind": "Content",
                  "text": "i0."
                },
                {
                  "kind": "Reference",
                  "text": "ɵɵInjectorDeclaration",
                  "canonicalReference": "@angular/core!ɵɵInjectorDeclaration:type"
                },
                {
                  "kind": "Content",
                  "text": "<"
                },
                {
                  "kind": "Reference",
                  "text": "TextfieldConfiguratorRoutingModule",
                  "canonicalReference": "@spartacus/product-configurator_textfield_root!TextfieldConfiguratorRoutingModule:class"
                },
                {
                  "kind": "Content",
                  "text": ">"
                },
                {
                  "kind": "Content",
                  "text": ";"
                }
              ],
              "isOptional": false,
              "releaseTag": "Public",
              "name": "ɵinj",
              "propertyTypeTokenRange": {
                "startIndex": 1,
                "endIndex": 6
              },
              "isStatic": true
            },
            {
              "kind": "Property",
              "canonicalReference": "@spartacus/product-configurator_textfield_root!TextfieldConfiguratorRoutingModule.ɵmod:member",
              "docComment": "",
              "excerptTokens": [
                {
                  "kind": "Content",
                  "text": "static ɵmod: "
                },
                {
                  "kind": "Content",
                  "text": "i0."
                },
                {
                  "kind": "Reference",
                  "text": "ɵɵNgModuleDeclaration",
                  "canonicalReference": "@angular/core!ɵɵNgModuleDeclaration:type"
                },
                {
                  "kind": "Content",
                  "text": "<"
                },
                {
                  "kind": "Reference",
                  "text": "TextfieldConfiguratorRoutingModule",
                  "canonicalReference": "@spartacus/product-configurator_textfield_root!TextfieldConfiguratorRoutingModule:class"
                },
                {
                  "kind": "Content",
                  "text": ", never, [typeof i1."
                },
                {
                  "kind": "Reference",
                  "text": "RoutingModule",
                  "canonicalReference": "@spartacus/product-configurator_textfield_root!RoutingModule:class"
                },
                {
                  "kind": "Content",
                  "text": ", typeof i2."
                },
                {
                  "kind": "Reference",
                  "text": "CmsRouteModule",
                  "canonicalReference": "@spartacus/product-configurator_textfield_root!CmsRouteModule:class"
                },
                {
                  "kind": "Content",
                  "text": "], never>"
                },
                {
                  "kind": "Content",
                  "text": ";"
                }
              ],
              "isOptional": false,
              "releaseTag": "Public",
              "name": "ɵmod",
              "propertyTypeTokenRange": {
                "startIndex": 1,
                "endIndex": 10
              },
              "isStatic": true
            }
          ],
          "implementsTokenRanges": []
        }
      ]
    }
  ]
}
