{
  "metadata": {
    "toolPackage": "@microsoft/api-extractor",
    "toolVersion": "7.19.4",
    "schemaVersion": 1004,
    "oldestForwardsCompatibleVersion": 1001,
    "tsdocConfig": {
      "$schema": "https://developer.microsoft.com/json-schemas/tsdoc/v0/tsdoc.schema.json",
      "noStandardTags": true,
      "tagDefinitions": [
        {
          "tagName": "@alpha",
          "syntaxKind": "modifier"
        },
        {
          "tagName": "@beta",
          "syntaxKind": "modifier"
        },
        {
          "tagName": "@defaultValue",
          "syntaxKind": "block"
        },
        {
          "tagName": "@decorator",
          "syntaxKind": "block",
          "allowMultiple": true
        },
        {
          "tagName": "@deprecated",
          "syntaxKind": "block"
        },
        {
          "tagName": "@eventProperty",
          "syntaxKind": "modifier"
        },
        {
          "tagName": "@example",
          "syntaxKind": "block",
          "allowMultiple": true
        },
        {
          "tagName": "@experimental",
          "syntaxKind": "modifier"
        },
        {
          "tagName": "@inheritDoc",
          "syntaxKind": "inline"
        },
        {
          "tagName": "@internal",
          "syntaxKind": "modifier"
        },
        {
          "tagName": "@label",
          "syntaxKind": "inline"
        },
        {
          "tagName": "@link",
          "syntaxKind": "inline",
          "allowMultiple": true
        },
        {
          "tagName": "@override",
          "syntaxKind": "modifier"
        },
        {
          "tagName": "@packageDocumentation",
          "syntaxKind": "modifier"
        },
        {
          "tagName": "@param",
          "syntaxKind": "block",
          "allowMultiple": true
        },
        {
          "tagName": "@privateRemarks",
          "syntaxKind": "block"
        },
        {
          "tagName": "@public",
          "syntaxKind": "modifier"
        },
        {
          "tagName": "@readonly",
          "syntaxKind": "modifier"
        },
        {
          "tagName": "@remarks",
          "syntaxKind": "block"
        },
        {
          "tagName": "@returns",
          "syntaxKind": "block"
        },
        {
          "tagName": "@sealed",
          "syntaxKind": "modifier"
        },
        {
          "tagName": "@see",
          "syntaxKind": "block"
        },
        {
          "tagName": "@throws",
          "syntaxKind": "block",
          "allowMultiple": true
        },
        {
          "tagName": "@typeParam",
          "syntaxKind": "block",
          "allowMultiple": true
        },
        {
          "tagName": "@virtual",
          "syntaxKind": "modifier"
        },
        {
          "tagName": "@betaDocumentation",
          "syntaxKind": "modifier"
        },
        {
          "tagName": "@internalRemarks",
          "syntaxKind": "block"
        },
        {
          "tagName": "@preapproved",
          "syntaxKind": "modifier"
        }
      ],
      "supportForTags": {
        "@alpha": true,
        "@beta": true,
        "@defaultValue": true,
        "@decorator": true,
        "@deprecated": true,
        "@eventProperty": true,
        "@example": true,
        "@experimental": true,
        "@inheritDoc": true,
        "@internal": true,
        "@label": true,
        "@link": true,
        "@override": true,
        "@packageDocumentation": true,
        "@param": true,
        "@privateRemarks": true,
        "@public": true,
        "@readonly": true,
        "@remarks": true,
        "@returns": true,
        "@sealed": true,
        "@see": true,
        "@throws": true,
        "@typeParam": true,
        "@virtual": true,
        "@betaDocumentation": true,
        "@internalRemarks": true,
        "@preapproved": true
      }
    }
  },
  "kind": "Package",
  "canonicalReference": "@spartacus/tracking_personalization_root!",
  "docComment": "",
  "name": "@spartacus/tracking_personalization_root",
  "members": [
    {
      "kind": "EntryPoint",
      "canonicalReference": "@spartacus/tracking_personalization_root!",
      "name": "",
      "members": [
        {
          "kind": "Function",
          "canonicalReference": "@spartacus/tracking_personalization_root!defaultPersonalizationComponentsConfig:function(1)",
          "docComment": "",
          "excerptTokens": [
            {
              "kind": "Content",
              "text": "export declare function defaultPersonalizationComponentsConfig(): "
            },
            {
              "kind": "Reference",
              "text": "CmsConfig",
              "canonicalReference": "@spartacus/tracking_personalization_root!CmsConfig:class"
            },
            {
              "kind": "Content",
              "text": ";"
            }
          ],
          "returnTypeTokenRange": {
            "startIndex": 1,
            "endIndex": 2
          },
          "releaseTag": "Public",
          "overloadIndex": 1,
          "parameters": [],
          "name": "defaultPersonalizationComponentsConfig"
        },
        {
          "kind": "Class",
          "canonicalReference": "@spartacus/tracking_personalization_root!OccPersonalizationIdInterceptor:class",
          "docComment": "",
          "excerptTokens": [
            {
              "kind": "Content",
              "text": "export declare class OccPersonalizationIdInterceptor implements "
            },
            {
              "kind": "Reference",
              "text": "HttpInterceptor",
              "canonicalReference": "@angular/common/http!HttpInterceptor:interface"
            },
            {
              "kind": "Content",
              "text": " "
            }
          ],
          "releaseTag": "Public",
          "name": "OccPersonalizationIdInterceptor",
          "members": [
            {
              "kind": "Constructor",
              "canonicalReference": "@spartacus/tracking_personalization_root!OccPersonalizationIdInterceptor:constructor(1)",
              "docComment": "/**\n * Constructs a new instance of the `OccPersonalizationIdInterceptor` class\n */\n",
              "excerptTokens": [
                {
                  "kind": "Content",
                  "text": "constructor(config: "
                },
                {
                  "kind": "Reference",
                  "text": "PersonalizationConfig",
                  "canonicalReference": "@spartacus/tracking_personalization_root!PersonalizationConfig:class"
                },
                {
                  "kind": "Content",
                  "text": ", occEndpoints: "
                },
                {
                  "kind": "Reference",
                  "text": "OccEndpointsService",
                  "canonicalReference": "@spartacus/tracking_personalization_root!OccEndpointsService:class"
                },
                {
                  "kind": "Content",
                  "text": ", winRef: "
                },
                {
                  "kind": "Reference",
                  "text": "WindowRef",
                  "canonicalReference": "@spartacus/tracking_personalization_root!WindowRef:class"
                },
                {
                  "kind": "Content",
                  "text": ");"
                }
              ],
              "releaseTag": "Public",
              "overloadIndex": 1,
              "parameters": [
                {
                  "parameterName": "config",
                  "parameterTypeTokenRange": {
                    "startIndex": 1,
                    "endIndex": 2
                  }
                },
                {
                  "parameterName": "occEndpoints",
                  "parameterTypeTokenRange": {
                    "startIndex": 3,
                    "endIndex": 4
                  }
                },
                {
                  "parameterName": "winRef",
                  "parameterTypeTokenRange": {
                    "startIndex": 5,
                    "endIndex": 6
                  }
                }
              ]
            },
            {
              "kind": "Method",
              "canonicalReference": "@spartacus/tracking_personalization_root!OccPersonalizationIdInterceptor#intercept:member(1)",
              "docComment": "",
              "excerptTokens": [
                {
                  "kind": "Content",
                  "text": "intercept(request: "
                },
                {
                  "kind": "Reference",
                  "text": "HttpRequest",
                  "canonicalReference": "@angular/common/http!HttpRequest:class"
                },
                {
                  "kind": "Content",
                  "text": "<any>"
                },
                {
                  "kind": "Content",
                  "text": ", next: "
                },
                {
                  "kind": "Reference",
                  "text": "HttpHandler",
                  "canonicalReference": "@angular/common/http!HttpHandler:class"
                },
                {
                  "kind": "Content",
                  "text": "): "
                },
                {
                  "kind": "Reference",
                  "text": "Observable",
                  "canonicalReference": "rxjs!Observable:class"
                },
                {
                  "kind": "Content",
                  "text": "<"
                },
                {
                  "kind": "Reference",
                  "text": "HttpEvent",
                  "canonicalReference": "@angular/common/http!HttpEvent:type"
                },
                {
                  "kind": "Content",
                  "text": "<any>>"
                },
                {
                  "kind": "Content",
                  "text": ";"
                }
              ],
              "isOptional": false,
              "isStatic": false,
              "returnTypeTokenRange": {
                "startIndex": 6,
                "endIndex": 10
              },
              "releaseTag": "Public",
              "overloadIndex": 1,
              "parameters": [
                {
                  "parameterName": "request",
                  "parameterTypeTokenRange": {
                    "startIndex": 1,
                    "endIndex": 3
                  }
                },
                {
                  "parameterName": "next",
                  "parameterTypeTokenRange": {
                    "startIndex": 4,
                    "endIndex": 5
                  }
                }
              ],
              "name": "intercept"
            },
            {
              "kind": "Property",
              "canonicalReference": "@spartacus/tracking_personalization_root!OccPersonalizationIdInterceptor.ɵfac:member",
              "docComment": "",
              "excerptTokens": [
                {
                  "kind": "Content",
                  "text": "static ɵfac: "
                },
                {
                  "kind": "Content",
                  "text": "i0."
                },
                {
                  "kind": "Reference",
                  "text": "ɵɵFactoryDeclaration",
                  "canonicalReference": "@angular/core!ɵɵFactoryDeclaration:type"
                },
                {
                  "kind": "Content",
                  "text": "<"
                },
                {
                  "kind": "Reference",
                  "text": "OccPersonalizationIdInterceptor",
                  "canonicalReference": "@spartacus/tracking_personalization_root!OccPersonalizationIdInterceptor:class"
                },
                {
                  "kind": "Content",
                  "text": ", never>"
                },
                {
                  "kind": "Content",
                  "text": ";"
                }
              ],
              "isOptional": false,
              "releaseTag": "Public",
              "name": "ɵfac",
              "propertyTypeTokenRange": {
                "startIndex": 1,
                "endIndex": 6
              },
              "isStatic": true
            },
            {
              "kind": "Property",
              "canonicalReference": "@spartacus/tracking_personalization_root!OccPersonalizationIdInterceptor.ɵprov:member",
              "docComment": "",
              "excerptTokens": [
                {
                  "kind": "Content",
                  "text": "static ɵprov: "
                },
                {
                  "kind": "Content",
                  "text": "i0."
                },
                {
                  "kind": "Reference",
                  "text": "ɵɵInjectableDeclaration",
                  "canonicalReference": "@angular/core!ɵɵInjectableDeclaration:interface"
                },
                {
                  "kind": "Content",
                  "text": "<"
                },
                {
                  "kind": "Reference",
                  "text": "OccPersonalizationIdInterceptor",
                  "canonicalReference": "@spartacus/tracking_personalization_root!OccPersonalizationIdInterceptor:class"
                },
                {
                  "kind": "Content",
                  "text": ">"
                },
                {
                  "kind": "Content",
                  "text": ";"
                }
              ],
              "isOptional": false,
              "releaseTag": "Public",
              "name": "ɵprov",
              "propertyTypeTokenRange": {
                "startIndex": 1,
                "endIndex": 6
              },
              "isStatic": true
            },
            {
              "kind": "Property",
              "canonicalReference": "@spartacus/tracking_personalization_root!OccPersonalizationIdInterceptor#PERSONALIZATION_ID_KEY:member",
              "docComment": "",
              "excerptTokens": [
                {
                  "kind": "Content",
                  "text": "protected readonly PERSONALIZATION_ID_KEY = \"personalization-id\";"
                }
              ],
              "isOptional": false,
              "releaseTag": "Public",
              "name": "PERSONALIZATION_ID_KEY",
              "propertyTypeTokenRange": {
                "startIndex": 0,
                "endIndex": 0
              },
              "isStatic": false
            }
          ],
          "implementsTokenRanges": [
            {
              "startIndex": 1,
              "endIndex": 3
            }
          ]
        },
        {
          "kind": "Class",
          "canonicalReference": "@spartacus/tracking_personalization_root!OccPersonalizationTimeInterceptor:class",
          "docComment": "",
          "excerptTokens": [
            {
              "kind": "Content",
              "text": "export declare class OccPersonalizationTimeInterceptor implements "
            },
            {
              "kind": "Reference",
              "text": "HttpInterceptor",
              "canonicalReference": "@angular/common/http!HttpInterceptor:interface"
            },
            {
              "kind": "Content",
              "text": " "
            }
          ],
          "releaseTag": "Public",
          "name": "OccPersonalizationTimeInterceptor",
          "members": [
            {
              "kind": "Constructor",
              "canonicalReference": "@spartacus/tracking_personalization_root!OccPersonalizationTimeInterceptor:constructor(1)",
              "docComment": "/**\n * Constructs a new instance of the `OccPersonalizationTimeInterceptor` class\n */\n",
              "excerptTokens": [
                {
                  "kind": "Content",
                  "text": "constructor(config: "
                },
                {
                  "kind": "Reference",
                  "text": "PersonalizationConfig",
                  "canonicalReference": "@spartacus/tracking_personalization_root!PersonalizationConfig:class"
                },
                {
                  "kind": "Content",
                  "text": ", occEndpoints: "
                },
                {
                  "kind": "Reference",
                  "text": "OccEndpointsService",
                  "canonicalReference": "@spartacus/tracking_personalization_root!OccEndpointsService:class"
                },
                {
                  "kind": "Content",
                  "text": ", winRef: "
                },
                {
                  "kind": "Reference",
                  "text": "WindowRef",
                  "canonicalReference": "@spartacus/tracking_personalization_root!WindowRef:class"
                },
                {
                  "kind": "Content",
                  "text": ");"
                }
              ],
              "releaseTag": "Public",
              "overloadIndex": 1,
              "parameters": [
                {
                  "parameterName": "config",
                  "parameterTypeTokenRange": {
                    "startIndex": 1,
                    "endIndex": 2
                  }
                },
                {
                  "parameterName": "occEndpoints",
                  "parameterTypeTokenRange": {
                    "startIndex": 3,
                    "endIndex": 4
                  }
                },
                {
                  "parameterName": "winRef",
                  "parameterTypeTokenRange": {
                    "startIndex": 5,
                    "endIndex": 6
                  }
                }
              ]
            },
            {
              "kind": "Method",
              "canonicalReference": "@spartacus/tracking_personalization_root!OccPersonalizationTimeInterceptor#intercept:member(1)",
              "docComment": "",
              "excerptTokens": [
                {
                  "kind": "Content",
                  "text": "intercept(request: "
                },
                {
                  "kind": "Reference",
                  "text": "HttpRequest",
                  "canonicalReference": "@angular/common/http!HttpRequest:class"
                },
                {
                  "kind": "Content",
                  "text": "<any>"
                },
                {
                  "kind": "Content",
                  "text": ", next: "
                },
                {
                  "kind": "Reference",
                  "text": "HttpHandler",
                  "canonicalReference": "@angular/common/http!HttpHandler:class"
                },
                {
                  "kind": "Content",
                  "text": "): "
                },
                {
                  "kind": "Reference",
                  "text": "Observable",
                  "canonicalReference": "rxjs!Observable:class"
                },
                {
                  "kind": "Content",
                  "text": "<"
                },
                {
                  "kind": "Reference",
                  "text": "HttpEvent",
                  "canonicalReference": "@angular/common/http!HttpEvent:type"
                },
                {
                  "kind": "Content",
                  "text": "<any>>"
                },
                {
                  "kind": "Content",
                  "text": ";"
                }
              ],
              "isOptional": false,
              "isStatic": false,
              "returnTypeTokenRange": {
                "startIndex": 6,
                "endIndex": 10
              },
              "releaseTag": "Public",
              "overloadIndex": 1,
              "parameters": [
                {
                  "parameterName": "request",
                  "parameterTypeTokenRange": {
                    "startIndex": 1,
                    "endIndex": 3
                  }
                },
                {
                  "parameterName": "next",
                  "parameterTypeTokenRange": {
                    "startIndex": 4,
                    "endIndex": 5
                  }
                }
              ],
              "name": "intercept"
            },
            {
              "kind": "Property",
              "canonicalReference": "@spartacus/tracking_personalization_root!OccPersonalizationTimeInterceptor.ɵfac:member",
              "docComment": "",
              "excerptTokens": [
                {
                  "kind": "Content",
                  "text": "static ɵfac: "
                },
                {
                  "kind": "Content",
                  "text": "i0."
                },
                {
                  "kind": "Reference",
                  "text": "ɵɵFactoryDeclaration",
                  "canonicalReference": "@angular/core!ɵɵFactoryDeclaration:type"
                },
                {
                  "kind": "Content",
                  "text": "<"
                },
                {
                  "kind": "Reference",
                  "text": "OccPersonalizationTimeInterceptor",
                  "canonicalReference": "@spartacus/tracking_personalization_root!OccPersonalizationTimeInterceptor:class"
                },
                {
                  "kind": "Content",
                  "text": ", never>"
                },
                {
                  "kind": "Content",
                  "text": ";"
                }
              ],
              "isOptional": false,
              "releaseTag": "Public",
              "name": "ɵfac",
              "propertyTypeTokenRange": {
                "startIndex": 1,
                "endIndex": 6
              },
              "isStatic": true
            },
            {
              "kind": "Property",
              "canonicalReference": "@spartacus/tracking_personalization_root!OccPersonalizationTimeInterceptor.ɵprov:member",
              "docComment": "",
              "excerptTokens": [
                {
                  "kind": "Content",
                  "text": "static ɵprov: "
                },
                {
                  "kind": "Content",
                  "text": "i0."
                },
                {
                  "kind": "Reference",
                  "text": "ɵɵInjectableDeclaration",
                  "canonicalReference": "@angular/core!ɵɵInjectableDeclaration:interface"
                },
                {
                  "kind": "Content",
                  "text": "<"
                },
                {
                  "kind": "Reference",
                  "text": "OccPersonalizationTimeInterceptor",
                  "canonicalReference": "@spartacus/tracking_personalization_root!OccPersonalizationTimeInterceptor:class"
                },
                {
                  "kind": "Content",
                  "text": ">"
                },
                {
                  "kind": "Content",
                  "text": ";"
                }
              ],
              "isOptional": false,
              "releaseTag": "Public",
              "name": "ɵprov",
              "propertyTypeTokenRange": {
                "startIndex": 1,
                "endIndex": 6
              },
              "isStatic": true
            },
            {
              "kind": "Property",
              "canonicalReference": "@spartacus/tracking_personalization_root!OccPersonalizationTimeInterceptor#PERSONALIZATION_TIME_KEY:member",
              "docComment": "",
              "excerptTokens": [
                {
                  "kind": "Content",
                  "text": "protected readonly PERSONALIZATION_TIME_KEY = \"personalization-time\";"
                }
              ],
              "isOptional": false,
              "releaseTag": "Public",
              "name": "PERSONALIZATION_TIME_KEY",
              "propertyTypeTokenRange": {
                "startIndex": 0,
                "endIndex": 0
              },
              "isStatic": false
            }
          ],
          "implementsTokenRanges": [
            {
              "startIndex": 1,
              "endIndex": 3
            }
          ]
        },
        {
          "kind": "Variable",
          "canonicalReference": "@spartacus/tracking_personalization_root!PERSONALIZATION_FEATURE:var",
          "docComment": "",
          "excerptTokens": [
            {
              "kind": "Content",
              "text": "PERSONALIZATION_FEATURE = \"personalization\""
            }
          ],
          "releaseTag": "Public",
          "name": "PERSONALIZATION_FEATURE",
          "variableTypeTokenRange": {
            "startIndex": 0,
            "endIndex": 0
          }
        },
        {
          "kind": "Class",
          "canonicalReference": "@spartacus/tracking_personalization_root!PersonalizationConfig:class",
          "docComment": "",
          "excerptTokens": [
            {
              "kind": "Content",
              "text": "export declare abstract class PersonalizationConfig "
            }
          ],
          "releaseTag": "Public",
          "name": "PersonalizationConfig",
          "members": [
            {
              "kind": "Property",
              "canonicalReference": "@spartacus/tracking_personalization_root!PersonalizationConfig.ɵfac:member",
              "docComment": "",
              "excerptTokens": [
                {
                  "kind": "Content",
                  "text": "static ɵfac: "
                },
                {
                  "kind": "Content",
                  "text": "i0."
                },
                {
                  "kind": "Reference",
                  "text": "ɵɵFactoryDeclaration",
                  "canonicalReference": "@angular/core!ɵɵFactoryDeclaration:type"
                },
                {
                  "kind": "Content",
                  "text": "<"
                },
                {
                  "kind": "Reference",
                  "text": "PersonalizationConfig",
                  "canonicalReference": "@spartacus/tracking_personalization_root!PersonalizationConfig:class"
                },
                {
                  "kind": "Content",
                  "text": ", never>"
                },
                {
                  "kind": "Content",
                  "text": ";"
                }
              ],
              "isOptional": false,
              "releaseTag": "Public",
              "name": "ɵfac",
              "propertyTypeTokenRange": {
                "startIndex": 1,
                "endIndex": 6
              },
              "isStatic": true
            },
            {
              "kind": "Property",
              "canonicalReference": "@spartacus/tracking_personalization_root!PersonalizationConfig.ɵprov:member",
              "docComment": "",
              "excerptTokens": [
                {
                  "kind": "Content",
                  "text": "static ɵprov: "
                },
                {
                  "kind": "Content",
                  "text": "i0."
                },
                {
                  "kind": "Reference",
                  "text": "ɵɵInjectableDeclaration",
                  "canonicalReference": "@angular/core!ɵɵInjectableDeclaration:interface"
                },
                {
                  "kind": "Content",
                  "text": "<"
                },
                {
                  "kind": "Reference",
                  "text": "PersonalizationConfig",
                  "canonicalReference": "@spartacus/tracking_personalization_root!PersonalizationConfig:class"
                },
                {
                  "kind": "Content",
                  "text": ">"
                },
                {
                  "kind": "Content",
                  "text": ";"
                }
              ],
              "isOptional": false,
              "releaseTag": "Public",
              "name": "ɵprov",
              "propertyTypeTokenRange": {
                "startIndex": 1,
                "endIndex": 6
              },
              "isStatic": true
            },
            {
              "kind": "Property",
              "canonicalReference": "@spartacus/tracking_personalization_root!PersonalizationConfig#personalization:member",
              "docComment": "",
              "excerptTokens": [
                {
                  "kind": "Content",
                  "text": "personalization?: "
                },
                {
                  "kind": "Content",
                  "text": "{\n        enabled?: boolean;\n        httpHeaderName?: {\n            id: string;\n            timestamp: string;\n        };\n        context?: {\n            slotPosition: string;\n            componentId: string;\n        };\n    }"
                },
                {
                  "kind": "Content",
                  "text": ";"
                }
              ],
              "isOptional": true,
              "releaseTag": "Public",
              "name": "personalization",
              "propertyTypeTokenRange": {
                "startIndex": 1,
                "endIndex": 2
              },
              "isStatic": false
            }
          ],
          "implementsTokenRanges": []
        },
        {
          "kind": "Class",
          "canonicalReference": "@spartacus/tracking_personalization_root!PersonalizationRootModule:class",
          "docComment": "",
          "excerptTokens": [
            {
              "kind": "Content",
              "text": "export declare class PersonalizationRootModule "
            }
          ],
          "releaseTag": "Public",
          "name": "PersonalizationRootModule",
          "members": [
            {
              "kind": "Property",
              "canonicalReference": "@spartacus/tracking_personalization_root!PersonalizationRootModule.ɵfac:member",
              "docComment": "",
              "excerptTokens": [
                {
                  "kind": "Content",
                  "text": "static ɵfac: "
                },
                {
                  "kind": "Content",
                  "text": "i0."
                },
                {
                  "kind": "Reference",
                  "text": "ɵɵFactoryDeclaration",
                  "canonicalReference": "@angular/core!ɵɵFactoryDeclaration:type"
                },
                {
                  "kind": "Content",
                  "text": "<"
                },
                {
                  "kind": "Reference",
                  "text": "PersonalizationRootModule",
                  "canonicalReference": "@spartacus/tracking_personalization_root!PersonalizationRootModule:class"
                },
                {
                  "kind": "Content",
                  "text": ", never>"
                },
                {
                  "kind": "Content",
                  "text": ";"
                }
              ],
              "isOptional": false,
              "releaseTag": "Public",
              "name": "ɵfac",
              "propertyTypeTokenRange": {
                "startIndex": 1,
                "endIndex": 6
              },
              "isStatic": true
            },
            {
              "kind": "Property",
              "canonicalReference": "@spartacus/tracking_personalization_root!PersonalizationRootModule.ɵinj:member",
              "docComment": "",
              "excerptTokens": [
                {
                  "kind": "Content",
                  "text": "static ɵinj: "
                },
                {
                  "kind": "Content",
                  "text": "i0."
                },
                {
                  "kind": "Reference",
                  "text": "ɵɵInjectorDeclaration",
                  "canonicalReference": "@angular/core!ɵɵInjectorDeclaration:type"
                },
                {
                  "kind": "Content",
                  "text": "<"
                },
                {
                  "kind": "Reference",
                  "text": "PersonalizationRootModule",
                  "canonicalReference": "@spartacus/tracking_personalization_root!PersonalizationRootModule:class"
                },
                {
                  "kind": "Content",
                  "text": ">"
                },
                {
                  "kind": "Content",
                  "text": ";"
                }
              ],
              "isOptional": false,
              "releaseTag": "Public",
              "name": "ɵinj",
              "propertyTypeTokenRange": {
                "startIndex": 1,
                "endIndex": 6
              },
              "isStatic": true
            },
            {
              "kind": "Property",
              "canonicalReference": "@spartacus/tracking_personalization_root!PersonalizationRootModule.ɵmod:member",
              "docComment": "",
              "excerptTokens": [
                {
                  "kind": "Content",
                  "text": "static ɵmod: "
                },
                {
                  "kind": "Content",
                  "text": "i0."
                },
                {
                  "kind": "Reference",
                  "text": "ɵɵNgModuleDeclaration",
                  "canonicalReference": "@angular/core!ɵɵNgModuleDeclaration:type"
                },
                {
                  "kind": "Content",
                  "text": "<"
                },
                {
                  "kind": "Reference",
                  "text": "PersonalizationRootModule",
                  "canonicalReference": "@spartacus/tracking_personalization_root!PersonalizationRootModule:class"
                },
                {
                  "kind": "Content",
                  "text": ", never, never, never>"
                },
                {
                  "kind": "Content",
                  "text": ";"
                }
              ],
              "isOptional": false,
              "releaseTag": "Public",
              "name": "ɵmod",
              "propertyTypeTokenRange": {
                "startIndex": 1,
                "endIndex": 6
              },
              "isStatic": true
            }
          ],
          "implementsTokenRanges": []
        }
      ]
    }
  ]
}
