{
  "metadata": {
    "toolPackage": "@microsoft/api-extractor",
    "toolVersion": "7.19.4",
    "schemaVersion": 1004,
    "oldestForwardsCompatibleVersion": 1001,
    "tsdocConfig": {
      "$schema": "https://developer.microsoft.com/json-schemas/tsdoc/v0/tsdoc.schema.json",
      "noStandardTags": true,
      "tagDefinitions": [
        {
          "tagName": "@alpha",
          "syntaxKind": "modifier"
        },
        {
          "tagName": "@beta",
          "syntaxKind": "modifier"
        },
        {
          "tagName": "@defaultValue",
          "syntaxKind": "block"
        },
        {
          "tagName": "@decorator",
          "syntaxKind": "block",
          "allowMultiple": true
        },
        {
          "tagName": "@deprecated",
          "syntaxKind": "block"
        },
        {
          "tagName": "@eventProperty",
          "syntaxKind": "modifier"
        },
        {
          "tagName": "@example",
          "syntaxKind": "block",
          "allowMultiple": true
        },
        {
          "tagName": "@experimental",
          "syntaxKind": "modifier"
        },
        {
          "tagName": "@inheritDoc",
          "syntaxKind": "inline"
        },
        {
          "tagName": "@internal",
          "syntaxKind": "modifier"
        },
        {
          "tagName": "@label",
          "syntaxKind": "inline"
        },
        {
          "tagName": "@link",
          "syntaxKind": "inline",
          "allowMultiple": true
        },
        {
          "tagName": "@override",
          "syntaxKind": "modifier"
        },
        {
          "tagName": "@packageDocumentation",
          "syntaxKind": "modifier"
        },
        {
          "tagName": "@param",
          "syntaxKind": "block",
          "allowMultiple": true
        },
        {
          "tagName": "@privateRemarks",
          "syntaxKind": "block"
        },
        {
          "tagName": "@public",
          "syntaxKind": "modifier"
        },
        {
          "tagName": "@readonly",
          "syntaxKind": "modifier"
        },
        {
          "tagName": "@remarks",
          "syntaxKind": "block"
        },
        {
          "tagName": "@returns",
          "syntaxKind": "block"
        },
        {
          "tagName": "@sealed",
          "syntaxKind": "modifier"
        },
        {
          "tagName": "@see",
          "syntaxKind": "block"
        },
        {
          "tagName": "@throws",
          "syntaxKind": "block",
          "allowMultiple": true
        },
        {
          "tagName": "@typeParam",
          "syntaxKind": "block",
          "allowMultiple": true
        },
        {
          "tagName": "@virtual",
          "syntaxKind": "modifier"
        },
        {
          "tagName": "@betaDocumentation",
          "syntaxKind": "modifier"
        },
        {
          "tagName": "@internalRemarks",
          "syntaxKind": "block"
        },
        {
          "tagName": "@preapproved",
          "syntaxKind": "modifier"
        }
      ],
      "supportForTags": {
        "@alpha": true,
        "@beta": true,
        "@defaultValue": true,
        "@decorator": true,
        "@deprecated": true,
        "@eventProperty": true,
        "@example": true,
        "@experimental": true,
        "@inheritDoc": true,
        "@internal": true,
        "@label": true,
        "@link": true,
        "@override": true,
        "@packageDocumentation": true,
        "@param": true,
        "@privateRemarks": true,
        "@public": true,
        "@readonly": true,
        "@remarks": true,
        "@returns": true,
        "@sealed": true,
        "@see": true,
        "@throws": true,
        "@typeParam": true,
        "@virtual": true,
        "@betaDocumentation": true,
        "@internalRemarks": true,
        "@preapproved": true
      }
    }
  },
  "kind": "Package",
  "canonicalReference": "@spartacus/user_account_occ!",
  "docComment": "",
  "name": "@spartacus/user_account_occ",
  "members": [
    {
      "kind": "EntryPoint",
      "canonicalReference": "@spartacus/user_account_occ!",
      "name": "",
      "members": [
        {
          "kind": "Variable",
          "canonicalReference": "@spartacus/user_account_occ!defaultOccUserAccountConfig:var",
          "docComment": "",
          "excerptTokens": [
            {
              "kind": "Content",
              "text": "defaultOccUserAccountConfig: "
            },
            {
              "kind": "Reference",
              "text": "OccConfig",
              "canonicalReference": "@spartacus/user_account_occ!OccConfig:class"
            }
          ],
          "releaseTag": "Public",
          "name": "defaultOccUserAccountConfig",
          "variableTypeTokenRange": {
            "startIndex": 1,
            "endIndex": 2
          }
        },
        {
          "kind": "Class",
          "canonicalReference": "@spartacus/user_account_occ!OccUserAccountAdapter:class",
          "docComment": "",
          "excerptTokens": [
            {
              "kind": "Content",
              "text": "export declare class OccUserAccountAdapter implements "
            },
            {
              "kind": "Reference",
              "text": "UserAccountAdapter",
              "canonicalReference": "@spartacus/user_account_occ!UserAccountAdapter:class"
            },
            {
              "kind": "Content",
              "text": " "
            }
          ],
          "releaseTag": "Public",
          "name": "OccUserAccountAdapter",
          "members": [
            {
              "kind": "Constructor",
              "canonicalReference": "@spartacus/user_account_occ!OccUserAccountAdapter:constructor(1)",
              "docComment": "/**\n * Constructs a new instance of the `OccUserAccountAdapter` class\n */\n",
              "excerptTokens": [
                {
                  "kind": "Content",
                  "text": "constructor(http: "
                },
                {
                  "kind": "Reference",
                  "text": "HttpClient",
                  "canonicalReference": "@angular/common/http!HttpClient:class"
                },
                {
                  "kind": "Content",
                  "text": ", occEndpoints: "
                },
                {
                  "kind": "Reference",
                  "text": "OccEndpointsService",
                  "canonicalReference": "@spartacus/user_account_occ!OccEndpointsService:class"
                },
                {
                  "kind": "Content",
                  "text": ", converter: "
                },
                {
                  "kind": "Reference",
                  "text": "ConverterService",
                  "canonicalReference": "@spartacus/user_account_occ!ConverterService:class"
                },
                {
                  "kind": "Content",
                  "text": ");"
                }
              ],
              "releaseTag": "Public",
              "overloadIndex": 1,
              "parameters": [
                {
                  "parameterName": "http",
                  "parameterTypeTokenRange": {
                    "startIndex": 1,
                    "endIndex": 2
                  }
                },
                {
                  "parameterName": "occEndpoints",
                  "parameterTypeTokenRange": {
                    "startIndex": 3,
                    "endIndex": 4
                  }
                },
                {
                  "parameterName": "converter",
                  "parameterTypeTokenRange": {
                    "startIndex": 5,
                    "endIndex": 6
                  }
                }
              ]
            },
            {
              "kind": "Property",
              "canonicalReference": "@spartacus/user_account_occ!OccUserAccountAdapter#converter:member",
              "docComment": "",
              "excerptTokens": [
                {
                  "kind": "Content",
                  "text": "protected converter: "
                },
                {
                  "kind": "Reference",
                  "text": "ConverterService",
                  "canonicalReference": "@spartacus/user_account_occ!ConverterService:class"
                },
                {
                  "kind": "Content",
                  "text": ";"
                }
              ],
              "isOptional": false,
              "releaseTag": "Public",
              "name": "converter",
              "propertyTypeTokenRange": {
                "startIndex": 1,
                "endIndex": 2
              },
              "isStatic": false
            },
            {
              "kind": "Property",
              "canonicalReference": "@spartacus/user_account_occ!OccUserAccountAdapter#http:member",
              "docComment": "",
              "excerptTokens": [
                {
                  "kind": "Content",
                  "text": "protected http: "
                },
                {
                  "kind": "Reference",
                  "text": "HttpClient",
                  "canonicalReference": "@angular/common/http!HttpClient:class"
                },
                {
                  "kind": "Content",
                  "text": ";"
                }
              ],
              "isOptional": false,
              "releaseTag": "Public",
              "name": "http",
              "propertyTypeTokenRange": {
                "startIndex": 1,
                "endIndex": 2
              },
              "isStatic": false
            },
            {
              "kind": "Method",
              "canonicalReference": "@spartacus/user_account_occ!OccUserAccountAdapter#load:member(1)",
              "docComment": "",
              "excerptTokens": [
                {
                  "kind": "Content",
                  "text": "load(userId: "
                },
                {
                  "kind": "Content",
                  "text": "string"
                },
                {
                  "kind": "Content",
                  "text": "): "
                },
                {
                  "kind": "Reference",
                  "text": "Observable",
                  "canonicalReference": "rxjs!Observable:class"
                },
                {
                  "kind": "Content",
                  "text": "<"
                },
                {
                  "kind": "Reference",
                  "text": "User",
                  "canonicalReference": "@spartacus/user_account_occ!User:interface"
                },
                {
                  "kind": "Content",
                  "text": ">"
                },
                {
                  "kind": "Content",
                  "text": ";"
                }
              ],
              "isOptional": false,
              "isStatic": false,
              "returnTypeTokenRange": {
                "startIndex": 3,
                "endIndex": 7
              },
              "releaseTag": "Public",
              "overloadIndex": 1,
              "parameters": [
                {
                  "parameterName": "userId",
                  "parameterTypeTokenRange": {
                    "startIndex": 1,
                    "endIndex": 2
                  }
                }
              ],
              "name": "load"
            },
            {
              "kind": "Property",
              "canonicalReference": "@spartacus/user_account_occ!OccUserAccountAdapter#occEndpoints:member",
              "docComment": "",
              "excerptTokens": [
                {
                  "kind": "Content",
                  "text": "protected occEndpoints: "
                },
                {
                  "kind": "Reference",
                  "text": "OccEndpointsService",
                  "canonicalReference": "@spartacus/user_account_occ!OccEndpointsService:class"
                },
                {
                  "kind": "Content",
                  "text": ";"
                }
              ],
              "isOptional": false,
              "releaseTag": "Public",
              "name": "occEndpoints",
              "propertyTypeTokenRange": {
                "startIndex": 1,
                "endIndex": 2
              },
              "isStatic": false
            },
            {
              "kind": "Property",
              "canonicalReference": "@spartacus/user_account_occ!OccUserAccountAdapter.ɵfac:member",
              "docComment": "",
              "excerptTokens": [
                {
                  "kind": "Content",
                  "text": "static ɵfac: "
                },
                {
                  "kind": "Content",
                  "text": "i0."
                },
                {
                  "kind": "Reference",
                  "text": "ɵɵFactoryDeclaration",
                  "canonicalReference": "@angular/core!ɵɵFactoryDeclaration:type"
                },
                {
                  "kind": "Content",
                  "text": "<"
                },
                {
                  "kind": "Reference",
                  "text": "OccUserAccountAdapter",
                  "canonicalReference": "@spartacus/user_account_occ!OccUserAccountAdapter:class"
                },
                {
                  "kind": "Content",
                  "text": ", never>"
                },
                {
                  "kind": "Content",
                  "text": ";"
                }
              ],
              "isOptional": false,
              "releaseTag": "Public",
              "name": "ɵfac",
              "propertyTypeTokenRange": {
                "startIndex": 1,
                "endIndex": 6
              },
              "isStatic": true
            },
            {
              "kind": "Property",
              "canonicalReference": "@spartacus/user_account_occ!OccUserAccountAdapter.ɵprov:member",
              "docComment": "",
              "excerptTokens": [
                {
                  "kind": "Content",
                  "text": "static ɵprov: "
                },
                {
                  "kind": "Content",
                  "text": "i0."
                },
                {
                  "kind": "Reference",
                  "text": "ɵɵInjectableDeclaration",
                  "canonicalReference": "@angular/core!ɵɵInjectableDeclaration:interface"
                },
                {
                  "kind": "Content",
                  "text": "<"
                },
                {
                  "kind": "Reference",
                  "text": "OccUserAccountAdapter",
                  "canonicalReference": "@spartacus/user_account_occ!OccUserAccountAdapter:class"
                },
                {
                  "kind": "Content",
                  "text": ">"
                },
                {
                  "kind": "Content",
                  "text": ";"
                }
              ],
              "isOptional": false,
              "releaseTag": "Public",
              "name": "ɵprov",
              "propertyTypeTokenRange": {
                "startIndex": 1,
                "endIndex": 6
              },
              "isStatic": true
            }
          ],
          "implementsTokenRanges": [
            {
              "startIndex": 1,
              "endIndex": 3
            }
          ]
        },
        {
          "kind": "Interface",
          "canonicalReference": "@spartacus/user_account_occ!UserAccountOccEndpoints:interface",
          "docComment": "",
          "excerptTokens": [
            {
              "kind": "Content",
              "text": "export interface UserAccountOccEndpoints "
            }
          ],
          "releaseTag": "Public",
          "name": "UserAccountOccEndpoints",
          "members": [
            {
              "kind": "PropertySignature",
              "canonicalReference": "@spartacus/user_account_occ!UserAccountOccEndpoints#user:member",
              "docComment": "/**\n * Get user account details\n */\n",
              "excerptTokens": [
                {
                  "kind": "Content",
                  "text": "user?: "
                },
                {
                  "kind": "Content",
                  "text": "string | "
                },
                {
                  "kind": "Reference",
                  "text": "OccEndpoint",
                  "canonicalReference": "@spartacus/user_account_occ!OccEndpoint:interface"
                },
                {
                  "kind": "Content",
                  "text": ";"
                }
              ],
              "isOptional": true,
              "releaseTag": "Public",
              "name": "user",
              "propertyTypeTokenRange": {
                "startIndex": 1,
                "endIndex": 3
              }
            }
          ],
          "extendsTokenRanges": []
        },
        {
          "kind": "Class",
          "canonicalReference": "@spartacus/user_account_occ!UserAccountOccModule:class",
          "docComment": "",
          "excerptTokens": [
            {
              "kind": "Content",
              "text": "export declare class UserAccountOccModule "
            }
          ],
          "releaseTag": "Public",
          "name": "UserAccountOccModule",
          "members": [
            {
              "kind": "Property",
              "canonicalReference": "@spartacus/user_account_occ!UserAccountOccModule.ɵfac:member",
              "docComment": "",
              "excerptTokens": [
                {
                  "kind": "Content",
                  "text": "static ɵfac: "
                },
                {
                  "kind": "Content",
                  "text": "i0."
                },
                {
                  "kind": "Reference",
                  "text": "ɵɵFactoryDeclaration",
                  "canonicalReference": "@angular/core!ɵɵFactoryDeclaration:type"
                },
                {
                  "kind": "Content",
                  "text": "<"
                },
                {
                  "kind": "Reference",
                  "text": "UserAccountOccModule",
                  "canonicalReference": "@spartacus/user_account_occ!UserAccountOccModule:class"
                },
                {
                  "kind": "Content",
                  "text": ", never>"
                },
                {
                  "kind": "Content",
                  "text": ";"
                }
              ],
              "isOptional": false,
              "releaseTag": "Public",
              "name": "ɵfac",
              "propertyTypeTokenRange": {
                "startIndex": 1,
                "endIndex": 6
              },
              "isStatic": true
            },
            {
              "kind": "Property",
              "canonicalReference": "@spartacus/user_account_occ!UserAccountOccModule.ɵinj:member",
              "docComment": "",
              "excerptTokens": [
                {
                  "kind": "Content",
                  "text": "static ɵinj: "
                },
                {
                  "kind": "Content",
                  "text": "i0."
                },
                {
                  "kind": "Reference",
                  "text": "ɵɵInjectorDeclaration",
                  "canonicalReference": "@angular/core!ɵɵInjectorDeclaration:type"
                },
                {
                  "kind": "Content",
                  "text": "<"
                },
                {
                  "kind": "Reference",
                  "text": "UserAccountOccModule",
                  "canonicalReference": "@spartacus/user_account_occ!UserAccountOccModule:class"
                },
                {
                  "kind": "Content",
                  "text": ">"
                },
                {
                  "kind": "Content",
                  "text": ";"
                }
              ],
              "isOptional": false,
              "releaseTag": "Public",
              "name": "ɵinj",
              "propertyTypeTokenRange": {
                "startIndex": 1,
                "endIndex": 6
              },
              "isStatic": true
            },
            {
              "kind": "Property",
              "canonicalReference": "@spartacus/user_account_occ!UserAccountOccModule.ɵmod:member",
              "docComment": "",
              "excerptTokens": [
                {
                  "kind": "Content",
                  "text": "static ɵmod: "
                },
                {
                  "kind": "Content",
                  "text": "i0."
                },
                {
                  "kind": "Reference",
                  "text": "ɵɵNgModuleDeclaration",
                  "canonicalReference": "@angular/core!ɵɵNgModuleDeclaration:type"
                },
                {
                  "kind": "Content",
                  "text": "<"
                },
                {
                  "kind": "Reference",
                  "text": "UserAccountOccModule",
                  "canonicalReference": "@spartacus/user_account_occ!UserAccountOccModule:class"
                },
                {
                  "kind": "Content",
                  "text": ", never, never, never>"
                },
                {
                  "kind": "Content",
                  "text": ";"
                }
              ],
              "isOptional": false,
              "releaseTag": "Public",
              "name": "ɵmod",
              "propertyTypeTokenRange": {
                "startIndex": 1,
                "endIndex": 6
              },
              "isStatic": true
            }
          ],
          "implementsTokenRanges": []
        }
      ]
    }
  ]
}
