{
  "metadata": {
    "toolPackage": "@microsoft/api-extractor",
    "toolVersion": "7.19.4",
    "schemaVersion": 1004,
    "oldestForwardsCompatibleVersion": 1001,
    "tsdocConfig": {
      "$schema": "https://developer.microsoft.com/json-schemas/tsdoc/v0/tsdoc.schema.json",
      "noStandardTags": true,
      "tagDefinitions": [
        {
          "tagName": "@alpha",
          "syntaxKind": "modifier"
        },
        {
          "tagName": "@beta",
          "syntaxKind": "modifier"
        },
        {
          "tagName": "@defaultValue",
          "syntaxKind": "block"
        },
        {
          "tagName": "@decorator",
          "syntaxKind": "block",
          "allowMultiple": true
        },
        {
          "tagName": "@deprecated",
          "syntaxKind": "block"
        },
        {
          "tagName": "@eventProperty",
          "syntaxKind": "modifier"
        },
        {
          "tagName": "@example",
          "syntaxKind": "block",
          "allowMultiple": true
        },
        {
          "tagName": "@experimental",
          "syntaxKind": "modifier"
        },
        {
          "tagName": "@inheritDoc",
          "syntaxKind": "inline"
        },
        {
          "tagName": "@internal",
          "syntaxKind": "modifier"
        },
        {
          "tagName": "@label",
          "syntaxKind": "inline"
        },
        {
          "tagName": "@link",
          "syntaxKind": "inline",
          "allowMultiple": true
        },
        {
          "tagName": "@override",
          "syntaxKind": "modifier"
        },
        {
          "tagName": "@packageDocumentation",
          "syntaxKind": "modifier"
        },
        {
          "tagName": "@param",
          "syntaxKind": "block",
          "allowMultiple": true
        },
        {
          "tagName": "@privateRemarks",
          "syntaxKind": "block"
        },
        {
          "tagName": "@public",
          "syntaxKind": "modifier"
        },
        {
          "tagName": "@readonly",
          "syntaxKind": "modifier"
        },
        {
          "tagName": "@remarks",
          "syntaxKind": "block"
        },
        {
          "tagName": "@returns",
          "syntaxKind": "block"
        },
        {
          "tagName": "@sealed",
          "syntaxKind": "modifier"
        },
        {
          "tagName": "@see",
          "syntaxKind": "block"
        },
        {
          "tagName": "@throws",
          "syntaxKind": "block",
          "allowMultiple": true
        },
        {
          "tagName": "@typeParam",
          "syntaxKind": "block",
          "allowMultiple": true
        },
        {
          "tagName": "@virtual",
          "syntaxKind": "modifier"
        },
        {
          "tagName": "@betaDocumentation",
          "syntaxKind": "modifier"
        },
        {
          "tagName": "@internalRemarks",
          "syntaxKind": "block"
        },
        {
          "tagName": "@preapproved",
          "syntaxKind": "modifier"
        }
      ],
      "supportForTags": {
        "@alpha": true,
        "@beta": true,
        "@defaultValue": true,
        "@decorator": true,
        "@deprecated": true,
        "@eventProperty": true,
        "@example": true,
        "@experimental": true,
        "@inheritDoc": true,
        "@internal": true,
        "@label": true,
        "@link": true,
        "@override": true,
        "@packageDocumentation": true,
        "@param": true,
        "@privateRemarks": true,
        "@public": true,
        "@readonly": true,
        "@remarks": true,
        "@returns": true,
        "@sealed": true,
        "@see": true,
        "@throws": true,
        "@typeParam": true,
        "@virtual": true,
        "@betaDocumentation": true,
        "@internalRemarks": true,
        "@preapproved": true
      }
    }
  },
  "kind": "Package",
  "canonicalReference": "@spartacus/user_account_components!",
  "docComment": "",
  "name": "@spartacus/user_account_components",
  "members": [
    {
      "kind": "EntryPoint",
      "canonicalReference": "@spartacus/user_account_components!",
      "name": "",
      "members": [
        {
          "kind": "Class",
          "canonicalReference": "@spartacus/user_account_components!LoginComponent:class",
          "docComment": "",
          "excerptTokens": [
            {
              "kind": "Content",
              "text": "export declare class LoginComponent implements "
            },
            {
              "kind": "Reference",
              "text": "OnInit",
              "canonicalReference": "@angular/core!OnInit:interface"
            },
            {
              "kind": "Content",
              "text": " "
            }
          ],
          "releaseTag": "Public",
          "name": "LoginComponent",
          "members": [
            {
              "kind": "Constructor",
              "canonicalReference": "@spartacus/user_account_components!LoginComponent:constructor(1)",
              "docComment": "/**\n * Constructs a new instance of the `LoginComponent` class\n */\n",
              "excerptTokens": [
                {
                  "kind": "Content",
                  "text": "constructor(auth: "
                },
                {
                  "kind": "Reference",
                  "text": "AuthService",
                  "canonicalReference": "@spartacus/user_account_components!AuthService:class"
                },
                {
                  "kind": "Content",
                  "text": ", userAccount: "
                },
                {
                  "kind": "Reference",
                  "text": "UserAccountFacade",
                  "canonicalReference": "@spartacus/user_account_components!UserAccountFacade:class"
                },
                {
                  "kind": "Content",
                  "text": ");"
                }
              ],
              "releaseTag": "Public",
              "overloadIndex": 1,
              "parameters": [
                {
                  "parameterName": "auth",
                  "parameterTypeTokenRange": {
                    "startIndex": 1,
                    "endIndex": 2
                  }
                },
                {
                  "parameterName": "userAccount",
                  "parameterTypeTokenRange": {
                    "startIndex": 3,
                    "endIndex": 4
                  }
                }
              ]
            },
            {
              "kind": "Method",
              "canonicalReference": "@spartacus/user_account_components!LoginComponent#ngOnInit:member(1)",
              "docComment": "",
              "excerptTokens": [
                {
                  "kind": "Content",
                  "text": "ngOnInit(): "
                },
                {
                  "kind": "Content",
                  "text": "void"
                },
                {
                  "kind": "Content",
                  "text": ";"
                }
              ],
              "isOptional": false,
              "isStatic": false,
              "returnTypeTokenRange": {
                "startIndex": 1,
                "endIndex": 2
              },
              "releaseTag": "Public",
              "overloadIndex": 1,
              "parameters": [],
              "name": "ngOnInit"
            },
            {
              "kind": "Property",
              "canonicalReference": "@spartacus/user_account_components!LoginComponent.ɵcmp:member",
              "docComment": "",
              "excerptTokens": [
                {
                  "kind": "Content",
                  "text": "static ɵcmp: "
                },
                {
                  "kind": "Content",
                  "text": "i0."
                },
                {
                  "kind": "Reference",
                  "text": "ɵɵComponentDeclaration",
                  "canonicalReference": "@angular/core!ɵɵComponentDeclaration:type"
                },
                {
                  "kind": "Content",
                  "text": "<"
                },
                {
                  "kind": "Reference",
                  "text": "LoginComponent",
                  "canonicalReference": "@spartacus/user_account_components!LoginComponent:class"
                },
                {
                  "kind": "Content",
                  "text": ", \"cx-login\", never, {}, {}, never, never>"
                },
                {
                  "kind": "Content",
                  "text": ";"
                }
              ],
              "isOptional": false,
              "releaseTag": "Public",
              "name": "ɵcmp",
              "propertyTypeTokenRange": {
                "startIndex": 1,
                "endIndex": 6
              },
              "isStatic": true
            },
            {
              "kind": "Property",
              "canonicalReference": "@spartacus/user_account_components!LoginComponent.ɵfac:member",
              "docComment": "",
              "excerptTokens": [
                {
                  "kind": "Content",
                  "text": "static ɵfac: "
                },
                {
                  "kind": "Content",
                  "text": "i0."
                },
                {
                  "kind": "Reference",
                  "text": "ɵɵFactoryDeclaration",
                  "canonicalReference": "@angular/core!ɵɵFactoryDeclaration:type"
                },
                {
                  "kind": "Content",
                  "text": "<"
                },
                {
                  "kind": "Reference",
                  "text": "LoginComponent",
                  "canonicalReference": "@spartacus/user_account_components!LoginComponent:class"
                },
                {
                  "kind": "Content",
                  "text": ", never>"
                },
                {
                  "kind": "Content",
                  "text": ";"
                }
              ],
              "isOptional": false,
              "releaseTag": "Public",
              "name": "ɵfac",
              "propertyTypeTokenRange": {
                "startIndex": 1,
                "endIndex": 6
              },
              "isStatic": true
            },
            {
              "kind": "Property",
              "canonicalReference": "@spartacus/user_account_components!LoginComponent#user$:member",
              "docComment": "",
              "excerptTokens": [
                {
                  "kind": "Content",
                  "text": "user$: "
                },
                {
                  "kind": "Reference",
                  "text": "Observable",
                  "canonicalReference": "rxjs!Observable:class"
                },
                {
                  "kind": "Content",
                  "text": "<"
                },
                {
                  "kind": "Reference",
                  "text": "User",
                  "canonicalReference": "@spartacus/user_account_components!User:interface"
                },
                {
                  "kind": "Content",
                  "text": " | undefined>"
                },
                {
                  "kind": "Content",
                  "text": ";"
                }
              ],
              "isOptional": false,
              "releaseTag": "Public",
              "name": "user$",
              "propertyTypeTokenRange": {
                "startIndex": 1,
                "endIndex": 5
              },
              "isStatic": false
            }
          ],
          "implementsTokenRanges": [
            {
              "startIndex": 1,
              "endIndex": 3
            }
          ]
        },
        {
          "kind": "Class",
          "canonicalReference": "@spartacus/user_account_components!LoginFormComponent:class",
          "docComment": "",
          "excerptTokens": [
            {
              "kind": "Content",
              "text": "export declare class LoginFormComponent "
            }
          ],
          "releaseTag": "Public",
          "name": "LoginFormComponent",
          "members": [
            {
              "kind": "Constructor",
              "canonicalReference": "@spartacus/user_account_components!LoginFormComponent:constructor(1)",
              "docComment": "/**\n * Constructs a new instance of the `LoginFormComponent` class\n */\n",
              "excerptTokens": [
                {
                  "kind": "Content",
                  "text": "constructor(service: "
                },
                {
                  "kind": "Reference",
                  "text": "LoginFormComponentService",
                  "canonicalReference": "@spartacus/user_account_components!LoginFormComponentService:class"
                },
                {
                  "kind": "Content",
                  "text": ");"
                }
              ],
              "releaseTag": "Public",
              "overloadIndex": 1,
              "parameters": [
                {
                  "parameterName": "service",
                  "parameterTypeTokenRange": {
                    "startIndex": 1,
                    "endIndex": 2
                  }
                }
              ]
            },
            {
              "kind": "Property",
              "canonicalReference": "@spartacus/user_account_components!LoginFormComponent#form:member",
              "docComment": "",
              "excerptTokens": [
                {
                  "kind": "Content",
                  "text": "form: "
                },
                {
                  "kind": "Reference",
                  "text": "FormGroup",
                  "canonicalReference": "@angular/forms!FormGroup:class"
                },
                {
                  "kind": "Content",
                  "text": ";"
                }
              ],
              "isOptional": false,
              "releaseTag": "Public",
              "name": "form",
              "propertyTypeTokenRange": {
                "startIndex": 1,
                "endIndex": 2
              },
              "isStatic": false
            },
            {
              "kind": "Property",
              "canonicalReference": "@spartacus/user_account_components!LoginFormComponent#isUpdating$:member",
              "docComment": "",
              "excerptTokens": [
                {
                  "kind": "Content",
                  "text": "isUpdating$: "
                },
                {
                  "kind": "Content",
                  "text": "import(\"rxjs\")."
                },
                {
                  "kind": "Reference",
                  "text": "Observable",
                  "canonicalReference": "rxjs!Observable:class"
                },
                {
                  "kind": "Content",
                  "text": "<boolean>"
                },
                {
                  "kind": "Content",
                  "text": ";"
                }
              ],
              "isOptional": false,
              "releaseTag": "Public",
              "name": "isUpdating$",
              "propertyTypeTokenRange": {
                "startIndex": 1,
                "endIndex": 4
              },
              "isStatic": false
            },
            {
              "kind": "Method",
              "canonicalReference": "@spartacus/user_account_components!LoginFormComponent#onSubmit:member(1)",
              "docComment": "",
              "excerptTokens": [
                {
                  "kind": "Content",
                  "text": "onSubmit(): "
                },
                {
                  "kind": "Content",
                  "text": "void"
                },
                {
                  "kind": "Content",
                  "text": ";"
                }
              ],
              "isOptional": false,
              "isStatic": false,
              "returnTypeTokenRange": {
                "startIndex": 1,
                "endIndex": 2
              },
              "releaseTag": "Public",
              "overloadIndex": 1,
              "parameters": [],
              "name": "onSubmit"
            },
            {
              "kind": "Property",
              "canonicalReference": "@spartacus/user_account_components!LoginFormComponent.ɵcmp:member",
              "docComment": "",
              "excerptTokens": [
                {
                  "kind": "Content",
                  "text": "static ɵcmp: "
                },
                {
                  "kind": "Content",
                  "text": "i0."
                },
                {
                  "kind": "Reference",
                  "text": "ɵɵComponentDeclaration",
                  "canonicalReference": "@angular/core!ɵɵComponentDeclaration:type"
                },
                {
                  "kind": "Content",
                  "text": "<"
                },
                {
                  "kind": "Reference",
                  "text": "LoginFormComponent",
                  "canonicalReference": "@spartacus/user_account_components!LoginFormComponent:class"
                },
                {
                  "kind": "Content",
                  "text": ", \"cx-login-form\", never, {}, {}, never, never>"
                },
                {
                  "kind": "Content",
                  "text": ";"
                }
              ],
              "isOptional": false,
              "releaseTag": "Public",
              "name": "ɵcmp",
              "propertyTypeTokenRange": {
                "startIndex": 1,
                "endIndex": 6
              },
              "isStatic": true
            },
            {
              "kind": "Property",
              "canonicalReference": "@spartacus/user_account_components!LoginFormComponent.ɵfac:member",
              "docComment": "",
              "excerptTokens": [
                {
                  "kind": "Content",
                  "text": "static ɵfac: "
                },
                {
                  "kind": "Content",
                  "text": "i0."
                },
                {
                  "kind": "Reference",
                  "text": "ɵɵFactoryDeclaration",
                  "canonicalReference": "@angular/core!ɵɵFactoryDeclaration:type"
                },
                {
                  "kind": "Content",
                  "text": "<"
                },
                {
                  "kind": "Reference",
                  "text": "LoginFormComponent",
                  "canonicalReference": "@spartacus/user_account_components!LoginFormComponent:class"
                },
                {
                  "kind": "Content",
                  "text": ", never>"
                },
                {
                  "kind": "Content",
                  "text": ";"
                }
              ],
              "isOptional": false,
              "releaseTag": "Public",
              "name": "ɵfac",
              "propertyTypeTokenRange": {
                "startIndex": 1,
                "endIndex": 6
              },
              "isStatic": true
            },
            {
              "kind": "Property",
              "canonicalReference": "@spartacus/user_account_components!LoginFormComponent#service:member",
              "docComment": "",
              "excerptTokens": [
                {
                  "kind": "Content",
                  "text": "protected service: "
                },
                {
                  "kind": "Reference",
                  "text": "LoginFormComponentService",
                  "canonicalReference": "@spartacus/user_account_components!LoginFormComponentService:class"
                },
                {
                  "kind": "Content",
                  "text": ";"
                }
              ],
              "isOptional": false,
              "releaseTag": "Public",
              "name": "service",
              "propertyTypeTokenRange": {
                "startIndex": 1,
                "endIndex": 2
              },
              "isStatic": false
            },
            {
              "kind": "Property",
              "canonicalReference": "@spartacus/user_account_components!LoginFormComponent#style:member",
              "docComment": "",
              "excerptTokens": [
                {
                  "kind": "Content",
                  "text": "style: "
                },
                {
                  "kind": "Content",
                  "text": "boolean"
                },
                {
                  "kind": "Content",
                  "text": ";"
                }
              ],
              "isOptional": false,
              "releaseTag": "Public",
              "name": "style",
              "propertyTypeTokenRange": {
                "startIndex": 1,
                "endIndex": 2
              },
              "isStatic": false
            }
          ],
          "implementsTokenRanges": []
        },
        {
          "kind": "Class",
          "canonicalReference": "@spartacus/user_account_components!LoginFormComponentService:class",
          "docComment": "",
          "excerptTokens": [
            {
              "kind": "Content",
              "text": "export declare class LoginFormComponentService "
            }
          ],
          "releaseTag": "Public",
          "name": "LoginFormComponentService",
          "members": [
            {
              "kind": "Constructor",
              "canonicalReference": "@spartacus/user_account_components!LoginFormComponentService:constructor(1)",
              "docComment": "/**\n * Constructs a new instance of the `LoginFormComponentService` class\n */\n",
              "excerptTokens": [
                {
                  "kind": "Content",
                  "text": "constructor(auth: "
                },
                {
                  "kind": "Reference",
                  "text": "AuthService",
                  "canonicalReference": "@spartacus/user_account_components!AuthService:class"
                },
                {
                  "kind": "Content",
                  "text": ", globalMessage: "
                },
                {
                  "kind": "Reference",
                  "text": "GlobalMessageService",
                  "canonicalReference": "@spartacus/user_account_components!GlobalMessageService:class"
                },
                {
                  "kind": "Content",
                  "text": ", winRef: "
                },
                {
                  "kind": "Reference",
                  "text": "WindowRef",
                  "canonicalReference": "@spartacus/user_account_components!WindowRef:class"
                },
                {
                  "kind": "Content",
                  "text": ");"
                }
              ],
              "releaseTag": "Public",
              "overloadIndex": 1,
              "parameters": [
                {
                  "parameterName": "auth",
                  "parameterTypeTokenRange": {
                    "startIndex": 1,
                    "endIndex": 2
                  }
                },
                {
                  "parameterName": "globalMessage",
                  "parameterTypeTokenRange": {
                    "startIndex": 3,
                    "endIndex": 4
                  }
                },
                {
                  "parameterName": "winRef",
                  "parameterTypeTokenRange": {
                    "startIndex": 5,
                    "endIndex": 6
                  }
                }
              ]
            },
            {
              "kind": "Property",
              "canonicalReference": "@spartacus/user_account_components!LoginFormComponentService#auth:member",
              "docComment": "",
              "excerptTokens": [
                {
                  "kind": "Content",
                  "text": "protected auth: "
                },
                {
                  "kind": "Reference",
                  "text": "AuthService",
                  "canonicalReference": "@spartacus/user_account_components!AuthService:class"
                },
                {
                  "kind": "Content",
                  "text": ";"
                }
              ],
              "isOptional": false,
              "releaseTag": "Public",
              "name": "auth",
              "propertyTypeTokenRange": {
                "startIndex": 1,
                "endIndex": 2
              },
              "isStatic": false
            },
            {
              "kind": "Property",
              "canonicalReference": "@spartacus/user_account_components!LoginFormComponentService#busy$:member",
              "docComment": "",
              "excerptTokens": [
                {
                  "kind": "Content",
                  "text": "protected busy$: "
                },
                {
                  "kind": "Reference",
                  "text": "BehaviorSubject",
                  "canonicalReference": "rxjs!BehaviorSubject:class"
                },
                {
                  "kind": "Content",
                  "text": "<boolean>"
                },
                {
                  "kind": "Content",
                  "text": ";"
                }
              ],
              "isOptional": false,
              "releaseTag": "Public",
              "name": "busy$",
              "propertyTypeTokenRange": {
                "startIndex": 1,
                "endIndex": 3
              },
              "isStatic": false
            },
            {
              "kind": "Property",
              "canonicalReference": "@spartacus/user_account_components!LoginFormComponentService#form:member",
              "docComment": "",
              "excerptTokens": [
                {
                  "kind": "Content",
                  "text": "form: "
                },
                {
                  "kind": "Reference",
                  "text": "FormGroup",
                  "canonicalReference": "@angular/forms!FormGroup:class"
                },
                {
                  "kind": "Content",
                  "text": ";"
                }
              ],
              "isOptional": false,
              "releaseTag": "Public",
              "name": "form",
              "propertyTypeTokenRange": {
                "startIndex": 1,
                "endIndex": 2
              },
              "isStatic": false
            },
            {
              "kind": "Property",
              "canonicalReference": "@spartacus/user_account_components!LoginFormComponentService#globalMessage:member",
              "docComment": "",
              "excerptTokens": [
                {
                  "kind": "Content",
                  "text": "protected globalMessage: "
                },
                {
                  "kind": "Reference",
                  "text": "GlobalMessageService",
                  "canonicalReference": "@spartacus/user_account_components!GlobalMessageService:class"
                },
                {
                  "kind": "Content",
                  "text": ";"
                }
              ],
              "isOptional": false,
              "releaseTag": "Public",
              "name": "globalMessage",
              "propertyTypeTokenRange": {
                "startIndex": 1,
                "endIndex": 2
              },
              "isStatic": false
            },
            {
              "kind": "Property",
              "canonicalReference": "@spartacus/user_account_components!LoginFormComponentService#isUpdating$:member",
              "docComment": "",
              "excerptTokens": [
                {
                  "kind": "Content",
                  "text": "isUpdating$: "
                },
                {
                  "kind": "Content",
                  "text": "import(\"rxjs\")."
                },
                {
                  "kind": "Reference",
                  "text": "Observable",
                  "canonicalReference": "rxjs!Observable:class"
                },
                {
                  "kind": "Content",
                  "text": "<boolean>"
                },
                {
                  "kind": "Content",
                  "text": ";"
                }
              ],
              "isOptional": false,
              "releaseTag": "Public",
              "name": "isUpdating$",
              "propertyTypeTokenRange": {
                "startIndex": 1,
                "endIndex": 4
              },
              "isStatic": false
            },
            {
              "kind": "Method",
              "canonicalReference": "@spartacus/user_account_components!LoginFormComponentService#login:member(1)",
              "docComment": "",
              "excerptTokens": [
                {
                  "kind": "Content",
                  "text": "login(): "
                },
                {
                  "kind": "Content",
                  "text": "void"
                },
                {
                  "kind": "Content",
                  "text": ";"
                }
              ],
              "isOptional": false,
              "isStatic": false,
              "returnTypeTokenRange": {
                "startIndex": 1,
                "endIndex": 2
              },
              "releaseTag": "Public",
              "overloadIndex": 1,
              "parameters": [],
              "name": "login"
            },
            {
              "kind": "Method",
              "canonicalReference": "@spartacus/user_account_components!LoginFormComponentService#onSuccess:member(1)",
              "docComment": "",
              "excerptTokens": [
                {
                  "kind": "Content",
                  "text": "protected onSuccess(isLoggedIn: "
                },
                {
                  "kind": "Content",
                  "text": "boolean"
                },
                {
                  "kind": "Content",
                  "text": "): "
                },
                {
                  "kind": "Content",
                  "text": "void"
                },
                {
                  "kind": "Content",
                  "text": ";"
                }
              ],
              "isOptional": false,
              "isStatic": false,
              "returnTypeTokenRange": {
                "startIndex": 3,
                "endIndex": 4
              },
              "releaseTag": "Public",
              "overloadIndex": 1,
              "parameters": [
                {
                  "parameterName": "isLoggedIn",
                  "parameterTypeTokenRange": {
                    "startIndex": 1,
                    "endIndex": 2
                  }
                }
              ],
              "name": "onSuccess"
            },
            {
              "kind": "Property",
              "canonicalReference": "@spartacus/user_account_components!LoginFormComponentService.ɵfac:member",
              "docComment": "",
              "excerptTokens": [
                {
                  "kind": "Content",
                  "text": "static ɵfac: "
                },
                {
                  "kind": "Content",
                  "text": "i0."
                },
                {
                  "kind": "Reference",
                  "text": "ɵɵFactoryDeclaration",
                  "canonicalReference": "@angular/core!ɵɵFactoryDeclaration:type"
                },
                {
                  "kind": "Content",
                  "text": "<"
                },
                {
                  "kind": "Reference",
                  "text": "LoginFormComponentService",
                  "canonicalReference": "@spartacus/user_account_components!LoginFormComponentService:class"
                },
                {
                  "kind": "Content",
                  "text": ", never>"
                },
                {
                  "kind": "Content",
                  "text": ";"
                }
              ],
              "isOptional": false,
              "releaseTag": "Public",
              "name": "ɵfac",
              "propertyTypeTokenRange": {
                "startIndex": 1,
                "endIndex": 6
              },
              "isStatic": true
            },
            {
              "kind": "Property",
              "canonicalReference": "@spartacus/user_account_components!LoginFormComponentService.ɵprov:member",
              "docComment": "",
              "excerptTokens": [
                {
                  "kind": "Content",
                  "text": "static ɵprov: "
                },
                {
                  "kind": "Content",
                  "text": "i0."
                },
                {
                  "kind": "Reference",
                  "text": "ɵɵInjectableDeclaration",
                  "canonicalReference": "@angular/core!ɵɵInjectableDeclaration:interface"
                },
                {
                  "kind": "Content",
                  "text": "<"
                },
                {
                  "kind": "Reference",
                  "text": "LoginFormComponentService",
                  "canonicalReference": "@spartacus/user_account_components!LoginFormComponentService:class"
                },
                {
                  "kind": "Content",
                  "text": ">"
                },
                {
                  "kind": "Content",
                  "text": ";"
                }
              ],
              "isOptional": false,
              "releaseTag": "Public",
              "name": "ɵprov",
              "propertyTypeTokenRange": {
                "startIndex": 1,
                "endIndex": 6
              },
              "isStatic": true
            },
            {
              "kind": "Property",
              "canonicalReference": "@spartacus/user_account_components!LoginFormComponentService#winRef:member",
              "docComment": "",
              "excerptTokens": [
                {
                  "kind": "Content",
                  "text": "protected winRef: "
                },
                {
                  "kind": "Reference",
                  "text": "WindowRef",
                  "canonicalReference": "@spartacus/user_account_components!WindowRef:class"
                },
                {
                  "kind": "Content",
                  "text": ";"
                }
              ],
              "isOptional": false,
              "releaseTag": "Public",
              "name": "winRef",
              "propertyTypeTokenRange": {
                "startIndex": 1,
                "endIndex": 2
              },
              "isStatic": false
            }
          ],
          "implementsTokenRanges": []
        },
        {
          "kind": "Class",
          "canonicalReference": "@spartacus/user_account_components!LoginFormModule:class",
          "docComment": "",
          "excerptTokens": [
            {
              "kind": "Content",
              "text": "export declare class LoginFormModule "
            }
          ],
          "releaseTag": "Public",
          "name": "LoginFormModule",
          "members": [
            {
              "kind": "Property",
              "canonicalReference": "@spartacus/user_account_components!LoginFormModule.ɵfac:member",
              "docComment": "",
              "excerptTokens": [
                {
                  "kind": "Content",
                  "text": "static ɵfac: "
                },
                {
                  "kind": "Content",
                  "text": "i0."
                },
                {
                  "kind": "Reference",
                  "text": "ɵɵFactoryDeclaration",
                  "canonicalReference": "@angular/core!ɵɵFactoryDeclaration:type"
                },
                {
                  "kind": "Content",
                  "text": "<"
                },
                {
                  "kind": "Reference",
                  "text": "LoginFormModule",
                  "canonicalReference": "@spartacus/user_account_components!LoginFormModule:class"
                },
                {
                  "kind": "Content",
                  "text": ", never>"
                },
                {
                  "kind": "Content",
                  "text": ";"
                }
              ],
              "isOptional": false,
              "releaseTag": "Public",
              "name": "ɵfac",
              "propertyTypeTokenRange": {
                "startIndex": 1,
                "endIndex": 6
              },
              "isStatic": true
            },
            {
              "kind": "Property",
              "canonicalReference": "@spartacus/user_account_components!LoginFormModule.ɵinj:member",
              "docComment": "",
              "excerptTokens": [
                {
                  "kind": "Content",
                  "text": "static ɵinj: "
                },
                {
                  "kind": "Content",
                  "text": "i0."
                },
                {
                  "kind": "Reference",
                  "text": "ɵɵInjectorDeclaration",
                  "canonicalReference": "@angular/core!ɵɵInjectorDeclaration:type"
                },
                {
                  "kind": "Content",
                  "text": "<"
                },
                {
                  "kind": "Reference",
                  "text": "LoginFormModule",
                  "canonicalReference": "@spartacus/user_account_components!LoginFormModule:class"
                },
                {
                  "kind": "Content",
                  "text": ">"
                },
                {
                  "kind": "Content",
                  "text": ";"
                }
              ],
              "isOptional": false,
              "releaseTag": "Public",
              "name": "ɵinj",
              "propertyTypeTokenRange": {
                "startIndex": 1,
                "endIndex": 6
              },
              "isStatic": true
            },
            {
              "kind": "Property",
              "canonicalReference": "@spartacus/user_account_components!LoginFormModule.ɵmod:member",
              "docComment": "",
              "excerptTokens": [
                {
                  "kind": "Content",
                  "text": "static ɵmod: "
                },
                {
                  "kind": "Content",
                  "text": "i0."
                },
                {
                  "kind": "Reference",
                  "text": "ɵɵNgModuleDeclaration",
                  "canonicalReference": "@angular/core!ɵɵNgModuleDeclaration:type"
                },
                {
                  "kind": "Content",
                  "text": "<"
                },
                {
                  "kind": "Reference",
                  "text": "LoginFormModule",
                  "canonicalReference": "@spartacus/user_account_components!LoginFormModule:class"
                },
                {
                  "kind": "Content",
                  "text": ", [typeof i1."
                },
                {
                  "kind": "Reference",
                  "text": "LoginFormComponent",
                  "canonicalReference": "@spartacus/user_account_components!LoginFormComponent:class"
                },
                {
                  "kind": "Content",
                  "text": "], [typeof i2."
                },
                {
                  "kind": "Reference",
                  "text": "CommonModule",
                  "canonicalReference": "@angular/common!CommonModule:class"
                },
                {
                  "kind": "Content",
                  "text": ", typeof i3."
                },
                {
                  "kind": "Reference",
                  "text": "FormsModule",
                  "canonicalReference": "@angular/forms!FormsModule:class"
                },
                {
                  "kind": "Content",
                  "text": ", typeof i3."
                },
                {
                  "kind": "Reference",
                  "text": "ReactiveFormsModule",
                  "canonicalReference": "@angular/forms!ReactiveFormsModule:class"
                },
                {
                  "kind": "Content",
                  "text": ", typeof i4."
                },
                {
                  "kind": "Reference",
                  "text": "RouterModule",
                  "canonicalReference": "@angular/router!RouterModule:class"
                },
                {
                  "kind": "Content",
                  "text": ", typeof i5."
                },
                {
                  "kind": "Reference",
                  "text": "UrlModule",
                  "canonicalReference": "@spartacus/user_account_components!UrlModule:class"
                },
                {
                  "kind": "Content",
                  "text": ", typeof i5."
                },
                {
                  "kind": "Reference",
                  "text": "I18nModule",
                  "canonicalReference": "@spartacus/user_account_components!I18nModule:class"
                },
                {
                  "kind": "Content",
                  "text": ", typeof i6."
                },
                {
                  "kind": "Reference",
                  "text": "FormErrorsModule",
                  "canonicalReference": "@spartacus/user_account_components!FormErrorsModule:class"
                },
                {
                  "kind": "Content",
                  "text": ", typeof i6."
                },
                {
                  "kind": "Reference",
                  "text": "SpinnerModule",
                  "canonicalReference": "@spartacus/user_account_components!SpinnerModule:class"
                },
                {
                  "kind": "Content",
                  "text": ", typeof i6."
                },
                {
                  "kind": "Reference",
                  "text": "PasswordVisibilityToggleModule",
                  "canonicalReference": "@spartacus/user_account_components!PasswordVisibilityToggleModule:class"
                },
                {
                  "kind": "Content",
                  "text": "], never>"
                },
                {
                  "kind": "Content",
                  "text": ";"
                }
              ],
              "isOptional": false,
              "releaseTag": "Public",
              "name": "ɵmod",
              "propertyTypeTokenRange": {
                "startIndex": 1,
                "endIndex": 26
              },
              "isStatic": true
            }
          ],
          "implementsTokenRanges": []
        },
        {
          "kind": "Class",
          "canonicalReference": "@spartacus/user_account_components!LoginModule:class",
          "docComment": "",
          "excerptTokens": [
            {
              "kind": "Content",
              "text": "export declare class LoginModule "
            }
          ],
          "releaseTag": "Public",
          "name": "LoginModule",
          "members": [
            {
              "kind": "Property",
              "canonicalReference": "@spartacus/user_account_components!LoginModule.ɵfac:member",
              "docComment": "",
              "excerptTokens": [
                {
                  "kind": "Content",
                  "text": "static ɵfac: "
                },
                {
                  "kind": "Content",
                  "text": "i0."
                },
                {
                  "kind": "Reference",
                  "text": "ɵɵFactoryDeclaration",
                  "canonicalReference": "@angular/core!ɵɵFactoryDeclaration:type"
                },
                {
                  "kind": "Content",
                  "text": "<"
                },
                {
                  "kind": "Reference",
                  "text": "LoginModule",
                  "canonicalReference": "@spartacus/user_account_components!LoginModule:class"
                },
                {
                  "kind": "Content",
                  "text": ", never>"
                },
                {
                  "kind": "Content",
                  "text": ";"
                }
              ],
              "isOptional": false,
              "releaseTag": "Public",
              "name": "ɵfac",
              "propertyTypeTokenRange": {
                "startIndex": 1,
                "endIndex": 6
              },
              "isStatic": true
            },
            {
              "kind": "Property",
              "canonicalReference": "@spartacus/user_account_components!LoginModule.ɵinj:member",
              "docComment": "",
              "excerptTokens": [
                {
                  "kind": "Content",
                  "text": "static ɵinj: "
                },
                {
                  "kind": "Content",
                  "text": "i0."
                },
                {
                  "kind": "Reference",
                  "text": "ɵɵInjectorDeclaration",
                  "canonicalReference": "@angular/core!ɵɵInjectorDeclaration:type"
                },
                {
                  "kind": "Content",
                  "text": "<"
                },
                {
                  "kind": "Reference",
                  "text": "LoginModule",
                  "canonicalReference": "@spartacus/user_account_components!LoginModule:class"
                },
                {
                  "kind": "Content",
                  "text": ">"
                },
                {
                  "kind": "Content",
                  "text": ";"
                }
              ],
              "isOptional": false,
              "releaseTag": "Public",
              "name": "ɵinj",
              "propertyTypeTokenRange": {
                "startIndex": 1,
                "endIndex": 6
              },
              "isStatic": true
            },
            {
              "kind": "Property",
              "canonicalReference": "@spartacus/user_account_components!LoginModule.ɵmod:member",
              "docComment": "",
              "excerptTokens": [
                {
                  "kind": "Content",
                  "text": "static ɵmod: "
                },
                {
                  "kind": "Content",
                  "text": "i0."
                },
                {
                  "kind": "Reference",
                  "text": "ɵɵNgModuleDeclaration",
                  "canonicalReference": "@angular/core!ɵɵNgModuleDeclaration:type"
                },
                {
                  "kind": "Content",
                  "text": "<"
                },
                {
                  "kind": "Reference",
                  "text": "LoginModule",
                  "canonicalReference": "@spartacus/user_account_components!LoginModule:class"
                },
                {
                  "kind": "Content",
                  "text": ", [typeof i1."
                },
                {
                  "kind": "Reference",
                  "text": "LoginComponent",
                  "canonicalReference": "@spartacus/user_account_components!LoginComponent:class"
                },
                {
                  "kind": "Content",
                  "text": "], [typeof i2."
                },
                {
                  "kind": "Reference",
                  "text": "CommonModule",
                  "canonicalReference": "@angular/common!CommonModule:class"
                },
                {
                  "kind": "Content",
                  "text": ", typeof i3."
                },
                {
                  "kind": "Reference",
                  "text": "RouterModule",
                  "canonicalReference": "@angular/router!RouterModule:class"
                },
                {
                  "kind": "Content",
                  "text": ", typeof i4."
                },
                {
                  "kind": "Reference",
                  "text": "UrlModule",
                  "canonicalReference": "@spartacus/user_account_components!UrlModule:class"
                },
                {
                  "kind": "Content",
                  "text": ", typeof i5."
                },
                {
                  "kind": "Reference",
                  "text": "PageSlotModule",
                  "canonicalReference": "@spartacus/user_account_components!PageSlotModule:class"
                },
                {
                  "kind": "Content",
                  "text": ", typeof i4."
                },
                {
                  "kind": "Reference",
                  "text": "I18nModule",
                  "canonicalReference": "@spartacus/user_account_components!I18nModule:class"
                },
                {
                  "kind": "Content",
                  "text": "], never>"
                },
                {
                  "kind": "Content",
                  "text": ";"
                }
              ],
              "isOptional": false,
              "releaseTag": "Public",
              "name": "ɵmod",
              "propertyTypeTokenRange": {
                "startIndex": 1,
                "endIndex": 18
              },
              "isStatic": true
            }
          ],
          "implementsTokenRanges": []
        },
        {
          "kind": "Class",
          "canonicalReference": "@spartacus/user_account_components!LoginRegisterComponent:class",
          "docComment": "",
          "excerptTokens": [
            {
              "kind": "Content",
              "text": "export declare class LoginRegisterComponent implements "
            },
            {
              "kind": "Reference",
              "text": "OnInit",
              "canonicalReference": "@angular/core!OnInit:interface"
            },
            {
              "kind": "Content",
              "text": " "
            }
          ],
          "releaseTag": "Public",
          "name": "LoginRegisterComponent",
          "members": [
            {
              "kind": "Constructor",
              "canonicalReference": "@spartacus/user_account_components!LoginRegisterComponent:constructor(1)",
              "docComment": "/**\n * Constructs a new instance of the `LoginRegisterComponent` class\n */\n",
              "excerptTokens": [
                {
                  "kind": "Content",
                  "text": "constructor(activatedRoute: "
                },
                {
                  "kind": "Reference",
                  "text": "ActivatedRoute",
                  "canonicalReference": "@angular/router!ActivatedRoute:class"
                },
                {
                  "kind": "Content",
                  "text": ");"
                }
              ],
              "releaseTag": "Public",
              "overloadIndex": 1,
              "parameters": [
                {
                  "parameterName": "activatedRoute",
                  "parameterTypeTokenRange": {
                    "startIndex": 1,
                    "endIndex": 2
                  }
                }
              ]
            },
            {
              "kind": "Property",
              "canonicalReference": "@spartacus/user_account_components!LoginRegisterComponent#activatedRoute:member",
              "docComment": "",
              "excerptTokens": [
                {
                  "kind": "Content",
                  "text": "protected activatedRoute: "
                },
                {
                  "kind": "Reference",
                  "text": "ActivatedRoute",
                  "canonicalReference": "@angular/router!ActivatedRoute:class"
                },
                {
                  "kind": "Content",
                  "text": ";"
                }
              ],
              "isOptional": false,
              "releaseTag": "Public",
              "name": "activatedRoute",
              "propertyTypeTokenRange": {
                "startIndex": 1,
                "endIndex": 2
              },
              "isStatic": false
            },
            {
              "kind": "Property",
              "canonicalReference": "@spartacus/user_account_components!LoginRegisterComponent#loginAsGuest:member",
              "docComment": "",
              "excerptTokens": [
                {
                  "kind": "Content",
                  "text": "loginAsGuest: "
                },
                {
                  "kind": "Content",
                  "text": "boolean"
                },
                {
                  "kind": "Content",
                  "text": ";"
                }
              ],
              "isOptional": false,
              "releaseTag": "Public",
              "name": "loginAsGuest",
              "propertyTypeTokenRange": {
                "startIndex": 1,
                "endIndex": 2
              },
              "isStatic": false
            },
            {
              "kind": "Method",
              "canonicalReference": "@spartacus/user_account_components!LoginRegisterComponent#ngOnInit:member(1)",
              "docComment": "",
              "excerptTokens": [
                {
                  "kind": "Content",
                  "text": "ngOnInit(): "
                },
                {
                  "kind": "Content",
                  "text": "void"
                },
                {
                  "kind": "Content",
                  "text": ";"
                }
              ],
              "isOptional": false,
              "isStatic": false,
              "returnTypeTokenRange": {
                "startIndex": 1,
                "endIndex": 2
              },
              "releaseTag": "Public",
              "overloadIndex": 1,
              "parameters": [],
              "name": "ngOnInit"
            },
            {
              "kind": "Property",
              "canonicalReference": "@spartacus/user_account_components!LoginRegisterComponent.ɵcmp:member",
              "docComment": "",
              "excerptTokens": [
                {
                  "kind": "Content",
                  "text": "static ɵcmp: "
                },
                {
                  "kind": "Content",
                  "text": "i0."
                },
                {
                  "kind": "Reference",
                  "text": "ɵɵComponentDeclaration",
                  "canonicalReference": "@angular/core!ɵɵComponentDeclaration:type"
                },
                {
                  "kind": "Content",
                  "text": "<"
                },
                {
                  "kind": "Reference",
                  "text": "LoginRegisterComponent",
                  "canonicalReference": "@spartacus/user_account_components!LoginRegisterComponent:class"
                },
                {
                  "kind": "Content",
                  "text": ", \"cx-login-register\", never, {}, {}, never, never>"
                },
                {
                  "kind": "Content",
                  "text": ";"
                }
              ],
              "isOptional": false,
              "releaseTag": "Public",
              "name": "ɵcmp",
              "propertyTypeTokenRange": {
                "startIndex": 1,
                "endIndex": 6
              },
              "isStatic": true
            },
            {
              "kind": "Property",
              "canonicalReference": "@spartacus/user_account_components!LoginRegisterComponent.ɵfac:member",
              "docComment": "",
              "excerptTokens": [
                {
                  "kind": "Content",
                  "text": "static ɵfac: "
                },
                {
                  "kind": "Content",
                  "text": "i0."
                },
                {
                  "kind": "Reference",
                  "text": "ɵɵFactoryDeclaration",
                  "canonicalReference": "@angular/core!ɵɵFactoryDeclaration:type"
                },
                {
                  "kind": "Content",
                  "text": "<"
                },
                {
                  "kind": "Reference",
                  "text": "LoginRegisterComponent",
                  "canonicalReference": "@spartacus/user_account_components!LoginRegisterComponent:class"
                },
                {
                  "kind": "Content",
                  "text": ", never>"
                },
                {
                  "kind": "Content",
                  "text": ";"
                }
              ],
              "isOptional": false,
              "releaseTag": "Public",
              "name": "ɵfac",
              "propertyTypeTokenRange": {
                "startIndex": 1,
                "endIndex": 6
              },
              "isStatic": true
            }
          ],
          "implementsTokenRanges": [
            {
              "startIndex": 1,
              "endIndex": 3
            }
          ]
        },
        {
          "kind": "Class",
          "canonicalReference": "@spartacus/user_account_components!LoginRegisterModule:class",
          "docComment": "",
          "excerptTokens": [
            {
              "kind": "Content",
              "text": "export declare class LoginRegisterModule "
            }
          ],
          "releaseTag": "Public",
          "name": "LoginRegisterModule",
          "members": [
            {
              "kind": "Property",
              "canonicalReference": "@spartacus/user_account_components!LoginRegisterModule.ɵfac:member",
              "docComment": "",
              "excerptTokens": [
                {
                  "kind": "Content",
                  "text": "static ɵfac: "
                },
                {
                  "kind": "Content",
                  "text": "i0."
                },
                {
                  "kind": "Reference",
                  "text": "ɵɵFactoryDeclaration",
                  "canonicalReference": "@angular/core!ɵɵFactoryDeclaration:type"
                },
                {
                  "kind": "Content",
                  "text": "<"
                },
                {
                  "kind": "Reference",
                  "text": "LoginRegisterModule",
                  "canonicalReference": "@spartacus/user_account_components!LoginRegisterModule:class"
                },
                {
                  "kind": "Content",
                  "text": ", never>"
                },
                {
                  "kind": "Content",
                  "text": ";"
                }
              ],
              "isOptional": false,
              "releaseTag": "Public",
              "name": "ɵfac",
              "propertyTypeTokenRange": {
                "startIndex": 1,
                "endIndex": 6
              },
              "isStatic": true
            },
            {
              "kind": "Property",
              "canonicalReference": "@spartacus/user_account_components!LoginRegisterModule.ɵinj:member",
              "docComment": "",
              "excerptTokens": [
                {
                  "kind": "Content",
                  "text": "static ɵinj: "
                },
                {
                  "kind": "Content",
                  "text": "i0."
                },
                {
                  "kind": "Reference",
                  "text": "ɵɵInjectorDeclaration",
                  "canonicalReference": "@angular/core!ɵɵInjectorDeclaration:type"
                },
                {
                  "kind": "Content",
                  "text": "<"
                },
                {
                  "kind": "Reference",
                  "text": "LoginRegisterModule",
                  "canonicalReference": "@spartacus/user_account_components!LoginRegisterModule:class"
                },
                {
                  "kind": "Content",
                  "text": ">"
                },
                {
                  "kind": "Content",
                  "text": ";"
                }
              ],
              "isOptional": false,
              "releaseTag": "Public",
              "name": "ɵinj",
              "propertyTypeTokenRange": {
                "startIndex": 1,
                "endIndex": 6
              },
              "isStatic": true
            },
            {
              "kind": "Property",
              "canonicalReference": "@spartacus/user_account_components!LoginRegisterModule.ɵmod:member",
              "docComment": "",
              "excerptTokens": [
                {
                  "kind": "Content",
                  "text": "static ɵmod: "
                },
                {
                  "kind": "Content",
                  "text": "i0."
                },
                {
                  "kind": "Reference",
                  "text": "ɵɵNgModuleDeclaration",
                  "canonicalReference": "@angular/core!ɵɵNgModuleDeclaration:type"
                },
                {
                  "kind": "Content",
                  "text": "<"
                },
                {
                  "kind": "Reference",
                  "text": "LoginRegisterModule",
                  "canonicalReference": "@spartacus/user_account_components!LoginRegisterModule:class"
                },
                {
                  "kind": "Content",
                  "text": ", [typeof i1."
                },
                {
                  "kind": "Reference",
                  "text": "LoginRegisterComponent",
                  "canonicalReference": "@spartacus/user_account_components!LoginRegisterComponent:class"
                },
                {
                  "kind": "Content",
                  "text": "], [typeof i2."
                },
                {
                  "kind": "Reference",
                  "text": "CommonModule",
                  "canonicalReference": "@angular/common!CommonModule:class"
                },
                {
                  "kind": "Content",
                  "text": ", typeof i3."
                },
                {
                  "kind": "Reference",
                  "text": "RouterModule",
                  "canonicalReference": "@angular/router!RouterModule:class"
                },
                {
                  "kind": "Content",
                  "text": ", typeof i4."
                },
                {
                  "kind": "Reference",
                  "text": "UrlModule",
                  "canonicalReference": "@spartacus/user_account_components!UrlModule:class"
                },
                {
                  "kind": "Content",
                  "text": ", typeof i5."
                },
                {
                  "kind": "Reference",
                  "text": "PageSlotModule",
                  "canonicalReference": "@spartacus/user_account_components!PageSlotModule:class"
                },
                {
                  "kind": "Content",
                  "text": ", typeof i4."
                },
                {
                  "kind": "Reference",
                  "text": "I18nModule",
                  "canonicalReference": "@spartacus/user_account_components!I18nModule:class"
                },
                {
                  "kind": "Content",
                  "text": "], never>"
                },
                {
                  "kind": "Content",
                  "text": ";"
                }
              ],
              "isOptional": false,
              "releaseTag": "Public",
              "name": "ɵmod",
              "propertyTypeTokenRange": {
                "startIndex": 1,
                "endIndex": 18
              },
              "isStatic": true
            }
          ],
          "implementsTokenRanges": []
        },
        {
          "kind": "Class",
          "canonicalReference": "@spartacus/user_account_components!UserAccountComponentsModule:class",
          "docComment": "",
          "excerptTokens": [
            {
              "kind": "Content",
              "text": "export declare class UserAccountComponentsModule "
            }
          ],
          "releaseTag": "Public",
          "name": "UserAccountComponentsModule",
          "members": [
            {
              "kind": "Property",
              "canonicalReference": "@spartacus/user_account_components!UserAccountComponentsModule.ɵfac:member",
              "docComment": "",
              "excerptTokens": [
                {
                  "kind": "Content",
                  "text": "static ɵfac: "
                },
                {
                  "kind": "Content",
                  "text": "i0."
                },
                {
                  "kind": "Reference",
                  "text": "ɵɵFactoryDeclaration",
                  "canonicalReference": "@angular/core!ɵɵFactoryDeclaration:type"
                },
                {
                  "kind": "Content",
                  "text": "<"
                },
                {
                  "kind": "Reference",
                  "text": "UserAccountComponentsModule",
                  "canonicalReference": "@spartacus/user_account_components!UserAccountComponentsModule:class"
                },
                {
                  "kind": "Content",
                  "text": ", never>"
                },
                {
                  "kind": "Content",
                  "text": ";"
                }
              ],
              "isOptional": false,
              "releaseTag": "Public",
              "name": "ɵfac",
              "propertyTypeTokenRange": {
                "startIndex": 1,
                "endIndex": 6
              },
              "isStatic": true
            },
            {
              "kind": "Property",
              "canonicalReference": "@spartacus/user_account_components!UserAccountComponentsModule.ɵinj:member",
              "docComment": "",
              "excerptTokens": [
                {
                  "kind": "Content",
                  "text": "static ɵinj: "
                },
                {
                  "kind": "Content",
                  "text": "i0."
                },
                {
                  "kind": "Reference",
                  "text": "ɵɵInjectorDeclaration",
                  "canonicalReference": "@angular/core!ɵɵInjectorDeclaration:type"
                },
                {
                  "kind": "Content",
                  "text": "<"
                },
                {
                  "kind": "Reference",
                  "text": "UserAccountComponentsModule",
                  "canonicalReference": "@spartacus/user_account_components!UserAccountComponentsModule:class"
                },
                {
                  "kind": "Content",
                  "text": ">"
                },
                {
                  "kind": "Content",
                  "text": ";"
                }
              ],
              "isOptional": false,
              "releaseTag": "Public",
              "name": "ɵinj",
              "propertyTypeTokenRange": {
                "startIndex": 1,
                "endIndex": 6
              },
              "isStatic": true
            },
            {
              "kind": "Property",
              "canonicalReference": "@spartacus/user_account_components!UserAccountComponentsModule.ɵmod:member",
              "docComment": "",
              "excerptTokens": [
                {
                  "kind": "Content",
                  "text": "static ɵmod: "
                },
                {
                  "kind": "Content",
                  "text": "i0."
                },
                {
                  "kind": "Reference",
                  "text": "ɵɵNgModuleDeclaration",
                  "canonicalReference": "@angular/core!ɵɵNgModuleDeclaration:type"
                },
                {
                  "kind": "Content",
                  "text": "<"
                },
                {
                  "kind": "Reference",
                  "text": "UserAccountComponentsModule",
                  "canonicalReference": "@spartacus/user_account_components!UserAccountComponentsModule:class"
                },
                {
                  "kind": "Content",
                  "text": ", never, [typeof i1."
                },
                {
                  "kind": "Reference",
                  "text": "LoginModule",
                  "canonicalReference": "@spartacus/user_account_components!LoginModule:class"
                },
                {
                  "kind": "Content",
                  "text": ", typeof i2."
                },
                {
                  "kind": "Reference",
                  "text": "LoginFormModule",
                  "canonicalReference": "@spartacus/user_account_components!LoginFormModule:class"
                },
                {
                  "kind": "Content",
                  "text": ", typeof i3."
                },
                {
                  "kind": "Reference",
                  "text": "LoginRegisterModule",
                  "canonicalReference": "@spartacus/user_account_components!LoginRegisterModule:class"
                },
                {
                  "kind": "Content",
                  "text": "], never>"
                },
                {
                  "kind": "Content",
                  "text": ";"
                }
              ],
              "isOptional": false,
              "releaseTag": "Public",
              "name": "ɵmod",
              "propertyTypeTokenRange": {
                "startIndex": 1,
                "endIndex": 12
              },
              "isStatic": true
            }
          ],
          "implementsTokenRanges": []
        }
      ]
    }
  ]
}
