{
  "metadata": {
    "toolPackage": "@microsoft/api-extractor",
    "toolVersion": "7.19.4",
    "schemaVersion": 1004,
    "oldestForwardsCompatibleVersion": 1001,
    "tsdocConfig": {
      "$schema": "https://developer.microsoft.com/json-schemas/tsdoc/v0/tsdoc.schema.json",
      "noStandardTags": true,
      "tagDefinitions": [
        {
          "tagName": "@alpha",
          "syntaxKind": "modifier"
        },
        {
          "tagName": "@beta",
          "syntaxKind": "modifier"
        },
        {
          "tagName": "@defaultValue",
          "syntaxKind": "block"
        },
        {
          "tagName": "@decorator",
          "syntaxKind": "block",
          "allowMultiple": true
        },
        {
          "tagName": "@deprecated",
          "syntaxKind": "block"
        },
        {
          "tagName": "@eventProperty",
          "syntaxKind": "modifier"
        },
        {
          "tagName": "@example",
          "syntaxKind": "block",
          "allowMultiple": true
        },
        {
          "tagName": "@experimental",
          "syntaxKind": "modifier"
        },
        {
          "tagName": "@inheritDoc",
          "syntaxKind": "inline"
        },
        {
          "tagName": "@internal",
          "syntaxKind": "modifier"
        },
        {
          "tagName": "@label",
          "syntaxKind": "inline"
        },
        {
          "tagName": "@link",
          "syntaxKind": "inline",
          "allowMultiple": true
        },
        {
          "tagName": "@override",
          "syntaxKind": "modifier"
        },
        {
          "tagName": "@packageDocumentation",
          "syntaxKind": "modifier"
        },
        {
          "tagName": "@param",
          "syntaxKind": "block",
          "allowMultiple": true
        },
        {
          "tagName": "@privateRemarks",
          "syntaxKind": "block"
        },
        {
          "tagName": "@public",
          "syntaxKind": "modifier"
        },
        {
          "tagName": "@readonly",
          "syntaxKind": "modifier"
        },
        {
          "tagName": "@remarks",
          "syntaxKind": "block"
        },
        {
          "tagName": "@returns",
          "syntaxKind": "block"
        },
        {
          "tagName": "@sealed",
          "syntaxKind": "modifier"
        },
        {
          "tagName": "@see",
          "syntaxKind": "block"
        },
        {
          "tagName": "@throws",
          "syntaxKind": "block",
          "allowMultiple": true
        },
        {
          "tagName": "@typeParam",
          "syntaxKind": "block",
          "allowMultiple": true
        },
        {
          "tagName": "@virtual",
          "syntaxKind": "modifier"
        },
        {
          "tagName": "@betaDocumentation",
          "syntaxKind": "modifier"
        },
        {
          "tagName": "@internalRemarks",
          "syntaxKind": "block"
        },
        {
          "tagName": "@preapproved",
          "syntaxKind": "modifier"
        }
      ],
      "supportForTags": {
        "@alpha": true,
        "@beta": true,
        "@defaultValue": true,
        "@decorator": true,
        "@deprecated": true,
        "@eventProperty": true,
        "@example": true,
        "@experimental": true,
        "@inheritDoc": true,
        "@internal": true,
        "@label": true,
        "@link": true,
        "@override": true,
        "@packageDocumentation": true,
        "@param": true,
        "@privateRemarks": true,
        "@public": true,
        "@readonly": true,
        "@remarks": true,
        "@returns": true,
        "@sealed": true,
        "@see": true,
        "@throws": true,
        "@typeParam": true,
        "@virtual": true,
        "@betaDocumentation": true,
        "@internalRemarks": true,
        "@preapproved": true
      }
    }
  },
  "kind": "Package",
  "canonicalReference": "@spartacus/user_account_root!",
  "docComment": "",
  "name": "@spartacus/user_account_root",
  "members": [
    {
      "kind": "EntryPoint",
      "canonicalReference": "@spartacus/user_account_root!",
      "name": "",
      "members": [
        {
          "kind": "Function",
          "canonicalReference": "@spartacus/user_account_root!defaultUserAccountComponentsConfig:function(1)",
          "docComment": "",
          "excerptTokens": [
            {
              "kind": "Content",
              "text": "export declare function defaultUserAccountComponentsConfig(): "
            },
            {
              "kind": "Reference",
              "text": "CmsConfig",
              "canonicalReference": "@spartacus/user_account_root!CmsConfig:class"
            },
            {
              "kind": "Content",
              "text": ";"
            }
          ],
          "returnTypeTokenRange": {
            "startIndex": 1,
            "endIndex": 2
          },
          "releaseTag": "Public",
          "overloadIndex": 1,
          "parameters": [],
          "name": "defaultUserAccountComponentsConfig"
        },
        {
          "kind": "Variable",
          "canonicalReference": "@spartacus/user_account_root!USER_ACCOUNT_CORE_FEATURE:var",
          "docComment": "",
          "excerptTokens": [
            {
              "kind": "Content",
              "text": "USER_ACCOUNT_CORE_FEATURE = \"userAccountCore\""
            }
          ],
          "releaseTag": "Public",
          "name": "USER_ACCOUNT_CORE_FEATURE",
          "variableTypeTokenRange": {
            "startIndex": 0,
            "endIndex": 0
          }
        },
        {
          "kind": "Variable",
          "canonicalReference": "@spartacus/user_account_root!USER_ACCOUNT_FEATURE:var",
          "docComment": "",
          "excerptTokens": [
            {
              "kind": "Content",
              "text": "USER_ACCOUNT_FEATURE = \"userAccount\""
            }
          ],
          "releaseTag": "Public",
          "name": "USER_ACCOUNT_FEATURE",
          "variableTypeTokenRange": {
            "startIndex": 0,
            "endIndex": 0
          }
        },
        {
          "kind": "Interface",
          "canonicalReference": "@spartacus/user_account_root!User:interface",
          "docComment": "",
          "excerptTokens": [
            {
              "kind": "Content",
              "text": "export interface User "
            }
          ],
          "releaseTag": "Public",
          "name": "User",
          "members": [
            {
              "kind": "PropertySignature",
              "canonicalReference": "@spartacus/user_account_root!User#displayUid:member",
              "docComment": "",
              "excerptTokens": [
                {
                  "kind": "Content",
                  "text": "displayUid?: "
                },
                {
                  "kind": "Content",
                  "text": "string"
                },
                {
                  "kind": "Content",
                  "text": ";"
                }
              ],
              "isOptional": true,
              "releaseTag": "Public",
              "name": "displayUid",
              "propertyTypeTokenRange": {
                "startIndex": 1,
                "endIndex": 2
              }
            },
            {
              "kind": "PropertySignature",
              "canonicalReference": "@spartacus/user_account_root!User#firstName:member",
              "docComment": "",
              "excerptTokens": [
                {
                  "kind": "Content",
                  "text": "firstName?: "
                },
                {
                  "kind": "Content",
                  "text": "string"
                },
                {
                  "kind": "Content",
                  "text": ";"
                }
              ],
              "isOptional": true,
              "releaseTag": "Public",
              "name": "firstName",
              "propertyTypeTokenRange": {
                "startIndex": 1,
                "endIndex": 2
              }
            },
            {
              "kind": "PropertySignature",
              "canonicalReference": "@spartacus/user_account_root!User#lastName:member",
              "docComment": "",
              "excerptTokens": [
                {
                  "kind": "Content",
                  "text": "lastName?: "
                },
                {
                  "kind": "Content",
                  "text": "string"
                },
                {
                  "kind": "Content",
                  "text": ";"
                }
              ],
              "isOptional": true,
              "releaseTag": "Public",
              "name": "lastName",
              "propertyTypeTokenRange": {
                "startIndex": 1,
                "endIndex": 2
              }
            },
            {
              "kind": "PropertySignature",
              "canonicalReference": "@spartacus/user_account_root!User#name:member",
              "docComment": "",
              "excerptTokens": [
                {
                  "kind": "Content",
                  "text": "name?: "
                },
                {
                  "kind": "Content",
                  "text": "string"
                },
                {
                  "kind": "Content",
                  "text": ";"
                }
              ],
              "isOptional": true,
              "releaseTag": "Public",
              "name": "name",
              "propertyTypeTokenRange": {
                "startIndex": 1,
                "endIndex": 2
              }
            },
            {
              "kind": "PropertySignature",
              "canonicalReference": "@spartacus/user_account_root!User#uid:member",
              "docComment": "",
              "excerptTokens": [
                {
                  "kind": "Content",
                  "text": "uid?: "
                },
                {
                  "kind": "Content",
                  "text": "string"
                },
                {
                  "kind": "Content",
                  "text": ";"
                }
              ],
              "isOptional": true,
              "releaseTag": "Public",
              "name": "uid",
              "propertyTypeTokenRange": {
                "startIndex": 1,
                "endIndex": 2
              }
            }
          ],
          "extendsTokenRanges": []
        },
        {
          "kind": "Class",
          "canonicalReference": "@spartacus/user_account_root!UserAccountChangedEvent:class",
          "docComment": "",
          "excerptTokens": [
            {
              "kind": "Content",
              "text": "export declare class UserAccountChangedEvent extends "
            },
            {
              "kind": "Reference",
              "text": "UserAccountEvent",
              "canonicalReference": "@spartacus/user_account_root!UserAccountEvent:class"
            },
            {
              "kind": "Content",
              "text": " "
            }
          ],
          "releaseTag": "Public",
          "name": "UserAccountChangedEvent",
          "members": [
            {
              "kind": "Property",
              "canonicalReference": "@spartacus/user_account_root!UserAccountChangedEvent.type:member",
              "docComment": "",
              "excerptTokens": [
                {
                  "kind": "Content",
                  "text": "static readonly type = \"UserAccountChangedEvent\";"
                }
              ],
              "isOptional": false,
              "releaseTag": "Public",
              "name": "type",
              "propertyTypeTokenRange": {
                "startIndex": 0,
                "endIndex": 0
              },
              "isStatic": true
            }
          ],
          "extendsTokenRange": {
            "startIndex": 1,
            "endIndex": 3
          },
          "implementsTokenRanges": []
        },
        {
          "kind": "Class",
          "canonicalReference": "@spartacus/user_account_root!UserAccountEvent:class",
          "docComment": "",
          "excerptTokens": [
            {
              "kind": "Content",
              "text": "export declare abstract class UserAccountEvent extends "
            },
            {
              "kind": "Reference",
              "text": "CxEvent",
              "canonicalReference": "@spartacus/user_account_root!CxEvent:class"
            },
            {
              "kind": "Content",
              "text": " "
            }
          ],
          "releaseTag": "Public",
          "name": "UserAccountEvent",
          "members": [
            {
              "kind": "Property",
              "canonicalReference": "@spartacus/user_account_root!UserAccountEvent#user:member",
              "docComment": "",
              "excerptTokens": [
                {
                  "kind": "Content",
                  "text": "user: "
                },
                {
                  "kind": "Reference",
                  "text": "User",
                  "canonicalReference": "@spartacus/user_account_root!User:interface"
                },
                {
                  "kind": "Content",
                  "text": ";"
                }
              ],
              "isOptional": false,
              "releaseTag": "Public",
              "name": "user",
              "propertyTypeTokenRange": {
                "startIndex": 1,
                "endIndex": 2
              },
              "isStatic": false
            }
          ],
          "extendsTokenRange": {
            "startIndex": 1,
            "endIndex": 3
          },
          "implementsTokenRanges": []
        },
        {
          "kind": "Class",
          "canonicalReference": "@spartacus/user_account_root!UserAccountEventListener:class",
          "docComment": "/**\n * User account event listener.\n */\n",
          "excerptTokens": [
            {
              "kind": "Content",
              "text": "export declare class UserAccountEventListener implements "
            },
            {
              "kind": "Reference",
              "text": "OnDestroy",
              "canonicalReference": "@angular/core!OnDestroy:interface"
            },
            {
              "kind": "Content",
              "text": " "
            }
          ],
          "releaseTag": "Public",
          "name": "UserAccountEventListener",
          "members": [
            {
              "kind": "Constructor",
              "canonicalReference": "@spartacus/user_account_root!UserAccountEventListener:constructor(1)",
              "docComment": "/**\n * Constructs a new instance of the `UserAccountEventListener` class\n */\n",
              "excerptTokens": [
                {
                  "kind": "Content",
                  "text": "constructor(eventService: "
                },
                {
                  "kind": "Reference",
                  "text": "EventService",
                  "canonicalReference": "@spartacus/user_account_root!EventService:class"
                },
                {
                  "kind": "Content",
                  "text": ", globalMessageService: "
                },
                {
                  "kind": "Reference",
                  "text": "GlobalMessageService",
                  "canonicalReference": "@spartacus/user_account_root!GlobalMessageService:class"
                },
                {
                  "kind": "Content",
                  "text": ");"
                }
              ],
              "releaseTag": "Public",
              "overloadIndex": 1,
              "parameters": [
                {
                  "parameterName": "eventService",
                  "parameterTypeTokenRange": {
                    "startIndex": 1,
                    "endIndex": 2
                  }
                },
                {
                  "parameterName": "globalMessageService",
                  "parameterTypeTokenRange": {
                    "startIndex": 3,
                    "endIndex": 4
                  }
                }
              ]
            },
            {
              "kind": "Property",
              "canonicalReference": "@spartacus/user_account_root!UserAccountEventListener#eventService:member",
              "docComment": "",
              "excerptTokens": [
                {
                  "kind": "Content",
                  "text": "protected eventService: "
                },
                {
                  "kind": "Reference",
                  "text": "EventService",
                  "canonicalReference": "@spartacus/user_account_root!EventService:class"
                },
                {
                  "kind": "Content",
                  "text": ";"
                }
              ],
              "isOptional": false,
              "releaseTag": "Public",
              "name": "eventService",
              "propertyTypeTokenRange": {
                "startIndex": 1,
                "endIndex": 2
              },
              "isStatic": false
            },
            {
              "kind": "Property",
              "canonicalReference": "@spartacus/user_account_root!UserAccountEventListener#globalMessageService:member",
              "docComment": "",
              "excerptTokens": [
                {
                  "kind": "Content",
                  "text": "protected globalMessageService: "
                },
                {
                  "kind": "Reference",
                  "text": "GlobalMessageService",
                  "canonicalReference": "@spartacus/user_account_root!GlobalMessageService:class"
                },
                {
                  "kind": "Content",
                  "text": ";"
                }
              ],
              "isOptional": false,
              "releaseTag": "Public",
              "name": "globalMessageService",
              "propertyTypeTokenRange": {
                "startIndex": 1,
                "endIndex": 2
              },
              "isStatic": false
            },
            {
              "kind": "Method",
              "canonicalReference": "@spartacus/user_account_root!UserAccountEventListener#ngOnDestroy:member(1)",
              "docComment": "",
              "excerptTokens": [
                {
                  "kind": "Content",
                  "text": "ngOnDestroy(): "
                },
                {
                  "kind": "Content",
                  "text": "void"
                },
                {
                  "kind": "Content",
                  "text": ";"
                }
              ],
              "isOptional": false,
              "isStatic": false,
              "returnTypeTokenRange": {
                "startIndex": 1,
                "endIndex": 2
              },
              "releaseTag": "Public",
              "overloadIndex": 1,
              "parameters": [],
              "name": "ngOnDestroy"
            },
            {
              "kind": "Method",
              "canonicalReference": "@spartacus/user_account_root!UserAccountEventListener#onAuth:member(1)",
              "docComment": "/**\n * Registers events for the auth events.\n */\n",
              "excerptTokens": [
                {
                  "kind": "Content",
                  "text": "protected onAuth(): "
                },
                {
                  "kind": "Content",
                  "text": "void"
                },
                {
                  "kind": "Content",
                  "text": ";"
                }
              ],
              "isOptional": false,
              "isStatic": false,
              "returnTypeTokenRange": {
                "startIndex": 1,
                "endIndex": 2
              },
              "releaseTag": "Public",
              "overloadIndex": 1,
              "parameters": [],
              "name": "onAuth"
            },
            {
              "kind": "Property",
              "canonicalReference": "@spartacus/user_account_root!UserAccountEventListener.ɵfac:member",
              "docComment": "",
              "excerptTokens": [
                {
                  "kind": "Content",
                  "text": "static ɵfac: "
                },
                {
                  "kind": "Content",
                  "text": "i0."
                },
                {
                  "kind": "Reference",
                  "text": "ɵɵFactoryDeclaration",
                  "canonicalReference": "@angular/core!ɵɵFactoryDeclaration:type"
                },
                {
                  "kind": "Content",
                  "text": "<"
                },
                {
                  "kind": "Reference",
                  "text": "UserAccountEventListener",
                  "canonicalReference": "@spartacus/user_account_root!UserAccountEventListener:class"
                },
                {
                  "kind": "Content",
                  "text": ", never>"
                },
                {
                  "kind": "Content",
                  "text": ";"
                }
              ],
              "isOptional": false,
              "releaseTag": "Public",
              "name": "ɵfac",
              "propertyTypeTokenRange": {
                "startIndex": 1,
                "endIndex": 6
              },
              "isStatic": true
            },
            {
              "kind": "Property",
              "canonicalReference": "@spartacus/user_account_root!UserAccountEventListener.ɵprov:member",
              "docComment": "",
              "excerptTokens": [
                {
                  "kind": "Content",
                  "text": "static ɵprov: "
                },
                {
                  "kind": "Content",
                  "text": "i0."
                },
                {
                  "kind": "Reference",
                  "text": "ɵɵInjectableDeclaration",
                  "canonicalReference": "@angular/core!ɵɵInjectableDeclaration:interface"
                },
                {
                  "kind": "Content",
                  "text": "<"
                },
                {
                  "kind": "Reference",
                  "text": "UserAccountEventListener",
                  "canonicalReference": "@spartacus/user_account_root!UserAccountEventListener:class"
                },
                {
                  "kind": "Content",
                  "text": ">"
                },
                {
                  "kind": "Content",
                  "text": ";"
                }
              ],
              "isOptional": false,
              "releaseTag": "Public",
              "name": "ɵprov",
              "propertyTypeTokenRange": {
                "startIndex": 1,
                "endIndex": 6
              },
              "isStatic": true
            },
            {
              "kind": "Property",
              "canonicalReference": "@spartacus/user_account_root!UserAccountEventListener#subscriptions:member",
              "docComment": "",
              "excerptTokens": [
                {
                  "kind": "Content",
                  "text": "protected subscriptions: "
                },
                {
                  "kind": "Reference",
                  "text": "Subscription",
                  "canonicalReference": "rxjs!Subscription:class"
                },
                {
                  "kind": "Content",
                  "text": ";"
                }
              ],
              "isOptional": false,
              "releaseTag": "Public",
              "name": "subscriptions",
              "propertyTypeTokenRange": {
                "startIndex": 1,
                "endIndex": 2
              },
              "isStatic": false
            }
          ],
          "implementsTokenRanges": [
            {
              "startIndex": 1,
              "endIndex": 3
            }
          ]
        },
        {
          "kind": "Class",
          "canonicalReference": "@spartacus/user_account_root!UserAccountEventModule:class",
          "docComment": "",
          "excerptTokens": [
            {
              "kind": "Content",
              "text": "export declare class UserAccountEventModule "
            }
          ],
          "releaseTag": "Public",
          "name": "UserAccountEventModule",
          "members": [
            {
              "kind": "Constructor",
              "canonicalReference": "@spartacus/user_account_root!UserAccountEventModule:constructor(1)",
              "docComment": "/**\n * Constructs a new instance of the `UserAccountEventModule` class\n */\n",
              "excerptTokens": [
                {
                  "kind": "Content",
                  "text": "constructor(_userAccountEventListener: "
                },
                {
                  "kind": "Reference",
                  "text": "UserAccountEventListener",
                  "canonicalReference": "@spartacus/user_account_root!UserAccountEventListener:class"
                },
                {
                  "kind": "Content",
                  "text": ");"
                }
              ],
              "releaseTag": "Public",
              "overloadIndex": 1,
              "parameters": [
                {
                  "parameterName": "_userAccountEventListener",
                  "parameterTypeTokenRange": {
                    "startIndex": 1,
                    "endIndex": 2
                  }
                }
              ]
            },
            {
              "kind": "Property",
              "canonicalReference": "@spartacus/user_account_root!UserAccountEventModule.ɵfac:member",
              "docComment": "",
              "excerptTokens": [
                {
                  "kind": "Content",
                  "text": "static ɵfac: "
                },
                {
                  "kind": "Content",
                  "text": "i0."
                },
                {
                  "kind": "Reference",
                  "text": "ɵɵFactoryDeclaration",
                  "canonicalReference": "@angular/core!ɵɵFactoryDeclaration:type"
                },
                {
                  "kind": "Content",
                  "text": "<"
                },
                {
                  "kind": "Reference",
                  "text": "UserAccountEventModule",
                  "canonicalReference": "@spartacus/user_account_root!UserAccountEventModule:class"
                },
                {
                  "kind": "Content",
                  "text": ", never>"
                },
                {
                  "kind": "Content",
                  "text": ";"
                }
              ],
              "isOptional": false,
              "releaseTag": "Public",
              "name": "ɵfac",
              "propertyTypeTokenRange": {
                "startIndex": 1,
                "endIndex": 6
              },
              "isStatic": true
            },
            {
              "kind": "Property",
              "canonicalReference": "@spartacus/user_account_root!UserAccountEventModule.ɵinj:member",
              "docComment": "",
              "excerptTokens": [
                {
                  "kind": "Content",
                  "text": "static ɵinj: "
                },
                {
                  "kind": "Content",
                  "text": "i0."
                },
                {
                  "kind": "Reference",
                  "text": "ɵɵInjectorDeclaration",
                  "canonicalReference": "@angular/core!ɵɵInjectorDeclaration:type"
                },
                {
                  "kind": "Content",
                  "text": "<"
                },
                {
                  "kind": "Reference",
                  "text": "UserAccountEventModule",
                  "canonicalReference": "@spartacus/user_account_root!UserAccountEventModule:class"
                },
                {
                  "kind": "Content",
                  "text": ">"
                },
                {
                  "kind": "Content",
                  "text": ";"
                }
              ],
              "isOptional": false,
              "releaseTag": "Public",
              "name": "ɵinj",
              "propertyTypeTokenRange": {
                "startIndex": 1,
                "endIndex": 6
              },
              "isStatic": true
            },
            {
              "kind": "Property",
              "canonicalReference": "@spartacus/user_account_root!UserAccountEventModule.ɵmod:member",
              "docComment": "",
              "excerptTokens": [
                {
                  "kind": "Content",
                  "text": "static ɵmod: "
                },
                {
                  "kind": "Content",
                  "text": "i0."
                },
                {
                  "kind": "Reference",
                  "text": "ɵɵNgModuleDeclaration",
                  "canonicalReference": "@angular/core!ɵɵNgModuleDeclaration:type"
                },
                {
                  "kind": "Content",
                  "text": "<"
                },
                {
                  "kind": "Reference",
                  "text": "UserAccountEventModule",
                  "canonicalReference": "@spartacus/user_account_root!UserAccountEventModule:class"
                },
                {
                  "kind": "Content",
                  "text": ", never, never, never>"
                },
                {
                  "kind": "Content",
                  "text": ";"
                }
              ],
              "isOptional": false,
              "releaseTag": "Public",
              "name": "ɵmod",
              "propertyTypeTokenRange": {
                "startIndex": 1,
                "endIndex": 6
              },
              "isStatic": true
            }
          ],
          "implementsTokenRanges": []
        },
        {
          "kind": "Class",
          "canonicalReference": "@spartacus/user_account_root!UserAccountFacade:class",
          "docComment": "",
          "excerptTokens": [
            {
              "kind": "Content",
              "text": "export declare abstract class UserAccountFacade "
            }
          ],
          "releaseTag": "Public",
          "name": "UserAccountFacade",
          "members": [
            {
              "kind": "Method",
              "canonicalReference": "@spartacus/user_account_root!UserAccountFacade#get:member(1)",
              "docComment": "",
              "excerptTokens": [
                {
                  "kind": "Content",
                  "text": "abstract get(): "
                },
                {
                  "kind": "Reference",
                  "text": "Observable",
                  "canonicalReference": "rxjs!Observable:class"
                },
                {
                  "kind": "Content",
                  "text": "<"
                },
                {
                  "kind": "Reference",
                  "text": "User",
                  "canonicalReference": "@spartacus/user_account_root!User:interface"
                },
                {
                  "kind": "Content",
                  "text": " | undefined>"
                },
                {
                  "kind": "Content",
                  "text": ";"
                }
              ],
              "isOptional": false,
              "isStatic": false,
              "returnTypeTokenRange": {
                "startIndex": 1,
                "endIndex": 5
              },
              "releaseTag": "Public",
              "overloadIndex": 1,
              "parameters": [],
              "name": "get"
            },
            {
              "kind": "Property",
              "canonicalReference": "@spartacus/user_account_root!UserAccountFacade.ɵfac:member",
              "docComment": "",
              "excerptTokens": [
                {
                  "kind": "Content",
                  "text": "static ɵfac: "
                },
                {
                  "kind": "Content",
                  "text": "i0."
                },
                {
                  "kind": "Reference",
                  "text": "ɵɵFactoryDeclaration",
                  "canonicalReference": "@angular/core!ɵɵFactoryDeclaration:type"
                },
                {
                  "kind": "Content",
                  "text": "<"
                },
                {
                  "kind": "Reference",
                  "text": "UserAccountFacade",
                  "canonicalReference": "@spartacus/user_account_root!UserAccountFacade:class"
                },
                {
                  "kind": "Content",
                  "text": ", never>"
                },
                {
                  "kind": "Content",
                  "text": ";"
                }
              ],
              "isOptional": false,
              "releaseTag": "Public",
              "name": "ɵfac",
              "propertyTypeTokenRange": {
                "startIndex": 1,
                "endIndex": 6
              },
              "isStatic": true
            },
            {
              "kind": "Property",
              "canonicalReference": "@spartacus/user_account_root!UserAccountFacade.ɵprov:member",
              "docComment": "",
              "excerptTokens": [
                {
                  "kind": "Content",
                  "text": "static ɵprov: "
                },
                {
                  "kind": "Content",
                  "text": "i0."
                },
                {
                  "kind": "Reference",
                  "text": "ɵɵInjectableDeclaration",
                  "canonicalReference": "@angular/core!ɵɵInjectableDeclaration:interface"
                },
                {
                  "kind": "Content",
                  "text": "<"
                },
                {
                  "kind": "Reference",
                  "text": "UserAccountFacade",
                  "canonicalReference": "@spartacus/user_account_root!UserAccountFacade:class"
                },
                {
                  "kind": "Content",
                  "text": ">"
                },
                {
                  "kind": "Content",
                  "text": ";"
                }
              ],
              "isOptional": false,
              "releaseTag": "Public",
              "name": "ɵprov",
              "propertyTypeTokenRange": {
                "startIndex": 1,
                "endIndex": 6
              },
              "isStatic": true
            }
          ],
          "implementsTokenRanges": []
        },
        {
          "kind": "Class",
          "canonicalReference": "@spartacus/user_account_root!UserAccountRootModule:class",
          "docComment": "",
          "excerptTokens": [
            {
              "kind": "Content",
              "text": "export declare class UserAccountRootModule "
            }
          ],
          "releaseTag": "Public",
          "name": "UserAccountRootModule",
          "members": [
            {
              "kind": "Property",
              "canonicalReference": "@spartacus/user_account_root!UserAccountRootModule.ɵfac:member",
              "docComment": "",
              "excerptTokens": [
                {
                  "kind": "Content",
                  "text": "static ɵfac: "
                },
                {
                  "kind": "Content",
                  "text": "i0."
                },
                {
                  "kind": "Reference",
                  "text": "ɵɵFactoryDeclaration",
                  "canonicalReference": "@angular/core!ɵɵFactoryDeclaration:type"
                },
                {
                  "kind": "Content",
                  "text": "<"
                },
                {
                  "kind": "Reference",
                  "text": "UserAccountRootModule",
                  "canonicalReference": "@spartacus/user_account_root!UserAccountRootModule:class"
                },
                {
                  "kind": "Content",
                  "text": ", never>"
                },
                {
                  "kind": "Content",
                  "text": ";"
                }
              ],
              "isOptional": false,
              "releaseTag": "Public",
              "name": "ɵfac",
              "propertyTypeTokenRange": {
                "startIndex": 1,
                "endIndex": 6
              },
              "isStatic": true
            },
            {
              "kind": "Property",
              "canonicalReference": "@spartacus/user_account_root!UserAccountRootModule.ɵinj:member",
              "docComment": "",
              "excerptTokens": [
                {
                  "kind": "Content",
                  "text": "static ɵinj: "
                },
                {
                  "kind": "Content",
                  "text": "i0."
                },
                {
                  "kind": "Reference",
                  "text": "ɵɵInjectorDeclaration",
                  "canonicalReference": "@angular/core!ɵɵInjectorDeclaration:type"
                },
                {
                  "kind": "Content",
                  "text": "<"
                },
                {
                  "kind": "Reference",
                  "text": "UserAccountRootModule",
                  "canonicalReference": "@spartacus/user_account_root!UserAccountRootModule:class"
                },
                {
                  "kind": "Content",
                  "text": ">"
                },
                {
                  "kind": "Content",
                  "text": ";"
                }
              ],
              "isOptional": false,
              "releaseTag": "Public",
              "name": "ɵinj",
              "propertyTypeTokenRange": {
                "startIndex": 1,
                "endIndex": 6
              },
              "isStatic": true
            },
            {
              "kind": "Property",
              "canonicalReference": "@spartacus/user_account_root!UserAccountRootModule.ɵmod:member",
              "docComment": "",
              "excerptTokens": [
                {
                  "kind": "Content",
                  "text": "static ɵmod: "
                },
                {
                  "kind": "Content",
                  "text": "i0."
                },
                {
                  "kind": "Reference",
                  "text": "ɵɵNgModuleDeclaration",
                  "canonicalReference": "@angular/core!ɵɵNgModuleDeclaration:type"
                },
                {
                  "kind": "Content",
                  "text": "<"
                },
                {
                  "kind": "Reference",
                  "text": "UserAccountRootModule",
                  "canonicalReference": "@spartacus/user_account_root!UserAccountRootModule:class"
                },
                {
                  "kind": "Content",
                  "text": ", never, [typeof i1."
                },
                {
                  "kind": "Reference",
                  "text": "UserAccountEventModule",
                  "canonicalReference": "@spartacus/user_account_root!UserAccountEventModule:class"
                },
                {
                  "kind": "Content",
                  "text": "], never>"
                },
                {
                  "kind": "Content",
                  "text": ";"
                }
              ],
              "isOptional": false,
              "releaseTag": "Public",
              "name": "ɵmod",
              "propertyTypeTokenRange": {
                "startIndex": 1,
                "endIndex": 8
              },
              "isStatic": true
            }
          ],
          "implementsTokenRanges": []
        }
      ]
    }
  ]
}
