{
  "metadata": {
    "toolPackage": "@microsoft/api-extractor",
    "toolVersion": "7.19.4",
    "schemaVersion": 1004,
    "oldestForwardsCompatibleVersion": 1001,
    "tsdocConfig": {
      "$schema": "https://developer.microsoft.com/json-schemas/tsdoc/v0/tsdoc.schema.json",
      "noStandardTags": true,
      "tagDefinitions": [
        {
          "tagName": "@alpha",
          "syntaxKind": "modifier"
        },
        {
          "tagName": "@beta",
          "syntaxKind": "modifier"
        },
        {
          "tagName": "@defaultValue",
          "syntaxKind": "block"
        },
        {
          "tagName": "@decorator",
          "syntaxKind": "block",
          "allowMultiple": true
        },
        {
          "tagName": "@deprecated",
          "syntaxKind": "block"
        },
        {
          "tagName": "@eventProperty",
          "syntaxKind": "modifier"
        },
        {
          "tagName": "@example",
          "syntaxKind": "block",
          "allowMultiple": true
        },
        {
          "tagName": "@experimental",
          "syntaxKind": "modifier"
        },
        {
          "tagName": "@inheritDoc",
          "syntaxKind": "inline"
        },
        {
          "tagName": "@internal",
          "syntaxKind": "modifier"
        },
        {
          "tagName": "@label",
          "syntaxKind": "inline"
        },
        {
          "tagName": "@link",
          "syntaxKind": "inline",
          "allowMultiple": true
        },
        {
          "tagName": "@override",
          "syntaxKind": "modifier"
        },
        {
          "tagName": "@packageDocumentation",
          "syntaxKind": "modifier"
        },
        {
          "tagName": "@param",
          "syntaxKind": "block",
          "allowMultiple": true
        },
        {
          "tagName": "@privateRemarks",
          "syntaxKind": "block"
        },
        {
          "tagName": "@public",
          "syntaxKind": "modifier"
        },
        {
          "tagName": "@readonly",
          "syntaxKind": "modifier"
        },
        {
          "tagName": "@remarks",
          "syntaxKind": "block"
        },
        {
          "tagName": "@returns",
          "syntaxKind": "block"
        },
        {
          "tagName": "@sealed",
          "syntaxKind": "modifier"
        },
        {
          "tagName": "@see",
          "syntaxKind": "block"
        },
        {
          "tagName": "@throws",
          "syntaxKind": "block",
          "allowMultiple": true
        },
        {
          "tagName": "@typeParam",
          "syntaxKind": "block",
          "allowMultiple": true
        },
        {
          "tagName": "@virtual",
          "syntaxKind": "modifier"
        },
        {
          "tagName": "@betaDocumentation",
          "syntaxKind": "modifier"
        },
        {
          "tagName": "@internalRemarks",
          "syntaxKind": "block"
        },
        {
          "tagName": "@preapproved",
          "syntaxKind": "modifier"
        }
      ],
      "supportForTags": {
        "@alpha": true,
        "@beta": true,
        "@defaultValue": true,
        "@decorator": true,
        "@deprecated": true,
        "@eventProperty": true,
        "@example": true,
        "@experimental": true,
        "@inheritDoc": true,
        "@internal": true,
        "@label": true,
        "@link": true,
        "@override": true,
        "@packageDocumentation": true,
        "@param": true,
        "@privateRemarks": true,
        "@public": true,
        "@readonly": true,
        "@remarks": true,
        "@returns": true,
        "@sealed": true,
        "@see": true,
        "@throws": true,
        "@typeParam": true,
        "@virtual": true,
        "@betaDocumentation": true,
        "@internalRemarks": true,
        "@preapproved": true
      }
    }
  },
  "kind": "Package",
  "canonicalReference": "@spartacus/cart_import-export_core!",
  "docComment": "",
  "name": "@spartacus/cart_import-export_core",
  "members": [
    {
      "kind": "EntryPoint",
      "canonicalReference": "@spartacus/cart_import-export_core!",
      "name": "",
      "members": [
        {
          "kind": "Interface",
          "canonicalReference": "@spartacus/cart_import-export_core!CartNameGeneration:interface",
          "docComment": "/**\n * Specifies cart name generation details.\n */\n",
          "excerptTokens": [
            {
              "kind": "Content",
              "text": "export interface CartNameGeneration "
            }
          ],
          "releaseTag": "Public",
          "name": "CartNameGeneration",
          "members": [
            {
              "kind": "PropertySignature",
              "canonicalReference": "@spartacus/cart_import-export_core!CartNameGeneration#fromDateOptions:member",
              "docComment": "",
              "excerptTokens": [
                {
                  "kind": "Content",
                  "text": "fromDateOptions?: "
                },
                {
                  "kind": "Content",
                  "text": "{\n        prefix?: string;\n        suffix?: string;\n        mask?: string;\n    }"
                },
                {
                  "kind": "Content",
                  "text": ";"
                }
              ],
              "isOptional": true,
              "releaseTag": "Public",
              "name": "fromDateOptions",
              "propertyTypeTokenRange": {
                "startIndex": 1,
                "endIndex": 2
              }
            },
            {
              "kind": "PropertySignature",
              "canonicalReference": "@spartacus/cart_import-export_core!CartNameGeneration#source:member",
              "docComment": "/**\n * If `source` is set as `DATE_TIME`, it means that by default new saved cart name will be set as current date according to `fromDateOptions` property.\n */\n",
              "excerptTokens": [
                {
                  "kind": "Content",
                  "text": "source?: "
                },
                {
                  "kind": "Reference",
                  "text": "CartNameSource",
                  "canonicalReference": "@spartacus/cart_import-export_core!CartNameSource:enum"
                },
                {
                  "kind": "Content",
                  "text": ";"
                }
              ],
              "isOptional": true,
              "releaseTag": "Public",
              "name": "source",
              "propertyTypeTokenRange": {
                "startIndex": 1,
                "endIndex": 2
              }
            }
          ],
          "extendsTokenRanges": []
        },
        {
          "kind": "Enum",
          "canonicalReference": "@spartacus/cart_import-export_core!CartNameSource:enum",
          "docComment": "/**\n * Indicates from which source the new saved cart name should be taken.\n */\n",
          "excerptTokens": [
            {
              "kind": "Content",
              "text": "export declare enum CartNameSource "
            }
          ],
          "releaseTag": "Public",
          "name": "CartNameSource",
          "members": [
            {
              "kind": "EnumMember",
              "canonicalReference": "@spartacus/cart_import-export_core!CartNameSource.DATE_TIME:member",
              "docComment": "",
              "excerptTokens": [
                {
                  "kind": "Content",
                  "text": "DATE_TIME = "
                },
                {
                  "kind": "Content",
                  "text": "\"dateTime\""
                }
              ],
              "releaseTag": "Public",
              "name": "DATE_TIME",
              "initializerTokenRange": {
                "startIndex": 1,
                "endIndex": 2
              }
            },
            {
              "kind": "EnumMember",
              "canonicalReference": "@spartacus/cart_import-export_core!CartNameSource.FILE_NAME:member",
              "docComment": "",
              "excerptTokens": [
                {
                  "kind": "Content",
                  "text": "FILE_NAME = "
                },
                {
                  "kind": "Content",
                  "text": "\"fileName\""
                }
              ],
              "releaseTag": "Public",
              "name": "FILE_NAME",
              "initializerTokenRange": {
                "startIndex": 1,
                "endIndex": 2
              }
            }
          ]
        },
        {
          "kind": "Variable",
          "canonicalReference": "@spartacus/cart_import-export_core!defaultImportExportConfig:var",
          "docComment": "",
          "excerptTokens": [
            {
              "kind": "Content",
              "text": "defaultImportExportConfig: "
            },
            {
              "kind": "Reference",
              "text": "ImportExportConfig",
              "canonicalReference": "@spartacus/cart_import-export_core!ImportExportConfig:class"
            }
          ],
          "releaseTag": "Public",
          "name": "defaultImportExportConfig",
          "variableTypeTokenRange": {
            "startIndex": 1,
            "endIndex": 2
          }
        },
        {
          "kind": "Interface",
          "canonicalReference": "@spartacus/cart_import-export_core!ExportColumn:interface",
          "docComment": "",
          "excerptTokens": [
            {
              "kind": "Content",
              "text": "export interface ExportColumn "
            }
          ],
          "releaseTag": "Public",
          "name": "ExportColumn",
          "members": [
            {
              "kind": "PropertySignature",
              "canonicalReference": "@spartacus/cart_import-export_core!ExportColumn#name:member",
              "docComment": "/**\n * `Translatable` object used to translate column heading to the language currently set in a storefront. If `key` value was provided it also requires to have a representation in trasnlation file.\n */\n",
              "excerptTokens": [
                {
                  "kind": "Content",
                  "text": "name: "
                },
                {
                  "kind": "Reference",
                  "text": "Translatable",
                  "canonicalReference": "@spartacus/cart_import-export_core!Translatable:interface"
                },
                {
                  "kind": "Content",
                  "text": ";"
                }
              ],
              "isOptional": false,
              "releaseTag": "Public",
              "name": "name",
              "propertyTypeTokenRange": {
                "startIndex": 1,
                "endIndex": 2
              }
            },
            {
              "kind": "PropertySignature",
              "canonicalReference": "@spartacus/cart_import-export_core!ExportColumn#value:member",
              "docComment": "/**\n * Dot notation string which refers to specified `OrderEntry` attribute.\n */\n",
              "excerptTokens": [
                {
                  "kind": "Content",
                  "text": "value: "
                },
                {
                  "kind": "Content",
                  "text": "string"
                },
                {
                  "kind": "Content",
                  "text": ";"
                }
              ],
              "isOptional": false,
              "releaseTag": "Public",
              "name": "value",
              "propertyTypeTokenRange": {
                "startIndex": 1,
                "endIndex": 2
              }
            }
          ],
          "extendsTokenRanges": []
        },
        {
          "kind": "Interface",
          "canonicalReference": "@spartacus/cart_import-export_core!ExportConfig:interface",
          "docComment": "",
          "excerptTokens": [
            {
              "kind": "Content",
              "text": "export interface ExportConfig "
            }
          ],
          "releaseTag": "Public",
          "name": "ExportConfig",
          "members": [
            {
              "kind": "PropertySignature",
              "canonicalReference": "@spartacus/cart_import-export_core!ExportConfig#additionalColumns:member",
              "docComment": "/**\n * Specifies which columns besides code and quantity can be exported to CSV file.\n */\n",
              "excerptTokens": [
                {
                  "kind": "Content",
                  "text": "additionalColumns?: "
                },
                {
                  "kind": "Reference",
                  "text": "ExportColumn",
                  "canonicalReference": "@spartacus/cart_import-export_core!ExportColumn:interface"
                },
                {
                  "kind": "Content",
                  "text": "[]"
                },
                {
                  "kind": "Content",
                  "text": ";"
                }
              ],
              "isOptional": true,
              "releaseTag": "Public",
              "name": "additionalColumns",
              "propertyTypeTokenRange": {
                "startIndex": 1,
                "endIndex": 3
              }
            },
            {
              "kind": "PropertySignature",
              "canonicalReference": "@spartacus/cart_import-export_core!ExportConfig#downloadDelay:member",
              "docComment": "/**\n * Property dedicated to delay download starting process.\n */\n",
              "excerptTokens": [
                {
                  "kind": "Content",
                  "text": "downloadDelay?: "
                },
                {
                  "kind": "Content",
                  "text": "number"
                },
                {
                  "kind": "Content",
                  "text": ";"
                }
              ],
              "isOptional": true,
              "releaseTag": "Public",
              "name": "downloadDelay",
              "propertyTypeTokenRange": {
                "startIndex": 1,
                "endIndex": 2
              }
            },
            {
              "kind": "PropertySignature",
              "canonicalReference": "@spartacus/cart_import-export_core!ExportConfig#fileOptions:member",
              "docComment": "/**\n * Metadata for exported file.\n */\n",
              "excerptTokens": [
                {
                  "kind": "Content",
                  "text": "fileOptions: "
                },
                {
                  "kind": "Reference",
                  "text": "ExportFileOptions",
                  "canonicalReference": "@spartacus/cart_import-export_core!ExportFileOptions:interface"
                },
                {
                  "kind": "Content",
                  "text": ";"
                }
              ],
              "isOptional": false,
              "releaseTag": "Public",
              "name": "fileOptions",
              "propertyTypeTokenRange": {
                "startIndex": 1,
                "endIndex": 2
              }
            },
            {
              "kind": "PropertySignature",
              "canonicalReference": "@spartacus/cart_import-export_core!ExportConfig#maxEntries:member",
              "docComment": "/**\n * Determines entries limit in exported CSV file.\n */\n",
              "excerptTokens": [
                {
                  "kind": "Content",
                  "text": "maxEntries?: "
                },
                {
                  "kind": "Content",
                  "text": "number"
                },
                {
                  "kind": "Content",
                  "text": ";"
                }
              ],
              "isOptional": true,
              "releaseTag": "Public",
              "name": "maxEntries",
              "propertyTypeTokenRange": {
                "startIndex": 1,
                "endIndex": 2
              }
            },
            {
              "kind": "PropertySignature",
              "canonicalReference": "@spartacus/cart_import-export_core!ExportConfig#messageEnabled:member",
              "docComment": "/**\n * Flag used to determine if message informing about download starting proccess should be visible to user.\n */\n",
              "excerptTokens": [
                {
                  "kind": "Content",
                  "text": "messageEnabled?: "
                },
                {
                  "kind": "Content",
                  "text": "boolean"
                },
                {
                  "kind": "Content",
                  "text": ";"
                }
              ],
              "isOptional": true,
              "releaseTag": "Public",
              "name": "messageEnabled",
              "propertyTypeTokenRange": {
                "startIndex": 1,
                "endIndex": 2
              }
            }
          ],
          "extendsTokenRanges": []
        },
        {
          "kind": "Interface",
          "canonicalReference": "@spartacus/cart_import-export_core!FileValidity:interface",
          "docComment": "/**\n * Allows to specify file validation attributes.\n */\n",
          "excerptTokens": [
            {
              "kind": "Content",
              "text": "export interface FileValidity "
            }
          ],
          "releaseTag": "Public",
          "name": "FileValidity",
          "members": [
            {
              "kind": "PropertySignature",
              "canonicalReference": "@spartacus/cart_import-export_core!FileValidity#allowedTypes:member",
              "docComment": "/**\n * String array with file types/extensions allowed for import.\n */\n",
              "excerptTokens": [
                {
                  "kind": "Content",
                  "text": "allowedTypes?: "
                },
                {
                  "kind": "Content",
                  "text": "string[]"
                },
                {
                  "kind": "Content",
                  "text": ";"
                }
              ],
              "isOptional": true,
              "releaseTag": "Public",
              "name": "allowedTypes",
              "propertyTypeTokenRange": {
                "startIndex": 1,
                "endIndex": 2
              }
            },
            {
              "kind": "PropertySignature",
              "canonicalReference": "@spartacus/cart_import-export_core!FileValidity#maxEntries:member",
              "docComment": "/**\n * Maximum number for imported entries per place specified as key from `OrderEntriesSource`.\n */\n",
              "excerptTokens": [
                {
                  "kind": "Content",
                  "text": "maxEntries?: "
                },
                {
                  "kind": "Content",
                  "text": "{\n        [key in "
                },
                {
                  "kind": "Reference",
                  "text": "OrderEntriesSource",
                  "canonicalReference": "@spartacus/cart_import-export_core!OrderEntriesSource:enum"
                },
                {
                  "kind": "Content",
                  "text": "]?: number;\n    }"
                },
                {
                  "kind": "Content",
                  "text": ";"
                }
              ],
              "isOptional": true,
              "releaseTag": "Public",
              "name": "maxEntries",
              "propertyTypeTokenRange": {
                "startIndex": 1,
                "endIndex": 4
              }
            },
            {
              "kind": "PropertySignature",
              "canonicalReference": "@spartacus/cart_import-export_core!FileValidity#maxSize:member",
              "docComment": "/**\n * Maximum imported file size in megabytes.\n */\n",
              "excerptTokens": [
                {
                  "kind": "Content",
                  "text": "maxSize?: "
                },
                {
                  "kind": "Content",
                  "text": "number"
                },
                {
                  "kind": "Content",
                  "text": ";"
                }
              ],
              "isOptional": true,
              "releaseTag": "Public",
              "name": "maxSize",
              "propertyTypeTokenRange": {
                "startIndex": 1,
                "endIndex": 2
              }
            }
          ],
          "extendsTokenRanges": []
        },
        {
          "kind": "Interface",
          "canonicalReference": "@spartacus/cart_import-export_core!ImportConfig:interface",
          "docComment": "/**\n * Interface for import config.\n */\n",
          "excerptTokens": [
            {
              "kind": "Content",
              "text": "export interface ImportConfig "
            }
          ],
          "releaseTag": "Public",
          "name": "ImportConfig",
          "members": [
            {
              "kind": "PropertySignature",
              "canonicalReference": "@spartacus/cart_import-export_core!ImportConfig#cartNameGeneration:member",
              "docComment": "",
              "excerptTokens": [
                {
                  "kind": "Content",
                  "text": "cartNameGeneration?: "
                },
                {
                  "kind": "Reference",
                  "text": "CartNameGeneration",
                  "canonicalReference": "@spartacus/cart_import-export_core!CartNameGeneration:interface"
                },
                {
                  "kind": "Content",
                  "text": ";"
                }
              ],
              "isOptional": true,
              "releaseTag": "Public",
              "name": "cartNameGeneration",
              "propertyTypeTokenRange": {
                "startIndex": 1,
                "endIndex": 2
              }
            },
            {
              "kind": "PropertySignature",
              "canonicalReference": "@spartacus/cart_import-export_core!ImportConfig#fileValidity:member",
              "docComment": "",
              "excerptTokens": [
                {
                  "kind": "Content",
                  "text": "fileValidity?: "
                },
                {
                  "kind": "Reference",
                  "text": "FileValidity",
                  "canonicalReference": "@spartacus/cart_import-export_core!FileValidity:interface"
                },
                {
                  "kind": "Content",
                  "text": ";"
                }
              ],
              "isOptional": true,
              "releaseTag": "Public",
              "name": "fileValidity",
              "propertyTypeTokenRange": {
                "startIndex": 1,
                "endIndex": 2
              }
            }
          ],
          "extendsTokenRanges": []
        },
        {
          "kind": "Class",
          "canonicalReference": "@spartacus/cart_import-export_core!ImportExportConfig:class",
          "docComment": "",
          "excerptTokens": [
            {
              "kind": "Content",
              "text": "export declare abstract class ImportExportConfig "
            }
          ],
          "releaseTag": "Public",
          "name": "ImportExportConfig",
          "members": [
            {
              "kind": "Property",
              "canonicalReference": "@spartacus/cart_import-export_core!ImportExportConfig#cartImportExport:member",
              "docComment": "",
              "excerptTokens": [
                {
                  "kind": "Content",
                  "text": "cartImportExport?: "
                },
                {
                  "kind": "Content",
                  "text": "{\n        file: {\n            separator: string;\n        };\n        import?: "
                },
                {
                  "kind": "Reference",
                  "text": "ImportConfig",
                  "canonicalReference": "@spartacus/cart_import-export_core!ImportConfig:interface"
                },
                {
                  "kind": "Content",
                  "text": ";\n        export: "
                },
                {
                  "kind": "Reference",
                  "text": "ExportConfig",
                  "canonicalReference": "@spartacus/cart_import-export_core!ExportConfig:interface"
                },
                {
                  "kind": "Content",
                  "text": ";\n    }"
                },
                {
                  "kind": "Content",
                  "text": ";"
                }
              ],
              "isOptional": true,
              "releaseTag": "Public",
              "name": "cartImportExport",
              "propertyTypeTokenRange": {
                "startIndex": 1,
                "endIndex": 6
              },
              "isStatic": false
            },
            {
              "kind": "Property",
              "canonicalReference": "@spartacus/cart_import-export_core!ImportExportConfig.ɵfac:member",
              "docComment": "",
              "excerptTokens": [
                {
                  "kind": "Content",
                  "text": "static ɵfac: "
                },
                {
                  "kind": "Content",
                  "text": "i0."
                },
                {
                  "kind": "Reference",
                  "text": "ɵɵFactoryDeclaration",
                  "canonicalReference": "@angular/core!ɵɵFactoryDeclaration:type"
                },
                {
                  "kind": "Content",
                  "text": "<"
                },
                {
                  "kind": "Reference",
                  "text": "ImportExportConfig",
                  "canonicalReference": "@spartacus/cart_import-export_core!ImportExportConfig:class"
                },
                {
                  "kind": "Content",
                  "text": ", never>"
                },
                {
                  "kind": "Content",
                  "text": ";"
                }
              ],
              "isOptional": false,
              "releaseTag": "Public",
              "name": "ɵfac",
              "propertyTypeTokenRange": {
                "startIndex": 1,
                "endIndex": 6
              },
              "isStatic": true
            },
            {
              "kind": "Property",
              "canonicalReference": "@spartacus/cart_import-export_core!ImportExportConfig.ɵprov:member",
              "docComment": "",
              "excerptTokens": [
                {
                  "kind": "Content",
                  "text": "static ɵprov: "
                },
                {
                  "kind": "Content",
                  "text": "i0."
                },
                {
                  "kind": "Reference",
                  "text": "ɵɵInjectableDeclaration",
                  "canonicalReference": "@angular/core!ɵɵInjectableDeclaration:interface"
                },
                {
                  "kind": "Content",
                  "text": "<"
                },
                {
                  "kind": "Reference",
                  "text": "ImportExportConfig",
                  "canonicalReference": "@spartacus/cart_import-export_core!ImportExportConfig:class"
                },
                {
                  "kind": "Content",
                  "text": ">"
                },
                {
                  "kind": "Content",
                  "text": ";"
                }
              ],
              "isOptional": false,
              "releaseTag": "Public",
              "name": "ɵprov",
              "propertyTypeTokenRange": {
                "startIndex": 1,
                "endIndex": 6
              },
              "isStatic": true
            }
          ],
          "implementsTokenRanges": []
        },
        {
          "kind": "Class",
          "canonicalReference": "@spartacus/cart_import-export_core!ImportExportCoreModule:class",
          "docComment": "",
          "excerptTokens": [
            {
              "kind": "Content",
              "text": "export declare class ImportExportCoreModule "
            }
          ],
          "releaseTag": "Public",
          "name": "ImportExportCoreModule",
          "members": [
            {
              "kind": "Method",
              "canonicalReference": "@spartacus/cart_import-export_core!ImportExportCoreModule.forRoot:member(1)",
              "docComment": "",
              "excerptTokens": [
                {
                  "kind": "Content",
                  "text": "static forRoot(): "
                },
                {
                  "kind": "Reference",
                  "text": "ModuleWithProviders",
                  "canonicalReference": "@angular/core!ModuleWithProviders:interface"
                },
                {
                  "kind": "Content",
                  "text": "<"
                },
                {
                  "kind": "Reference",
                  "text": "ImportExportCoreModule",
                  "canonicalReference": "@spartacus/cart_import-export_core!ImportExportCoreModule:class"
                },
                {
                  "kind": "Content",
                  "text": ">"
                },
                {
                  "kind": "Content",
                  "text": ";"
                }
              ],
              "isOptional": false,
              "isStatic": true,
              "returnTypeTokenRange": {
                "startIndex": 1,
                "endIndex": 5
              },
              "releaseTag": "Public",
              "overloadIndex": 1,
              "parameters": [],
              "name": "forRoot"
            },
            {
              "kind": "Property",
              "canonicalReference": "@spartacus/cart_import-export_core!ImportExportCoreModule.ɵfac:member",
              "docComment": "",
              "excerptTokens": [
                {
                  "kind": "Content",
                  "text": "static ɵfac: "
                },
                {
                  "kind": "Content",
                  "text": "i0."
                },
                {
                  "kind": "Reference",
                  "text": "ɵɵFactoryDeclaration",
                  "canonicalReference": "@angular/core!ɵɵFactoryDeclaration:type"
                },
                {
                  "kind": "Content",
                  "text": "<"
                },
                {
                  "kind": "Reference",
                  "text": "ImportExportCoreModule",
                  "canonicalReference": "@spartacus/cart_import-export_core!ImportExportCoreModule:class"
                },
                {
                  "kind": "Content",
                  "text": ", never>"
                },
                {
                  "kind": "Content",
                  "text": ";"
                }
              ],
              "isOptional": false,
              "releaseTag": "Public",
              "name": "ɵfac",
              "propertyTypeTokenRange": {
                "startIndex": 1,
                "endIndex": 6
              },
              "isStatic": true
            },
            {
              "kind": "Property",
              "canonicalReference": "@spartacus/cart_import-export_core!ImportExportCoreModule.ɵinj:member",
              "docComment": "",
              "excerptTokens": [
                {
                  "kind": "Content",
                  "text": "static ɵinj: "
                },
                {
                  "kind": "Content",
                  "text": "i0."
                },
                {
                  "kind": "Reference",
                  "text": "ɵɵInjectorDeclaration",
                  "canonicalReference": "@angular/core!ɵɵInjectorDeclaration:type"
                },
                {
                  "kind": "Content",
                  "text": "<"
                },
                {
                  "kind": "Reference",
                  "text": "ImportExportCoreModule",
                  "canonicalReference": "@spartacus/cart_import-export_core!ImportExportCoreModule:class"
                },
                {
                  "kind": "Content",
                  "text": ">"
                },
                {
                  "kind": "Content",
                  "text": ";"
                }
              ],
              "isOptional": false,
              "releaseTag": "Public",
              "name": "ɵinj",
              "propertyTypeTokenRange": {
                "startIndex": 1,
                "endIndex": 6
              },
              "isStatic": true
            },
            {
              "kind": "Property",
              "canonicalReference": "@spartacus/cart_import-export_core!ImportExportCoreModule.ɵmod:member",
              "docComment": "",
              "excerptTokens": [
                {
                  "kind": "Content",
                  "text": "static ɵmod: "
                },
                {
                  "kind": "Content",
                  "text": "i0."
                },
                {
                  "kind": "Reference",
                  "text": "ɵɵNgModuleDeclaration",
                  "canonicalReference": "@angular/core!ɵɵNgModuleDeclaration:type"
                },
                {
                  "kind": "Content",
                  "text": "<"
                },
                {
                  "kind": "Reference",
                  "text": "ImportExportCoreModule",
                  "canonicalReference": "@spartacus/cart_import-export_core!ImportExportCoreModule:class"
                },
                {
                  "kind": "Content",
                  "text": ", never, never, never>"
                },
                {
                  "kind": "Content",
                  "text": ";"
                }
              ],
              "isOptional": false,
              "releaseTag": "Public",
              "name": "ɵmod",
              "propertyTypeTokenRange": {
                "startIndex": 1,
                "endIndex": 6
              },
              "isStatic": true
            }
          ],
          "implementsTokenRanges": []
        }
      ]
    }
  ]
}
