{
  "metadata": {
    "toolPackage": "@microsoft/api-extractor",
    "toolVersion": "7.19.4",
    "schemaVersion": 1004,
    "oldestForwardsCompatibleVersion": 1001,
    "tsdocConfig": {
      "$schema": "https://developer.microsoft.com/json-schemas/tsdoc/v0/tsdoc.schema.json",
      "noStandardTags": true,
      "tagDefinitions": [
        {
          "tagName": "@alpha",
          "syntaxKind": "modifier"
        },
        {
          "tagName": "@beta",
          "syntaxKind": "modifier"
        },
        {
          "tagName": "@defaultValue",
          "syntaxKind": "block"
        },
        {
          "tagName": "@decorator",
          "syntaxKind": "block",
          "allowMultiple": true
        },
        {
          "tagName": "@deprecated",
          "syntaxKind": "block"
        },
        {
          "tagName": "@eventProperty",
          "syntaxKind": "modifier"
        },
        {
          "tagName": "@example",
          "syntaxKind": "block",
          "allowMultiple": true
        },
        {
          "tagName": "@experimental",
          "syntaxKind": "modifier"
        },
        {
          "tagName": "@inheritDoc",
          "syntaxKind": "inline"
        },
        {
          "tagName": "@internal",
          "syntaxKind": "modifier"
        },
        {
          "tagName": "@label",
          "syntaxKind": "inline"
        },
        {
          "tagName": "@link",
          "syntaxKind": "inline",
          "allowMultiple": true
        },
        {
          "tagName": "@override",
          "syntaxKind": "modifier"
        },
        {
          "tagName": "@packageDocumentation",
          "syntaxKind": "modifier"
        },
        {
          "tagName": "@param",
          "syntaxKind": "block",
          "allowMultiple": true
        },
        {
          "tagName": "@privateRemarks",
          "syntaxKind": "block"
        },
        {
          "tagName": "@public",
          "syntaxKind": "modifier"
        },
        {
          "tagName": "@readonly",
          "syntaxKind": "modifier"
        },
        {
          "tagName": "@remarks",
          "syntaxKind": "block"
        },
        {
          "tagName": "@returns",
          "syntaxKind": "block"
        },
        {
          "tagName": "@sealed",
          "syntaxKind": "modifier"
        },
        {
          "tagName": "@see",
          "syntaxKind": "block"
        },
        {
          "tagName": "@throws",
          "syntaxKind": "block",
          "allowMultiple": true
        },
        {
          "tagName": "@typeParam",
          "syntaxKind": "block",
          "allowMultiple": true
        },
        {
          "tagName": "@virtual",
          "syntaxKind": "modifier"
        },
        {
          "tagName": "@betaDocumentation",
          "syntaxKind": "modifier"
        },
        {
          "tagName": "@internalRemarks",
          "syntaxKind": "block"
        },
        {
          "tagName": "@preapproved",
          "syntaxKind": "modifier"
        }
      ],
      "supportForTags": {
        "@alpha": true,
        "@beta": true,
        "@defaultValue": true,
        "@decorator": true,
        "@deprecated": true,
        "@eventProperty": true,
        "@example": true,
        "@experimental": true,
        "@inheritDoc": true,
        "@internal": true,
        "@label": true,
        "@link": true,
        "@override": true,
        "@packageDocumentation": true,
        "@param": true,
        "@privateRemarks": true,
        "@public": true,
        "@readonly": true,
        "@remarks": true,
        "@returns": true,
        "@sealed": true,
        "@see": true,
        "@throws": true,
        "@typeParam": true,
        "@virtual": true,
        "@betaDocumentation": true,
        "@internalRemarks": true,
        "@preapproved": true
      }
    }
  },
  "kind": "Package",
  "canonicalReference": "@spartacus/cart_quick-order_root!",
  "docComment": "",
  "name": "@spartacus/cart_quick-order_root",
  "members": [
    {
      "kind": "EntryPoint",
      "canonicalReference": "@spartacus/cart_quick-order_root!",
      "name": "",
      "members": [
        {
          "kind": "Variable",
          "canonicalReference": "@spartacus/cart_quick-order_root!CART_QUICK_ORDER_CORE_FEATURE:var",
          "docComment": "",
          "excerptTokens": [
            {
              "kind": "Content",
              "text": "CART_QUICK_ORDER_CORE_FEATURE = \"cartQuickOrderCore\""
            }
          ],
          "releaseTag": "Public",
          "name": "CART_QUICK_ORDER_CORE_FEATURE",
          "variableTypeTokenRange": {
            "startIndex": 0,
            "endIndex": 0
          }
        },
        {
          "kind": "Variable",
          "canonicalReference": "@spartacus/cart_quick-order_root!CART_QUICK_ORDER_FEATURE:var",
          "docComment": "",
          "excerptTokens": [
            {
              "kind": "Content",
              "text": "CART_QUICK_ORDER_FEATURE = \"cartQuickOrder\""
            }
          ],
          "releaseTag": "Public",
          "name": "CART_QUICK_ORDER_FEATURE",
          "variableTypeTokenRange": {
            "startIndex": 0,
            "endIndex": 0
          }
        },
        {
          "kind": "Function",
          "canonicalReference": "@spartacus/cart_quick-order_root!defaultQuickOrderComponentsConfig:function(1)",
          "docComment": "",
          "excerptTokens": [
            {
              "kind": "Content",
              "text": "export declare function defaultQuickOrderComponentsConfig(): "
            },
            {
              "kind": "Content",
              "text": "{\n    featureModules: {\n        cartQuickOrder: {\n            cmsComponents: string[];\n        };\n        cartQuickOrderCore: string;\n    };\n}"
            },
            {
              "kind": "Content",
              "text": ";"
            }
          ],
          "returnTypeTokenRange": {
            "startIndex": 1,
            "endIndex": 2
          },
          "releaseTag": "Public",
          "overloadIndex": 1,
          "parameters": [],
          "name": "defaultQuickOrderComponentsConfig"
        },
        {
          "kind": "Variable",
          "canonicalReference": "@spartacus/cart_quick-order_root!defaultQuickOrderConfig:var",
          "docComment": "",
          "excerptTokens": [
            {
              "kind": "Content",
              "text": "defaultQuickOrderConfig: "
            },
            {
              "kind": "Reference",
              "text": "QuickOrderConfig",
              "canonicalReference": "@spartacus/cart_quick-order_root!QuickOrderConfig:class"
            }
          ],
          "releaseTag": "Public",
          "name": "defaultQuickOrderConfig",
          "variableTypeTokenRange": {
            "startIndex": 1,
            "endIndex": 2
          }
        },
        {
          "kind": "Variable",
          "canonicalReference": "@spartacus/cart_quick-order_root!defaultQuickOrderRoutingConfig:var",
          "docComment": "",
          "excerptTokens": [
            {
              "kind": "Content",
              "text": "defaultQuickOrderRoutingConfig: "
            },
            {
              "kind": "Reference",
              "text": "RoutingConfig",
              "canonicalReference": "@spartacus/cart_quick-order_root!RoutingConfig:class"
            }
          ],
          "releaseTag": "Public",
          "name": "defaultQuickOrderRoutingConfig",
          "variableTypeTokenRange": {
            "startIndex": 1,
            "endIndex": 2
          }
        },
        {
          "kind": "TypeAlias",
          "canonicalReference": "@spartacus/cart_quick-order_root!QuickOrderAddEntryEvent:type",
          "docComment": "",
          "excerptTokens": [
            {
              "kind": "Content",
              "text": "export declare type QuickOrderAddEntryEvent = "
            },
            {
              "kind": "Content",
              "text": "{\n    productCode: string;\n    entry?: "
            },
            {
              "kind": "Reference",
              "text": "OrderEntry",
              "canonicalReference": "@spartacus/cart_quick-order_root!OrderEntry:interface"
            },
            {
              "kind": "Content",
              "text": ";\n    quantityAdded?: number;\n    quantity: number;\n    error?: "
            },
            {
              "kind": "Reference",
              "text": "HttpErrorModel",
              "canonicalReference": "@spartacus/cart_quick-order_root!HttpErrorModel:class"
            },
            {
              "kind": "Content",
              "text": ";\n}"
            },
            {
              "kind": "Content",
              "text": ";"
            }
          ],
          "releaseTag": "Public",
          "name": "QuickOrderAddEntryEvent",
          "typeTokenRange": {
            "startIndex": 1,
            "endIndex": 6
          }
        },
        {
          "kind": "Class",
          "canonicalReference": "@spartacus/cart_quick-order_root!QuickOrderConfig:class",
          "docComment": "",
          "excerptTokens": [
            {
              "kind": "Content",
              "text": "export declare abstract class QuickOrderConfig "
            }
          ],
          "releaseTag": "Public",
          "name": "QuickOrderConfig",
          "members": [
            {
              "kind": "Property",
              "canonicalReference": "@spartacus/cart_quick-order_root!QuickOrderConfig.ɵfac:member",
              "docComment": "",
              "excerptTokens": [
                {
                  "kind": "Content",
                  "text": "static ɵfac: "
                },
                {
                  "kind": "Content",
                  "text": "i0."
                },
                {
                  "kind": "Reference",
                  "text": "ɵɵFactoryDeclaration",
                  "canonicalReference": "@angular/core!ɵɵFactoryDeclaration:type"
                },
                {
                  "kind": "Content",
                  "text": "<"
                },
                {
                  "kind": "Reference",
                  "text": "QuickOrderConfig",
                  "canonicalReference": "@spartacus/cart_quick-order_root!QuickOrderConfig:class"
                },
                {
                  "kind": "Content",
                  "text": ", never>"
                },
                {
                  "kind": "Content",
                  "text": ";"
                }
              ],
              "isOptional": false,
              "releaseTag": "Public",
              "name": "ɵfac",
              "propertyTypeTokenRange": {
                "startIndex": 1,
                "endIndex": 6
              },
              "isStatic": true
            },
            {
              "kind": "Property",
              "canonicalReference": "@spartacus/cart_quick-order_root!QuickOrderConfig.ɵprov:member",
              "docComment": "",
              "excerptTokens": [
                {
                  "kind": "Content",
                  "text": "static ɵprov: "
                },
                {
                  "kind": "Content",
                  "text": "i0."
                },
                {
                  "kind": "Reference",
                  "text": "ɵɵInjectableDeclaration",
                  "canonicalReference": "@angular/core!ɵɵInjectableDeclaration:interface"
                },
                {
                  "kind": "Content",
                  "text": "<"
                },
                {
                  "kind": "Reference",
                  "text": "QuickOrderConfig",
                  "canonicalReference": "@spartacus/cart_quick-order_root!QuickOrderConfig:class"
                },
                {
                  "kind": "Content",
                  "text": ">"
                },
                {
                  "kind": "Content",
                  "text": ";"
                }
              ],
              "isOptional": false,
              "releaseTag": "Public",
              "name": "ɵprov",
              "propertyTypeTokenRange": {
                "startIndex": 1,
                "endIndex": 6
              },
              "isStatic": true
            },
            {
              "kind": "Property",
              "canonicalReference": "@spartacus/cart_quick-order_root!QuickOrderConfig#quickOrder:member",
              "docComment": "",
              "excerptTokens": [
                {
                  "kind": "Content",
                  "text": "quickOrder?: "
                },
                {
                  "kind": "Content",
                  "text": "{\n        searchForm?: {\n            displayProductImages: boolean;\n            maxProducts: number;\n            minCharactersBeforeRequest: number;\n        };\n    }"
                },
                {
                  "kind": "Content",
                  "text": ";"
                }
              ],
              "isOptional": true,
              "releaseTag": "Public",
              "name": "quickOrder",
              "propertyTypeTokenRange": {
                "startIndex": 1,
                "endIndex": 2
              },
              "isStatic": false
            }
          ],
          "implementsTokenRanges": []
        },
        {
          "kind": "Class",
          "canonicalReference": "@spartacus/cart_quick-order_root!QuickOrderFacade:class",
          "docComment": "",
          "excerptTokens": [
            {
              "kind": "Content",
              "text": "export declare abstract class QuickOrderFacade "
            }
          ],
          "releaseTag": "Public",
          "name": "QuickOrderFacade",
          "members": [
            {
              "kind": "Method",
              "canonicalReference": "@spartacus/cart_quick-order_root!QuickOrderFacade#addProduct:member(1)",
              "docComment": "/**\n * Add product to the quick order list\n */\n",
              "excerptTokens": [
                {
                  "kind": "Content",
                  "text": "abstract addProduct(product: "
                },
                {
                  "kind": "Reference",
                  "text": "Product",
                  "canonicalReference": "@spartacus/cart_quick-order_root!Product:interface"
                },
                {
                  "kind": "Content",
                  "text": ", quantity?: "
                },
                {
                  "kind": "Content",
                  "text": "number"
                },
                {
                  "kind": "Content",
                  "text": "): "
                },
                {
                  "kind": "Content",
                  "text": "void"
                },
                {
                  "kind": "Content",
                  "text": ";"
                }
              ],
              "isOptional": false,
              "isStatic": false,
              "returnTypeTokenRange": {
                "startIndex": 5,
                "endIndex": 6
              },
              "releaseTag": "Public",
              "overloadIndex": 1,
              "parameters": [
                {
                  "parameterName": "product",
                  "parameterTypeTokenRange": {
                    "startIndex": 1,
                    "endIndex": 2
                  }
                },
                {
                  "parameterName": "quantity",
                  "parameterTypeTokenRange": {
                    "startIndex": 3,
                    "endIndex": 4
                  }
                }
              ],
              "name": "addProduct"
            },
            {
              "kind": "Method",
              "canonicalReference": "@spartacus/cart_quick-order_root!QuickOrderFacade#addToCart:member(1)",
              "docComment": "/**\n * Adding to cart all products from the list\n */\n",
              "excerptTokens": [
                {
                  "kind": "Content",
                  "text": "abstract addToCart(): "
                },
                {
                  "kind": "Reference",
                  "text": "Observable",
                  "canonicalReference": "rxjs!Observable:class"
                },
                {
                  "kind": "Content",
                  "text": "<["
                },
                {
                  "kind": "Reference",
                  "text": "OrderEntry",
                  "canonicalReference": "@spartacus/cart_quick-order_root!OrderEntry:interface"
                },
                {
                  "kind": "Content",
                  "text": "[], "
                },
                {
                  "kind": "Reference",
                  "text": "QuickOrderAddEntryEvent",
                  "canonicalReference": "@spartacus/cart_quick-order_root!QuickOrderAddEntryEvent:type"
                },
                {
                  "kind": "Content",
                  "text": "[]]>"
                },
                {
                  "kind": "Content",
                  "text": ";"
                }
              ],
              "isOptional": false,
              "isStatic": false,
              "returnTypeTokenRange": {
                "startIndex": 1,
                "endIndex": 7
              },
              "releaseTag": "Public",
              "overloadIndex": 1,
              "parameters": [],
              "name": "addToCart"
            },
            {
              "kind": "Method",
              "canonicalReference": "@spartacus/cart_quick-order_root!QuickOrderFacade#canAdd:member(1)",
              "docComment": "/**\n * Get information about the possibility to add the next product\n */\n",
              "excerptTokens": [
                {
                  "kind": "Content",
                  "text": "abstract canAdd(code?: "
                },
                {
                  "kind": "Content",
                  "text": "string"
                },
                {
                  "kind": "Content",
                  "text": "): "
                },
                {
                  "kind": "Reference",
                  "text": "Observable",
                  "canonicalReference": "rxjs!Observable:class"
                },
                {
                  "kind": "Content",
                  "text": "<boolean>"
                },
                {
                  "kind": "Content",
                  "text": ";"
                }
              ],
              "isOptional": false,
              "isStatic": false,
              "returnTypeTokenRange": {
                "startIndex": 3,
                "endIndex": 5
              },
              "releaseTag": "Public",
              "overloadIndex": 1,
              "parameters": [
                {
                  "parameterName": "code",
                  "parameterTypeTokenRange": {
                    "startIndex": 1,
                    "endIndex": 2
                  }
                }
              ],
              "name": "canAdd"
            },
            {
              "kind": "Method",
              "canonicalReference": "@spartacus/cart_quick-order_root!QuickOrderFacade#clearDeletedEntries:member(1)",
              "docComment": "/**\n * Clear all deleted entries and timeout subscriptions\n */\n",
              "excerptTokens": [
                {
                  "kind": "Content",
                  "text": "abstract clearDeletedEntries(): "
                },
                {
                  "kind": "Content",
                  "text": "void"
                },
                {
                  "kind": "Content",
                  "text": ";"
                }
              ],
              "isOptional": false,
              "isStatic": false,
              "returnTypeTokenRange": {
                "startIndex": 1,
                "endIndex": 2
              },
              "releaseTag": "Public",
              "overloadIndex": 1,
              "parameters": [],
              "name": "clearDeletedEntries"
            },
            {
              "kind": "Method",
              "canonicalReference": "@spartacus/cart_quick-order_root!QuickOrderFacade#clearList:member(1)",
              "docComment": "/**\n * Clear a list of added entries\n */\n",
              "excerptTokens": [
                {
                  "kind": "Content",
                  "text": "abstract clearList(): "
                },
                {
                  "kind": "Content",
                  "text": "void"
                },
                {
                  "kind": "Content",
                  "text": ";"
                }
              ],
              "isOptional": false,
              "isStatic": false,
              "returnTypeTokenRange": {
                "startIndex": 1,
                "endIndex": 2
              },
              "releaseTag": "Public",
              "overloadIndex": 1,
              "parameters": [],
              "name": "clearList"
            },
            {
              "kind": "Method",
              "canonicalReference": "@spartacus/cart_quick-order_root!QuickOrderFacade#clearNonPurchasableProductError:member(1)",
              "docComment": "/**\n * Clear not purchasable product error\n */\n",
              "excerptTokens": [
                {
                  "kind": "Content",
                  "text": "abstract clearNonPurchasableProductError(): "
                },
                {
                  "kind": "Content",
                  "text": "void"
                },
                {
                  "kind": "Content",
                  "text": ";"
                }
              ],
              "isOptional": false,
              "isStatic": false,
              "returnTypeTokenRange": {
                "startIndex": 1,
                "endIndex": 2
              },
              "releaseTag": "Public",
              "overloadIndex": 1,
              "parameters": [],
              "name": "clearNonPurchasableProductError"
            },
            {
              "kind": "Method",
              "canonicalReference": "@spartacus/cart_quick-order_root!QuickOrderFacade#getEntries:member(1)",
              "docComment": "/**\n * Get entries\n */\n",
              "excerptTokens": [
                {
                  "kind": "Content",
                  "text": "abstract getEntries(): "
                },
                {
                  "kind": "Reference",
                  "text": "BehaviorSubject",
                  "canonicalReference": "rxjs!BehaviorSubject:class"
                },
                {
                  "kind": "Content",
                  "text": "<"
                },
                {
                  "kind": "Reference",
                  "text": "OrderEntry",
                  "canonicalReference": "@spartacus/cart_quick-order_root!OrderEntry:interface"
                },
                {
                  "kind": "Content",
                  "text": "[]>"
                },
                {
                  "kind": "Content",
                  "text": ";"
                }
              ],
              "isOptional": false,
              "isStatic": false,
              "returnTypeTokenRange": {
                "startIndex": 1,
                "endIndex": 5
              },
              "releaseTag": "Public",
              "overloadIndex": 1,
              "parameters": [],
              "name": "getEntries"
            },
            {
              "kind": "Method",
              "canonicalReference": "@spartacus/cart_quick-order_root!QuickOrderFacade#getNonPurchasableProductError:member(1)",
              "docComment": "/**\n * Return non purchasable product error\n */\n",
              "excerptTokens": [
                {
                  "kind": "Content",
                  "text": "abstract getNonPurchasableProductError(): "
                },
                {
                  "kind": "Reference",
                  "text": "Observable",
                  "canonicalReference": "rxjs!Observable:class"
                },
                {
                  "kind": "Content",
                  "text": "<"
                },
                {
                  "kind": "Reference",
                  "text": "Product",
                  "canonicalReference": "@spartacus/cart_quick-order_root!Product:interface"
                },
                {
                  "kind": "Content",
                  "text": " | null>"
                },
                {
                  "kind": "Content",
                  "text": ";"
                }
              ],
              "isOptional": false,
              "isStatic": false,
              "returnTypeTokenRange": {
                "startIndex": 1,
                "endIndex": 5
              },
              "releaseTag": "Public",
              "overloadIndex": 1,
              "parameters": [],
              "name": "getNonPurchasableProductError"
            },
            {
              "kind": "Method",
              "canonicalReference": "@spartacus/cart_quick-order_root!QuickOrderFacade#getProductAdded:member(1)",
              "docComment": "/**\n * Return product added subject\n */\n",
              "excerptTokens": [
                {
                  "kind": "Content",
                  "text": "abstract getProductAdded(): "
                },
                {
                  "kind": "Reference",
                  "text": "Subject",
                  "canonicalReference": "rxjs!Subject:class"
                },
                {
                  "kind": "Content",
                  "text": "<string>"
                },
                {
                  "kind": "Content",
                  "text": ";"
                }
              ],
              "isOptional": false,
              "isStatic": false,
              "returnTypeTokenRange": {
                "startIndex": 1,
                "endIndex": 3
              },
              "releaseTag": "Public",
              "overloadIndex": 1,
              "parameters": [],
              "name": "getProductAdded"
            },
            {
              "kind": "Method",
              "canonicalReference": "@spartacus/cart_quick-order_root!QuickOrderFacade#getSoftDeletedEntries:member(1)",
              "docComment": "/**\n * Return soft deleted entries\n */\n",
              "excerptTokens": [
                {
                  "kind": "Content",
                  "text": "abstract getSoftDeletedEntries(): "
                },
                {
                  "kind": "Reference",
                  "text": "Observable",
                  "canonicalReference": "rxjs!Observable:class"
                },
                {
                  "kind": "Content",
                  "text": "<"
                },
                {
                  "kind": "Reference",
                  "text": "Record",
                  "canonicalReference": "!Record:type"
                },
                {
                  "kind": "Content",
                  "text": "<string, "
                },
                {
                  "kind": "Reference",
                  "text": "OrderEntry",
                  "canonicalReference": "@spartacus/cart_quick-order_root!OrderEntry:interface"
                },
                {
                  "kind": "Content",
                  "text": ">>"
                },
                {
                  "kind": "Content",
                  "text": ";"
                }
              ],
              "isOptional": false,
              "isStatic": false,
              "returnTypeTokenRange": {
                "startIndex": 1,
                "endIndex": 7
              },
              "releaseTag": "Public",
              "overloadIndex": 1,
              "parameters": [],
              "name": "getSoftDeletedEntries"
            },
            {
              "kind": "Method",
              "canonicalReference": "@spartacus/cart_quick-order_root!QuickOrderFacade#hardDeleteEntry:member(1)",
              "docComment": "/**\n * Clear deleted entry from the list\n */\n",
              "excerptTokens": [
                {
                  "kind": "Content",
                  "text": "abstract hardDeleteEntry(productCode: "
                },
                {
                  "kind": "Content",
                  "text": "string"
                },
                {
                  "kind": "Content",
                  "text": "): "
                },
                {
                  "kind": "Content",
                  "text": "void"
                },
                {
                  "kind": "Content",
                  "text": ";"
                }
              ],
              "isOptional": false,
              "isStatic": false,
              "returnTypeTokenRange": {
                "startIndex": 3,
                "endIndex": 4
              },
              "releaseTag": "Public",
              "overloadIndex": 1,
              "parameters": [
                {
                  "parameterName": "productCode",
                  "parameterTypeTokenRange": {
                    "startIndex": 1,
                    "endIndex": 2
                  }
                }
              ],
              "name": "hardDeleteEntry"
            },
            {
              "kind": "Method",
              "canonicalReference": "@spartacus/cart_quick-order_root!QuickOrderFacade#loadEntries:member(1)",
              "docComment": "/**\n * Load a list of entries\n */\n",
              "excerptTokens": [
                {
                  "kind": "Content",
                  "text": "abstract loadEntries(entries: "
                },
                {
                  "kind": "Reference",
                  "text": "OrderEntry",
                  "canonicalReference": "@spartacus/cart_quick-order_root!OrderEntry:interface"
                },
                {
                  "kind": "Content",
                  "text": "[]"
                },
                {
                  "kind": "Content",
                  "text": "): "
                },
                {
                  "kind": "Content",
                  "text": "void"
                },
                {
                  "kind": "Content",
                  "text": ";"
                }
              ],
              "isOptional": false,
              "isStatic": false,
              "returnTypeTokenRange": {
                "startIndex": 4,
                "endIndex": 5
              },
              "releaseTag": "Public",
              "overloadIndex": 1,
              "parameters": [
                {
                  "parameterName": "entries",
                  "parameterTypeTokenRange": {
                    "startIndex": 1,
                    "endIndex": 3
                  }
                }
              ],
              "name": "loadEntries"
            },
            {
              "kind": "Property",
              "canonicalReference": "@spartacus/cart_quick-order_root!QuickOrderFacade.ɵfac:member",
              "docComment": "",
              "excerptTokens": [
                {
                  "kind": "Content",
                  "text": "static ɵfac: "
                },
                {
                  "kind": "Content",
                  "text": "i0."
                },
                {
                  "kind": "Reference",
                  "text": "ɵɵFactoryDeclaration",
                  "canonicalReference": "@angular/core!ɵɵFactoryDeclaration:type"
                },
                {
                  "kind": "Content",
                  "text": "<"
                },
                {
                  "kind": "Reference",
                  "text": "QuickOrderFacade",
                  "canonicalReference": "@spartacus/cart_quick-order_root!QuickOrderFacade:class"
                },
                {
                  "kind": "Content",
                  "text": ", never>"
                },
                {
                  "kind": "Content",
                  "text": ";"
                }
              ],
              "isOptional": false,
              "releaseTag": "Public",
              "name": "ɵfac",
              "propertyTypeTokenRange": {
                "startIndex": 1,
                "endIndex": 6
              },
              "isStatic": true
            },
            {
              "kind": "Property",
              "canonicalReference": "@spartacus/cart_quick-order_root!QuickOrderFacade.ɵprov:member",
              "docComment": "",
              "excerptTokens": [
                {
                  "kind": "Content",
                  "text": "static ɵprov: "
                },
                {
                  "kind": "Content",
                  "text": "i0."
                },
                {
                  "kind": "Reference",
                  "text": "ɵɵInjectableDeclaration",
                  "canonicalReference": "@angular/core!ɵɵInjectableDeclaration:interface"
                },
                {
                  "kind": "Content",
                  "text": "<"
                },
                {
                  "kind": "Reference",
                  "text": "QuickOrderFacade",
                  "canonicalReference": "@spartacus/cart_quick-order_root!QuickOrderFacade:class"
                },
                {
                  "kind": "Content",
                  "text": ">"
                },
                {
                  "kind": "Content",
                  "text": ";"
                }
              ],
              "isOptional": false,
              "releaseTag": "Public",
              "name": "ɵprov",
              "propertyTypeTokenRange": {
                "startIndex": 1,
                "endIndex": 6
              },
              "isStatic": true
            },
            {
              "kind": "Method",
              "canonicalReference": "@spartacus/cart_quick-order_root!QuickOrderFacade#removeEntry:member(1)",
              "docComment": "/**\n * @deprecated\n *\n * since 4.2 - use softDeleteEntry instead\n */\n",
              "excerptTokens": [
                {
                  "kind": "Content",
                  "text": "abstract removeEntry(index: "
                },
                {
                  "kind": "Content",
                  "text": "number"
                },
                {
                  "kind": "Content",
                  "text": "): "
                },
                {
                  "kind": "Content",
                  "text": "void"
                },
                {
                  "kind": "Content",
                  "text": ";"
                }
              ],
              "isOptional": false,
              "isStatic": false,
              "returnTypeTokenRange": {
                "startIndex": 3,
                "endIndex": 4
              },
              "releaseTag": "Public",
              "overloadIndex": 1,
              "parameters": [
                {
                  "parameterName": "index",
                  "parameterTypeTokenRange": {
                    "startIndex": 1,
                    "endIndex": 2
                  }
                }
              ],
              "name": "removeEntry"
            },
            {
              "kind": "Method",
              "canonicalReference": "@spartacus/cart_quick-order_root!QuickOrderFacade#restoreSoftDeletedEntry:member(1)",
              "docComment": "/**\n * Restore soft deleted entry\n */\n",
              "excerptTokens": [
                {
                  "kind": "Content",
                  "text": "abstract restoreSoftDeletedEntry(productCode: "
                },
                {
                  "kind": "Content",
                  "text": "string"
                },
                {
                  "kind": "Content",
                  "text": "): "
                },
                {
                  "kind": "Content",
                  "text": "void"
                },
                {
                  "kind": "Content",
                  "text": ";"
                }
              ],
              "isOptional": false,
              "isStatic": false,
              "returnTypeTokenRange": {
                "startIndex": 3,
                "endIndex": 4
              },
              "releaseTag": "Public",
              "overloadIndex": 1,
              "parameters": [
                {
                  "parameterName": "productCode",
                  "parameterTypeTokenRange": {
                    "startIndex": 1,
                    "endIndex": 2
                  }
                }
              ],
              "name": "restoreSoftDeletedEntry"
            },
            {
              "kind": "Method",
              "canonicalReference": "@spartacus/cart_quick-order_root!QuickOrderFacade#search:member(1)",
              "docComment": "/**\n * @deprecated\n *\n * since 4.2 - use searchProducts instead Search product using SKU\n */\n",
              "excerptTokens": [
                {
                  "kind": "Content",
                  "text": "abstract search(productCode: "
                },
                {
                  "kind": "Content",
                  "text": "string"
                },
                {
                  "kind": "Content",
                  "text": "): "
                },
                {
                  "kind": "Reference",
                  "text": "Observable",
                  "canonicalReference": "rxjs!Observable:class"
                },
                {
                  "kind": "Content",
                  "text": "<"
                },
                {
                  "kind": "Reference",
                  "text": "Product",
                  "canonicalReference": "@spartacus/cart_quick-order_root!Product:interface"
                },
                {
                  "kind": "Content",
                  "text": ">"
                },
                {
                  "kind": "Content",
                  "text": ";"
                }
              ],
              "isOptional": false,
              "isStatic": false,
              "returnTypeTokenRange": {
                "startIndex": 3,
                "endIndex": 7
              },
              "releaseTag": "Public",
              "overloadIndex": 1,
              "parameters": [
                {
                  "parameterName": "productCode",
                  "parameterTypeTokenRange": {
                    "startIndex": 1,
                    "endIndex": 2
                  }
                }
              ],
              "name": "search"
            },
            {
              "kind": "Method",
              "canonicalReference": "@spartacus/cart_quick-order_root!QuickOrderFacade#searchProducts:member(1)",
              "docComment": "/**\n * Search products using query\n */\n",
              "excerptTokens": [
                {
                  "kind": "Content",
                  "text": "abstract searchProducts(query: "
                },
                {
                  "kind": "Content",
                  "text": "string"
                },
                {
                  "kind": "Content",
                  "text": ", maxProducts?: "
                },
                {
                  "kind": "Content",
                  "text": "number"
                },
                {
                  "kind": "Content",
                  "text": "): "
                },
                {
                  "kind": "Reference",
                  "text": "Observable",
                  "canonicalReference": "rxjs!Observable:class"
                },
                {
                  "kind": "Content",
                  "text": "<"
                },
                {
                  "kind": "Reference",
                  "text": "Product",
                  "canonicalReference": "@spartacus/cart_quick-order_root!Product:interface"
                },
                {
                  "kind": "Content",
                  "text": "[]>"
                },
                {
                  "kind": "Content",
                  "text": ";"
                }
              ],
              "isOptional": false,
              "isStatic": false,
              "returnTypeTokenRange": {
                "startIndex": 5,
                "endIndex": 9
              },
              "releaseTag": "Public",
              "overloadIndex": 1,
              "parameters": [
                {
                  "parameterName": "query",
                  "parameterTypeTokenRange": {
                    "startIndex": 1,
                    "endIndex": 2
                  }
                },
                {
                  "parameterName": "maxProducts",
                  "parameterTypeTokenRange": {
                    "startIndex": 3,
                    "endIndex": 4
                  }
                }
              ],
              "name": "searchProducts"
            },
            {
              "kind": "Method",
              "canonicalReference": "@spartacus/cart_quick-order_root!QuickOrderFacade#setListLimit:member(1)",
              "docComment": "/**\n * Set quick order list limit property\n */\n",
              "excerptTokens": [
                {
                  "kind": "Content",
                  "text": "abstract setListLimit(limit: "
                },
                {
                  "kind": "Content",
                  "text": "number"
                },
                {
                  "kind": "Content",
                  "text": "): "
                },
                {
                  "kind": "Content",
                  "text": "void"
                },
                {
                  "kind": "Content",
                  "text": ";"
                }
              ],
              "isOptional": false,
              "isStatic": false,
              "returnTypeTokenRange": {
                "startIndex": 3,
                "endIndex": 4
              },
              "releaseTag": "Public",
              "overloadIndex": 1,
              "parameters": [
                {
                  "parameterName": "limit",
                  "parameterTypeTokenRange": {
                    "startIndex": 1,
                    "endIndex": 2
                  }
                }
              ],
              "name": "setListLimit"
            },
            {
              "kind": "Method",
              "canonicalReference": "@spartacus/cart_quick-order_root!QuickOrderFacade#setNonPurchasableProductError:member(1)",
              "docComment": "/**\n * Set error that selected product is not purchasable\n */\n",
              "excerptTokens": [
                {
                  "kind": "Content",
                  "text": "abstract setNonPurchasableProductError(product: "
                },
                {
                  "kind": "Reference",
                  "text": "Product",
                  "canonicalReference": "@spartacus/cart_quick-order_root!Product:interface"
                },
                {
                  "kind": "Content",
                  "text": "): "
                },
                {
                  "kind": "Content",
                  "text": "void"
                },
                {
                  "kind": "Content",
                  "text": ";"
                }
              ],
              "isOptional": false,
              "isStatic": false,
              "returnTypeTokenRange": {
                "startIndex": 3,
                "endIndex": 4
              },
              "releaseTag": "Public",
              "overloadIndex": 1,
              "parameters": [
                {
                  "parameterName": "product",
                  "parameterTypeTokenRange": {
                    "startIndex": 1,
                    "endIndex": 2
                  }
                }
              ],
              "name": "setNonPurchasableProductError"
            },
            {
              "kind": "Method",
              "canonicalReference": "@spartacus/cart_quick-order_root!QuickOrderFacade#setProductAdded:member(1)",
              "docComment": "/**\n * Set product added subject\n */\n",
              "excerptTokens": [
                {
                  "kind": "Content",
                  "text": "abstract setProductAdded(productCode: "
                },
                {
                  "kind": "Content",
                  "text": "string"
                },
                {
                  "kind": "Content",
                  "text": "): "
                },
                {
                  "kind": "Content",
                  "text": "void"
                },
                {
                  "kind": "Content",
                  "text": ";"
                }
              ],
              "isOptional": false,
              "isStatic": false,
              "returnTypeTokenRange": {
                "startIndex": 3,
                "endIndex": 4
              },
              "releaseTag": "Public",
              "overloadIndex": 1,
              "parameters": [
                {
                  "parameterName": "productCode",
                  "parameterTypeTokenRange": {
                    "startIndex": 1,
                    "endIndex": 2
                  }
                }
              ],
              "name": "setProductAdded"
            },
            {
              "kind": "Method",
              "canonicalReference": "@spartacus/cart_quick-order_root!QuickOrderFacade#softDeleteEntry:member(1)",
              "docComment": "/**\n * Delete single entry from the list\n */\n",
              "excerptTokens": [
                {
                  "kind": "Content",
                  "text": "abstract softDeleteEntry(index: "
                },
                {
                  "kind": "Content",
                  "text": "number"
                },
                {
                  "kind": "Content",
                  "text": "): "
                },
                {
                  "kind": "Content",
                  "text": "void"
                },
                {
                  "kind": "Content",
                  "text": ";"
                }
              ],
              "isOptional": false,
              "isStatic": false,
              "returnTypeTokenRange": {
                "startIndex": 3,
                "endIndex": 4
              },
              "releaseTag": "Public",
              "overloadIndex": 1,
              "parameters": [
                {
                  "parameterName": "index",
                  "parameterTypeTokenRange": {
                    "startIndex": 1,
                    "endIndex": 2
                  }
                }
              ],
              "name": "softDeleteEntry"
            },
            {
              "kind": "Method",
              "canonicalReference": "@spartacus/cart_quick-order_root!QuickOrderFacade#updateEntryQuantity:member(1)",
              "docComment": "/**\n * Load a list of entries\n */\n",
              "excerptTokens": [
                {
                  "kind": "Content",
                  "text": "abstract updateEntryQuantity(entryIndex: "
                },
                {
                  "kind": "Content",
                  "text": "number"
                },
                {
                  "kind": "Content",
                  "text": ", quantity: "
                },
                {
                  "kind": "Content",
                  "text": "number"
                },
                {
                  "kind": "Content",
                  "text": "): "
                },
                {
                  "kind": "Content",
                  "text": "void"
                },
                {
                  "kind": "Content",
                  "text": ";"
                }
              ],
              "isOptional": false,
              "isStatic": false,
              "returnTypeTokenRange": {
                "startIndex": 5,
                "endIndex": 6
              },
              "releaseTag": "Public",
              "overloadIndex": 1,
              "parameters": [
                {
                  "parameterName": "entryIndex",
                  "parameterTypeTokenRange": {
                    "startIndex": 1,
                    "endIndex": 2
                  }
                },
                {
                  "parameterName": "quantity",
                  "parameterTypeTokenRange": {
                    "startIndex": 3,
                    "endIndex": 4
                  }
                }
              ],
              "name": "updateEntryQuantity"
            }
          ],
          "implementsTokenRanges": []
        },
        {
          "kind": "Function",
          "canonicalReference": "@spartacus/cart_quick-order_root!quickOrderFacadeFactory:function(1)",
          "docComment": "",
          "excerptTokens": [
            {
              "kind": "Content",
              "text": "export declare function quickOrderFacadeFactory(): "
            },
            {
              "kind": "Reference",
              "text": "QuickOrderFacade",
              "canonicalReference": "@spartacus/cart_quick-order_root!QuickOrderFacade:class"
            },
            {
              "kind": "Content",
              "text": ";"
            }
          ],
          "returnTypeTokenRange": {
            "startIndex": 1,
            "endIndex": 2
          },
          "releaseTag": "Public",
          "overloadIndex": 1,
          "parameters": [],
          "name": "quickOrderFacadeFactory"
        },
        {
          "kind": "Class",
          "canonicalReference": "@spartacus/cart_quick-order_root!QuickOrderOrderEntriesContext:class",
          "docComment": "",
          "excerptTokens": [
            {
              "kind": "Content",
              "text": "export declare class QuickOrderOrderEntriesContext implements "
            },
            {
              "kind": "Reference",
              "text": "AddOrderEntriesContext",
              "canonicalReference": "@spartacus/cart_quick-order_root!AddOrderEntriesContext:interface"
            },
            {
              "kind": "Content",
              "text": ", "
            },
            {
              "kind": "Reference",
              "text": "GetOrderEntriesContext",
              "canonicalReference": "@spartacus/cart_quick-order_root!GetOrderEntriesContext:interface"
            },
            {
              "kind": "Content",
              "text": " "
            }
          ],
          "releaseTag": "Public",
          "name": "QuickOrderOrderEntriesContext",
          "members": [
            {
              "kind": "Constructor",
              "canonicalReference": "@spartacus/cart_quick-order_root!QuickOrderOrderEntriesContext:constructor(1)",
              "docComment": "/**\n * Constructs a new instance of the `QuickOrderOrderEntriesContext` class\n */\n",
              "excerptTokens": [
                {
                  "kind": "Content",
                  "text": "constructor(quickOrderService: "
                },
                {
                  "kind": "Reference",
                  "text": "QuickOrderFacade",
                  "canonicalReference": "@spartacus/cart_quick-order_root!QuickOrderFacade:class"
                },
                {
                  "kind": "Content",
                  "text": ", productConnector: "
                },
                {
                  "kind": "Reference",
                  "text": "ProductConnector",
                  "canonicalReference": "@spartacus/cart_quick-order_root!ProductConnector:class"
                },
                {
                  "kind": "Content",
                  "text": ");"
                }
              ],
              "releaseTag": "Public",
              "overloadIndex": 1,
              "parameters": [
                {
                  "parameterName": "quickOrderService",
                  "parameterTypeTokenRange": {
                    "startIndex": 1,
                    "endIndex": 2
                  }
                },
                {
                  "parameterName": "productConnector",
                  "parameterTypeTokenRange": {
                    "startIndex": 3,
                    "endIndex": 4
                  }
                }
              ]
            },
            {
              "kind": "Method",
              "canonicalReference": "@spartacus/cart_quick-order_root!QuickOrderOrderEntriesContext#addEntries:member(1)",
              "docComment": "",
              "excerptTokens": [
                {
                  "kind": "Content",
                  "text": "addEntries(productsData: "
                },
                {
                  "kind": "Reference",
                  "text": "ProductData",
                  "canonicalReference": "@spartacus/cart_quick-order_root!ProductData:type"
                },
                {
                  "kind": "Content",
                  "text": "[]"
                },
                {
                  "kind": "Content",
                  "text": "): "
                },
                {
                  "kind": "Reference",
                  "text": "Observable",
                  "canonicalReference": "rxjs!Observable:class"
                },
                {
                  "kind": "Content",
                  "text": "<"
                },
                {
                  "kind": "Reference",
                  "text": "ProductImportInfo",
                  "canonicalReference": "@spartacus/cart_quick-order_root!ProductImportInfo:interface"
                },
                {
                  "kind": "Content",
                  "text": ">"
                },
                {
                  "kind": "Content",
                  "text": ";"
                }
              ],
              "isOptional": false,
              "isStatic": false,
              "returnTypeTokenRange": {
                "startIndex": 4,
                "endIndex": 8
              },
              "releaseTag": "Public",
              "overloadIndex": 1,
              "parameters": [
                {
                  "parameterName": "productsData",
                  "parameterTypeTokenRange": {
                    "startIndex": 1,
                    "endIndex": 3
                  }
                }
              ],
              "name": "addEntries"
            },
            {
              "kind": "Method",
              "canonicalReference": "@spartacus/cart_quick-order_root!QuickOrderOrderEntriesContext#getEntries:member(1)",
              "docComment": "",
              "excerptTokens": [
                {
                  "kind": "Content",
                  "text": "getEntries(): "
                },
                {
                  "kind": "Reference",
                  "text": "Observable",
                  "canonicalReference": "rxjs!Observable:class"
                },
                {
                  "kind": "Content",
                  "text": "<"
                },
                {
                  "kind": "Reference",
                  "text": "OrderEntry",
                  "canonicalReference": "@spartacus/cart_quick-order_root!OrderEntry:interface"
                },
                {
                  "kind": "Content",
                  "text": "[]>"
                },
                {
                  "kind": "Content",
                  "text": ";"
                }
              ],
              "isOptional": false,
              "isStatic": false,
              "returnTypeTokenRange": {
                "startIndex": 1,
                "endIndex": 5
              },
              "releaseTag": "Public",
              "overloadIndex": 1,
              "parameters": [],
              "name": "getEntries"
            },
            {
              "kind": "Method",
              "canonicalReference": "@spartacus/cart_quick-order_root!QuickOrderOrderEntriesContext#handleErrors:member(1)",
              "docComment": "",
              "excerptTokens": [
                {
                  "kind": "Content",
                  "text": "protected handleErrors(response: "
                },
                {
                  "kind": "Reference",
                  "text": "HttpErrorResponse",
                  "canonicalReference": "@angular/common/http!HttpErrorResponse:class"
                },
                {
                  "kind": "Content",
                  "text": ", productCode: "
                },
                {
                  "kind": "Content",
                  "text": "string"
                },
                {
                  "kind": "Content",
                  "text": ", results$: "
                },
                {
                  "kind": "Reference",
                  "text": "Subject",
                  "canonicalReference": "rxjs!Subject:class"
                },
                {
                  "kind": "Content",
                  "text": "<"
                },
                {
                  "kind": "Reference",
                  "text": "ProductImportInfo",
                  "canonicalReference": "@spartacus/cart_quick-order_root!ProductImportInfo:interface"
                },
                {
                  "kind": "Content",
                  "text": ">"
                },
                {
                  "kind": "Content",
                  "text": "): "
                },
                {
                  "kind": "Content",
                  "text": "void"
                },
                {
                  "kind": "Content",
                  "text": ";"
                }
              ],
              "isOptional": false,
              "isStatic": false,
              "returnTypeTokenRange": {
                "startIndex": 10,
                "endIndex": 11
              },
              "releaseTag": "Public",
              "overloadIndex": 1,
              "parameters": [
                {
                  "parameterName": "response",
                  "parameterTypeTokenRange": {
                    "startIndex": 1,
                    "endIndex": 2
                  }
                },
                {
                  "parameterName": "productCode",
                  "parameterTypeTokenRange": {
                    "startIndex": 3,
                    "endIndex": 4
                  }
                },
                {
                  "parameterName": "results$",
                  "parameterTypeTokenRange": {
                    "startIndex": 5,
                    "endIndex": 9
                  }
                }
              ],
              "name": "handleErrors"
            },
            {
              "kind": "Method",
              "canonicalReference": "@spartacus/cart_quick-order_root!QuickOrderOrderEntriesContext#handleResults:member(1)",
              "docComment": "",
              "excerptTokens": [
                {
                  "kind": "Content",
                  "text": "protected handleResults(product: "
                },
                {
                  "kind": "Reference",
                  "text": "Product",
                  "canonicalReference": "@spartacus/cart_quick-order_root!Product:interface"
                },
                {
                  "kind": "Content",
                  "text": ", productData: "
                },
                {
                  "kind": "Reference",
                  "text": "ProductData",
                  "canonicalReference": "@spartacus/cart_quick-order_root!ProductData:type"
                },
                {
                  "kind": "Content",
                  "text": ", results$: "
                },
                {
                  "kind": "Reference",
                  "text": "Subject",
                  "canonicalReference": "rxjs!Subject:class"
                },
                {
                  "kind": "Content",
                  "text": "<"
                },
                {
                  "kind": "Reference",
                  "text": "ProductImportInfo",
                  "canonicalReference": "@spartacus/cart_quick-order_root!ProductImportInfo:interface"
                },
                {
                  "kind": "Content",
                  "text": ">"
                },
                {
                  "kind": "Content",
                  "text": "): "
                },
                {
                  "kind": "Content",
                  "text": "void"
                },
                {
                  "kind": "Content",
                  "text": ";"
                }
              ],
              "isOptional": false,
              "isStatic": false,
              "returnTypeTokenRange": {
                "startIndex": 10,
                "endIndex": 11
              },
              "releaseTag": "Public",
              "overloadIndex": 1,
              "parameters": [
                {
                  "parameterName": "product",
                  "parameterTypeTokenRange": {
                    "startIndex": 1,
                    "endIndex": 2
                  }
                },
                {
                  "parameterName": "productData",
                  "parameterTypeTokenRange": {
                    "startIndex": 3,
                    "endIndex": 4
                  }
                },
                {
                  "parameterName": "results$",
                  "parameterTypeTokenRange": {
                    "startIndex": 5,
                    "endIndex": 9
                  }
                }
              ],
              "name": "handleResults"
            },
            {
              "kind": "Property",
              "canonicalReference": "@spartacus/cart_quick-order_root!QuickOrderOrderEntriesContext.ɵfac:member",
              "docComment": "",
              "excerptTokens": [
                {
                  "kind": "Content",
                  "text": "static ɵfac: "
                },
                {
                  "kind": "Content",
                  "text": "i0."
                },
                {
                  "kind": "Reference",
                  "text": "ɵɵFactoryDeclaration",
                  "canonicalReference": "@angular/core!ɵɵFactoryDeclaration:type"
                },
                {
                  "kind": "Content",
                  "text": "<"
                },
                {
                  "kind": "Reference",
                  "text": "QuickOrderOrderEntriesContext",
                  "canonicalReference": "@spartacus/cart_quick-order_root!QuickOrderOrderEntriesContext:class"
                },
                {
                  "kind": "Content",
                  "text": ", never>"
                },
                {
                  "kind": "Content",
                  "text": ";"
                }
              ],
              "isOptional": false,
              "releaseTag": "Public",
              "name": "ɵfac",
              "propertyTypeTokenRange": {
                "startIndex": 1,
                "endIndex": 6
              },
              "isStatic": true
            },
            {
              "kind": "Property",
              "canonicalReference": "@spartacus/cart_quick-order_root!QuickOrderOrderEntriesContext.ɵprov:member",
              "docComment": "",
              "excerptTokens": [
                {
                  "kind": "Content",
                  "text": "static ɵprov: "
                },
                {
                  "kind": "Content",
                  "text": "i0."
                },
                {
                  "kind": "Reference",
                  "text": "ɵɵInjectableDeclaration",
                  "canonicalReference": "@angular/core!ɵɵInjectableDeclaration:interface"
                },
                {
                  "kind": "Content",
                  "text": "<"
                },
                {
                  "kind": "Reference",
                  "text": "QuickOrderOrderEntriesContext",
                  "canonicalReference": "@spartacus/cart_quick-order_root!QuickOrderOrderEntriesContext:class"
                },
                {
                  "kind": "Content",
                  "text": ">"
                },
                {
                  "kind": "Content",
                  "text": ";"
                }
              ],
              "isOptional": false,
              "releaseTag": "Public",
              "name": "ɵprov",
              "propertyTypeTokenRange": {
                "startIndex": 1,
                "endIndex": 6
              },
              "isStatic": true
            },
            {
              "kind": "Property",
              "canonicalReference": "@spartacus/cart_quick-order_root!QuickOrderOrderEntriesContext#productConnector:member",
              "docComment": "",
              "excerptTokens": [
                {
                  "kind": "Content",
                  "text": "protected productConnector: "
                },
                {
                  "kind": "Reference",
                  "text": "ProductConnector",
                  "canonicalReference": "@spartacus/cart_quick-order_root!ProductConnector:class"
                },
                {
                  "kind": "Content",
                  "text": ";"
                }
              ],
              "isOptional": false,
              "releaseTag": "Public",
              "name": "productConnector",
              "propertyTypeTokenRange": {
                "startIndex": 1,
                "endIndex": 2
              },
              "isStatic": false
            },
            {
              "kind": "Property",
              "canonicalReference": "@spartacus/cart_quick-order_root!QuickOrderOrderEntriesContext#quickOrderService:member",
              "docComment": "",
              "excerptTokens": [
                {
                  "kind": "Content",
                  "text": "protected quickOrderService: "
                },
                {
                  "kind": "Reference",
                  "text": "QuickOrderFacade",
                  "canonicalReference": "@spartacus/cart_quick-order_root!QuickOrderFacade:class"
                },
                {
                  "kind": "Content",
                  "text": ";"
                }
              ],
              "isOptional": false,
              "releaseTag": "Public",
              "name": "quickOrderService",
              "propertyTypeTokenRange": {
                "startIndex": 1,
                "endIndex": 2
              },
              "isStatic": false
            },
            {
              "kind": "Property",
              "canonicalReference": "@spartacus/cart_quick-order_root!QuickOrderOrderEntriesContext#type:member",
              "docComment": "",
              "excerptTokens": [
                {
                  "kind": "Content",
                  "text": "readonly type = "
                },
                {
                  "kind": "Reference",
                  "text": "OrderEntriesSource.QUICK_ORDER",
                  "canonicalReference": "@spartacus/cart_quick-order_root!OrderEntriesSource.QUICK_ORDER:member"
                },
                {
                  "kind": "Content",
                  "text": ";"
                }
              ],
              "isOptional": false,
              "releaseTag": "Public",
              "name": "type",
              "propertyTypeTokenRange": {
                "startIndex": 0,
                "endIndex": 0
              },
              "isStatic": false
            }
          ],
          "implementsTokenRanges": [
            {
              "startIndex": 1,
              "endIndex": 2
            },
            {
              "startIndex": 3,
              "endIndex": 5
            }
          ]
        },
        {
          "kind": "Class",
          "canonicalReference": "@spartacus/cart_quick-order_root!QuickOrderRootModule:class",
          "docComment": "",
          "excerptTokens": [
            {
              "kind": "Content",
              "text": "export declare class QuickOrderRootModule "
            }
          ],
          "releaseTag": "Public",
          "name": "QuickOrderRootModule",
          "members": [
            {
              "kind": "Property",
              "canonicalReference": "@spartacus/cart_quick-order_root!QuickOrderRootModule.ɵfac:member",
              "docComment": "",
              "excerptTokens": [
                {
                  "kind": "Content",
                  "text": "static ɵfac: "
                },
                {
                  "kind": "Content",
                  "text": "i0."
                },
                {
                  "kind": "Reference",
                  "text": "ɵɵFactoryDeclaration",
                  "canonicalReference": "@angular/core!ɵɵFactoryDeclaration:type"
                },
                {
                  "kind": "Content",
                  "text": "<"
                },
                {
                  "kind": "Reference",
                  "text": "QuickOrderRootModule",
                  "canonicalReference": "@spartacus/cart_quick-order_root!QuickOrderRootModule:class"
                },
                {
                  "kind": "Content",
                  "text": ", never>"
                },
                {
                  "kind": "Content",
                  "text": ";"
                }
              ],
              "isOptional": false,
              "releaseTag": "Public",
              "name": "ɵfac",
              "propertyTypeTokenRange": {
                "startIndex": 1,
                "endIndex": 6
              },
              "isStatic": true
            },
            {
              "kind": "Property",
              "canonicalReference": "@spartacus/cart_quick-order_root!QuickOrderRootModule.ɵinj:member",
              "docComment": "",
              "excerptTokens": [
                {
                  "kind": "Content",
                  "text": "static ɵinj: "
                },
                {
                  "kind": "Content",
                  "text": "i0."
                },
                {
                  "kind": "Reference",
                  "text": "ɵɵInjectorDeclaration",
                  "canonicalReference": "@angular/core!ɵɵInjectorDeclaration:type"
                },
                {
                  "kind": "Content",
                  "text": "<"
                },
                {
                  "kind": "Reference",
                  "text": "QuickOrderRootModule",
                  "canonicalReference": "@spartacus/cart_quick-order_root!QuickOrderRootModule:class"
                },
                {
                  "kind": "Content",
                  "text": ">"
                },
                {
                  "kind": "Content",
                  "text": ";"
                }
              ],
              "isOptional": false,
              "releaseTag": "Public",
              "name": "ɵinj",
              "propertyTypeTokenRange": {
                "startIndex": 1,
                "endIndex": 6
              },
              "isStatic": true
            },
            {
              "kind": "Property",
              "canonicalReference": "@spartacus/cart_quick-order_root!QuickOrderRootModule.ɵmod:member",
              "docComment": "",
              "excerptTokens": [
                {
                  "kind": "Content",
                  "text": "static ɵmod: "
                },
                {
                  "kind": "Content",
                  "text": "i0."
                },
                {
                  "kind": "Reference",
                  "text": "ɵɵNgModuleDeclaration",
                  "canonicalReference": "@angular/core!ɵɵNgModuleDeclaration:type"
                },
                {
                  "kind": "Content",
                  "text": "<"
                },
                {
                  "kind": "Reference",
                  "text": "QuickOrderRootModule",
                  "canonicalReference": "@spartacus/cart_quick-order_root!QuickOrderRootModule:class"
                },
                {
                  "kind": "Content",
                  "text": ", never, [typeof i1."
                },
                {
                  "kind": "Reference",
                  "text": "RouterModule",
                  "canonicalReference": "@angular/router!RouterModule:class"
                },
                {
                  "kind": "Content",
                  "text": "], never>"
                },
                {
                  "kind": "Content",
                  "text": ";"
                }
              ],
              "isOptional": false,
              "releaseTag": "Public",
              "name": "ɵmod",
              "propertyTypeTokenRange": {
                "startIndex": 1,
                "endIndex": 8
              },
              "isStatic": true
            }
          ],
          "implementsTokenRanges": []
        }
      ]
    }
  ]
}
