{
  "metadata": {
    "toolPackage": "@microsoft/api-extractor",
    "toolVersion": "7.19.4",
    "schemaVersion": 1004,
    "oldestForwardsCompatibleVersion": 1001,
    "tsdocConfig": {
      "$schema": "https://developer.microsoft.com/json-schemas/tsdoc/v0/tsdoc.schema.json",
      "noStandardTags": true,
      "tagDefinitions": [
        {
          "tagName": "@alpha",
          "syntaxKind": "modifier"
        },
        {
          "tagName": "@beta",
          "syntaxKind": "modifier"
        },
        {
          "tagName": "@defaultValue",
          "syntaxKind": "block"
        },
        {
          "tagName": "@decorator",
          "syntaxKind": "block",
          "allowMultiple": true
        },
        {
          "tagName": "@deprecated",
          "syntaxKind": "block"
        },
        {
          "tagName": "@eventProperty",
          "syntaxKind": "modifier"
        },
        {
          "tagName": "@example",
          "syntaxKind": "block",
          "allowMultiple": true
        },
        {
          "tagName": "@experimental",
          "syntaxKind": "modifier"
        },
        {
          "tagName": "@inheritDoc",
          "syntaxKind": "inline"
        },
        {
          "tagName": "@internal",
          "syntaxKind": "modifier"
        },
        {
          "tagName": "@label",
          "syntaxKind": "inline"
        },
        {
          "tagName": "@link",
          "syntaxKind": "inline",
          "allowMultiple": true
        },
        {
          "tagName": "@override",
          "syntaxKind": "modifier"
        },
        {
          "tagName": "@packageDocumentation",
          "syntaxKind": "modifier"
        },
        {
          "tagName": "@param",
          "syntaxKind": "block",
          "allowMultiple": true
        },
        {
          "tagName": "@privateRemarks",
          "syntaxKind": "block"
        },
        {
          "tagName": "@public",
          "syntaxKind": "modifier"
        },
        {
          "tagName": "@readonly",
          "syntaxKind": "modifier"
        },
        {
          "tagName": "@remarks",
          "syntaxKind": "block"
        },
        {
          "tagName": "@returns",
          "syntaxKind": "block"
        },
        {
          "tagName": "@sealed",
          "syntaxKind": "modifier"
        },
        {
          "tagName": "@see",
          "syntaxKind": "block"
        },
        {
          "tagName": "@throws",
          "syntaxKind": "block",
          "allowMultiple": true
        },
        {
          "tagName": "@typeParam",
          "syntaxKind": "block",
          "allowMultiple": true
        },
        {
          "tagName": "@virtual",
          "syntaxKind": "modifier"
        },
        {
          "tagName": "@betaDocumentation",
          "syntaxKind": "modifier"
        },
        {
          "tagName": "@internalRemarks",
          "syntaxKind": "block"
        },
        {
          "tagName": "@preapproved",
          "syntaxKind": "modifier"
        }
      ],
      "supportForTags": {
        "@alpha": true,
        "@beta": true,
        "@defaultValue": true,
        "@decorator": true,
        "@deprecated": true,
        "@eventProperty": true,
        "@example": true,
        "@experimental": true,
        "@inheritDoc": true,
        "@internal": true,
        "@label": true,
        "@link": true,
        "@override": true,
        "@packageDocumentation": true,
        "@param": true,
        "@privateRemarks": true,
        "@public": true,
        "@readonly": true,
        "@remarks": true,
        "@returns": true,
        "@sealed": true,
        "@see": true,
        "@throws": true,
        "@typeParam": true,
        "@virtual": true,
        "@betaDocumentation": true,
        "@internalRemarks": true,
        "@preapproved": true
      }
    }
  },
  "kind": "Package",
  "canonicalReference": "@spartacus/cdc_root!",
  "docComment": "",
  "name": "@spartacus/cdc_root",
  "members": [
    {
      "kind": "EntryPoint",
      "canonicalReference": "@spartacus/cdc_root!",
      "name": "",
      "members": [
        {
          "kind": "Variable",
          "canonicalReference": "@spartacus/cdc_root!CDC_CORE_FEATURE:var",
          "docComment": "",
          "excerptTokens": [
            {
              "kind": "Content",
              "text": "CDC_CORE_FEATURE = \"cdcCore\""
            }
          ],
          "releaseTag": "Public",
          "name": "CDC_CORE_FEATURE",
          "variableTypeTokenRange": {
            "startIndex": 0,
            "endIndex": 0
          }
        },
        {
          "kind": "Variable",
          "canonicalReference": "@spartacus/cdc_root!CDC_FEATURE:var",
          "docComment": "",
          "excerptTokens": [
            {
              "kind": "Content",
              "text": "CDC_FEATURE = \"cdc\""
            }
          ],
          "releaseTag": "Public",
          "name": "CDC_FEATURE",
          "variableTypeTokenRange": {
            "startIndex": 0,
            "endIndex": 0
          }
        },
        {
          "kind": "Class",
          "canonicalReference": "@spartacus/cdc_root!CdcAuthFacade:class",
          "docComment": "",
          "excerptTokens": [
            {
              "kind": "Content",
              "text": "export declare abstract class CdcAuthFacade "
            }
          ],
          "releaseTag": "Public",
          "name": "CdcAuthFacade",
          "members": [
            {
              "kind": "Method",
              "canonicalReference": "@spartacus/cdc_root!CdcAuthFacade#loginWithCustomCdcFlow:member(1)",
              "docComment": "",
              "excerptTokens": [
                {
                  "kind": "Content",
                  "text": "abstract loginWithCustomCdcFlow(UID: "
                },
                {
                  "kind": "Content",
                  "text": "string"
                },
                {
                  "kind": "Content",
                  "text": ", UIDSignature: "
                },
                {
                  "kind": "Content",
                  "text": "string"
                },
                {
                  "kind": "Content",
                  "text": ", signatureTimestamp: "
                },
                {
                  "kind": "Content",
                  "text": "string"
                },
                {
                  "kind": "Content",
                  "text": ", idToken: "
                },
                {
                  "kind": "Content",
                  "text": "string"
                },
                {
                  "kind": "Content",
                  "text": ", baseSite: "
                },
                {
                  "kind": "Content",
                  "text": "string"
                },
                {
                  "kind": "Content",
                  "text": "): "
                },
                {
                  "kind": "Content",
                  "text": "void"
                },
                {
                  "kind": "Content",
                  "text": ";"
                }
              ],
              "isOptional": false,
              "isStatic": false,
              "returnTypeTokenRange": {
                "startIndex": 11,
                "endIndex": 12
              },
              "releaseTag": "Public",
              "overloadIndex": 1,
              "parameters": [
                {
                  "parameterName": "UID",
                  "parameterTypeTokenRange": {
                    "startIndex": 1,
                    "endIndex": 2
                  }
                },
                {
                  "parameterName": "UIDSignature",
                  "parameterTypeTokenRange": {
                    "startIndex": 3,
                    "endIndex": 4
                  }
                },
                {
                  "parameterName": "signatureTimestamp",
                  "parameterTypeTokenRange": {
                    "startIndex": 5,
                    "endIndex": 6
                  }
                },
                {
                  "parameterName": "idToken",
                  "parameterTypeTokenRange": {
                    "startIndex": 7,
                    "endIndex": 8
                  }
                },
                {
                  "parameterName": "baseSite",
                  "parameterTypeTokenRange": {
                    "startIndex": 9,
                    "endIndex": 10
                  }
                }
              ],
              "name": "loginWithCustomCdcFlow"
            },
            {
              "kind": "Method",
              "canonicalReference": "@spartacus/cdc_root!CdcAuthFacade#loginWithToken:member(1)",
              "docComment": "",
              "excerptTokens": [
                {
                  "kind": "Content",
                  "text": "abstract loginWithToken(token: "
                },
                {
                  "kind": "Reference",
                  "text": "Partial",
                  "canonicalReference": "!Partial:type"
                },
                {
                  "kind": "Content",
                  "text": "<"
                },
                {
                  "kind": "Reference",
                  "text": "AuthToken",
                  "canonicalReference": "@spartacus/cdc_root!AuthToken:interface"
                },
                {
                  "kind": "Content",
                  "text": "> & {\n        expires_in?: number;\n    }"
                },
                {
                  "kind": "Content",
                  "text": "): "
                },
                {
                  "kind": "Content",
                  "text": "void"
                },
                {
                  "kind": "Content",
                  "text": ";"
                }
              ],
              "isOptional": false,
              "isStatic": false,
              "returnTypeTokenRange": {
                "startIndex": 6,
                "endIndex": 7
              },
              "releaseTag": "Public",
              "overloadIndex": 1,
              "parameters": [
                {
                  "parameterName": "token",
                  "parameterTypeTokenRange": {
                    "startIndex": 1,
                    "endIndex": 5
                  }
                }
              ],
              "name": "loginWithToken"
            },
            {
              "kind": "Property",
              "canonicalReference": "@spartacus/cdc_root!CdcAuthFacade.ɵfac:member",
              "docComment": "",
              "excerptTokens": [
                {
                  "kind": "Content",
                  "text": "static ɵfac: "
                },
                {
                  "kind": "Content",
                  "text": "i0."
                },
                {
                  "kind": "Reference",
                  "text": "ɵɵFactoryDeclaration",
                  "canonicalReference": "@angular/core!ɵɵFactoryDeclaration:type"
                },
                {
                  "kind": "Content",
                  "text": "<"
                },
                {
                  "kind": "Reference",
                  "text": "CdcAuthFacade",
                  "canonicalReference": "@spartacus/cdc_root!CdcAuthFacade:class"
                },
                {
                  "kind": "Content",
                  "text": ", never>"
                },
                {
                  "kind": "Content",
                  "text": ";"
                }
              ],
              "isOptional": false,
              "releaseTag": "Public",
              "name": "ɵfac",
              "propertyTypeTokenRange": {
                "startIndex": 1,
                "endIndex": 6
              },
              "isStatic": true
            },
            {
              "kind": "Property",
              "canonicalReference": "@spartacus/cdc_root!CdcAuthFacade.ɵprov:member",
              "docComment": "",
              "excerptTokens": [
                {
                  "kind": "Content",
                  "text": "static ɵprov: "
                },
                {
                  "kind": "Content",
                  "text": "i0."
                },
                {
                  "kind": "Reference",
                  "text": "ɵɵInjectableDeclaration",
                  "canonicalReference": "@angular/core!ɵɵInjectableDeclaration:interface"
                },
                {
                  "kind": "Content",
                  "text": "<"
                },
                {
                  "kind": "Reference",
                  "text": "CdcAuthFacade",
                  "canonicalReference": "@spartacus/cdc_root!CdcAuthFacade:class"
                },
                {
                  "kind": "Content",
                  "text": ">"
                },
                {
                  "kind": "Content",
                  "text": ";"
                }
              ],
              "isOptional": false,
              "releaseTag": "Public",
              "name": "ɵprov",
              "propertyTypeTokenRange": {
                "startIndex": 1,
                "endIndex": 6
              },
              "isStatic": true
            }
          ],
          "implementsTokenRanges": []
        },
        {
          "kind": "Class",
          "canonicalReference": "@spartacus/cdc_root!CdcConfig:class",
          "docComment": "",
          "excerptTokens": [
            {
              "kind": "Content",
              "text": "export declare abstract class CdcConfig "
            }
          ],
          "releaseTag": "Public",
          "name": "CdcConfig",
          "members": [
            {
              "kind": "Property",
              "canonicalReference": "@spartacus/cdc_root!CdcConfig#cdc:member",
              "docComment": "",
              "excerptTokens": [
                {
                  "kind": "Content",
                  "text": "cdc?: "
                },
                {
                  "kind": "Content",
                  "text": "{\n        baseSite: string;\n        javascriptUrl: string;\n        sessionExpiration: number;\n    }[]"
                },
                {
                  "kind": "Content",
                  "text": ";"
                }
              ],
              "isOptional": true,
              "releaseTag": "Public",
              "name": "cdc",
              "propertyTypeTokenRange": {
                "startIndex": 1,
                "endIndex": 2
              },
              "isStatic": false
            },
            {
              "kind": "Property",
              "canonicalReference": "@spartacus/cdc_root!CdcConfig.ɵfac:member",
              "docComment": "",
              "excerptTokens": [
                {
                  "kind": "Content",
                  "text": "static ɵfac: "
                },
                {
                  "kind": "Content",
                  "text": "i0."
                },
                {
                  "kind": "Reference",
                  "text": "ɵɵFactoryDeclaration",
                  "canonicalReference": "@angular/core!ɵɵFactoryDeclaration:type"
                },
                {
                  "kind": "Content",
                  "text": "<"
                },
                {
                  "kind": "Reference",
                  "text": "CdcConfig",
                  "canonicalReference": "@spartacus/cdc_root!CdcConfig:class"
                },
                {
                  "kind": "Content",
                  "text": ", never>"
                },
                {
                  "kind": "Content",
                  "text": ";"
                }
              ],
              "isOptional": false,
              "releaseTag": "Public",
              "name": "ɵfac",
              "propertyTypeTokenRange": {
                "startIndex": 1,
                "endIndex": 6
              },
              "isStatic": true
            },
            {
              "kind": "Property",
              "canonicalReference": "@spartacus/cdc_root!CdcConfig.ɵprov:member",
              "docComment": "",
              "excerptTokens": [
                {
                  "kind": "Content",
                  "text": "static ɵprov: "
                },
                {
                  "kind": "Content",
                  "text": "i0."
                },
                {
                  "kind": "Reference",
                  "text": "ɵɵInjectableDeclaration",
                  "canonicalReference": "@angular/core!ɵɵInjectableDeclaration:interface"
                },
                {
                  "kind": "Content",
                  "text": "<"
                },
                {
                  "kind": "Reference",
                  "text": "CdcConfig",
                  "canonicalReference": "@spartacus/cdc_root!CdcConfig:class"
                },
                {
                  "kind": "Content",
                  "text": ">"
                },
                {
                  "kind": "Content",
                  "text": ";"
                }
              ],
              "isOptional": false,
              "releaseTag": "Public",
              "name": "ɵprov",
              "propertyTypeTokenRange": {
                "startIndex": 1,
                "endIndex": 6
              },
              "isStatic": true
            }
          ],
          "implementsTokenRanges": []
        },
        {
          "kind": "Function",
          "canonicalReference": "@spartacus/cdc_root!cdcJsFactory:function(1)",
          "docComment": "",
          "excerptTokens": [
            {
              "kind": "Content",
              "text": "export declare function cdcJsFactory(cdcJsService: "
            },
            {
              "kind": "Reference",
              "text": "CdcJsService",
              "canonicalReference": "@spartacus/cdc_root!CdcJsService:class"
            },
            {
              "kind": "Content",
              "text": ", configInit: "
            },
            {
              "kind": "Reference",
              "text": "ConfigInitializerService",
              "canonicalReference": "@spartacus/cdc_root!ConfigInitializerService:class"
            },
            {
              "kind": "Content",
              "text": "): "
            },
            {
              "kind": "Content",
              "text": "() => "
            },
            {
              "kind": "Reference",
              "text": "Promise",
              "canonicalReference": "!Promise:interface"
            },
            {
              "kind": "Content",
              "text": "<"
            },
            {
              "kind": "Reference",
              "text": "Config",
              "canonicalReference": "@spartacus/cdc_root!Config:class"
            },
            {
              "kind": "Content",
              "text": ">"
            },
            {
              "kind": "Content",
              "text": ";"
            }
          ],
          "returnTypeTokenRange": {
            "startIndex": 5,
            "endIndex": 10
          },
          "releaseTag": "Public",
          "overloadIndex": 1,
          "parameters": [
            {
              "parameterName": "cdcJsService",
              "parameterTypeTokenRange": {
                "startIndex": 1,
                "endIndex": 2
              }
            },
            {
              "parameterName": "configInit",
              "parameterTypeTokenRange": {
                "startIndex": 3,
                "endIndex": 4
              }
            }
          ],
          "name": "cdcJsFactory"
        },
        {
          "kind": "Class",
          "canonicalReference": "@spartacus/cdc_root!CdcJsService:class",
          "docComment": "",
          "excerptTokens": [
            {
              "kind": "Content",
              "text": "export declare class CdcJsService implements "
            },
            {
              "kind": "Reference",
              "text": "OnDestroy",
              "canonicalReference": "@angular/core!OnDestroy:interface"
            },
            {
              "kind": "Content",
              "text": " "
            }
          ],
          "releaseTag": "Public",
          "name": "CdcJsService",
          "members": [
            {
              "kind": "Constructor",
              "canonicalReference": "@spartacus/cdc_root!CdcJsService:constructor(1)",
              "docComment": "/**\n * Constructs a new instance of the `CdcJsService` class\n */\n",
              "excerptTokens": [
                {
                  "kind": "Content",
                  "text": "constructor(cdcConfig: "
                },
                {
                  "kind": "Reference",
                  "text": "CdcConfig",
                  "canonicalReference": "@spartacus/cdc_root!CdcConfig:class"
                },
                {
                  "kind": "Content",
                  "text": ", baseSiteService: "
                },
                {
                  "kind": "Reference",
                  "text": "BaseSiteService",
                  "canonicalReference": "@spartacus/cdc_root!BaseSiteService:class"
                },
                {
                  "kind": "Content",
                  "text": ", languageService: "
                },
                {
                  "kind": "Reference",
                  "text": "LanguageService",
                  "canonicalReference": "@spartacus/cdc_root!LanguageService:class"
                },
                {
                  "kind": "Content",
                  "text": ", scriptLoader: "
                },
                {
                  "kind": "Reference",
                  "text": "ScriptLoader",
                  "canonicalReference": "@spartacus/cdc_root!ScriptLoader:class"
                },
                {
                  "kind": "Content",
                  "text": ", winRef: "
                },
                {
                  "kind": "Reference",
                  "text": "WindowRef",
                  "canonicalReference": "@spartacus/cdc_root!WindowRef:class"
                },
                {
                  "kind": "Content",
                  "text": ", cdcAuth: "
                },
                {
                  "kind": "Reference",
                  "text": "CdcAuthFacade",
                  "canonicalReference": "@spartacus/cdc_root!CdcAuthFacade:class"
                },
                {
                  "kind": "Content",
                  "text": ", auth: "
                },
                {
                  "kind": "Reference",
                  "text": "AuthService",
                  "canonicalReference": "@spartacus/cdc_root!AuthService:class"
                },
                {
                  "kind": "Content",
                  "text": ", zone: "
                },
                {
                  "kind": "Reference",
                  "text": "NgZone",
                  "canonicalReference": "@angular/core!NgZone:class"
                },
                {
                  "kind": "Content",
                  "text": ", userProfileFacade: "
                },
                {
                  "kind": "Reference",
                  "text": "UserProfileFacade",
                  "canonicalReference": "@spartacus/cdc_root!UserProfileFacade:class"
                },
                {
                  "kind": "Content",
                  "text": ", platform: "
                },
                {
                  "kind": "Content",
                  "text": "any"
                },
                {
                  "kind": "Content",
                  "text": ");"
                }
              ],
              "releaseTag": "Public",
              "overloadIndex": 1,
              "parameters": [
                {
                  "parameterName": "cdcConfig",
                  "parameterTypeTokenRange": {
                    "startIndex": 1,
                    "endIndex": 2
                  }
                },
                {
                  "parameterName": "baseSiteService",
                  "parameterTypeTokenRange": {
                    "startIndex": 3,
                    "endIndex": 4
                  }
                },
                {
                  "parameterName": "languageService",
                  "parameterTypeTokenRange": {
                    "startIndex": 5,
                    "endIndex": 6
                  }
                },
                {
                  "parameterName": "scriptLoader",
                  "parameterTypeTokenRange": {
                    "startIndex": 7,
                    "endIndex": 8
                  }
                },
                {
                  "parameterName": "winRef",
                  "parameterTypeTokenRange": {
                    "startIndex": 9,
                    "endIndex": 10
                  }
                },
                {
                  "parameterName": "cdcAuth",
                  "parameterTypeTokenRange": {
                    "startIndex": 11,
                    "endIndex": 12
                  }
                },
                {
                  "parameterName": "auth",
                  "parameterTypeTokenRange": {
                    "startIndex": 13,
                    "endIndex": 14
                  }
                },
                {
                  "parameterName": "zone",
                  "parameterTypeTokenRange": {
                    "startIndex": 15,
                    "endIndex": 16
                  }
                },
                {
                  "parameterName": "userProfileFacade",
                  "parameterTypeTokenRange": {
                    "startIndex": 17,
                    "endIndex": 18
                  }
                },
                {
                  "parameterName": "platform",
                  "parameterTypeTokenRange": {
                    "startIndex": 19,
                    "endIndex": 20
                  }
                }
              ]
            },
            {
              "kind": "Method",
              "canonicalReference": "@spartacus/cdc_root!CdcJsService#addCdcEventHandlers:member(1)",
              "docComment": "/**\n * Method to register CDC event handlers\n *\n * @param baseSite - \n */\n",
              "excerptTokens": [
                {
                  "kind": "Content",
                  "text": "protected addCdcEventHandlers(baseSite: "
                },
                {
                  "kind": "Content",
                  "text": "string"
                },
                {
                  "kind": "Content",
                  "text": "): "
                },
                {
                  "kind": "Content",
                  "text": "void"
                },
                {
                  "kind": "Content",
                  "text": ";"
                }
              ],
              "isOptional": false,
              "isStatic": false,
              "returnTypeTokenRange": {
                "startIndex": 3,
                "endIndex": 4
              },
              "releaseTag": "Public",
              "overloadIndex": 1,
              "parameters": [
                {
                  "parameterName": "baseSite",
                  "parameterTypeTokenRange": {
                    "startIndex": 1,
                    "endIndex": 2
                  }
                }
              ],
              "name": "addCdcEventHandlers"
            },
            {
              "kind": "Property",
              "canonicalReference": "@spartacus/cdc_root!CdcJsService#auth:member",
              "docComment": "",
              "excerptTokens": [
                {
                  "kind": "Content",
                  "text": "protected auth: "
                },
                {
                  "kind": "Reference",
                  "text": "AuthService",
                  "canonicalReference": "@spartacus/cdc_root!AuthService:class"
                },
                {
                  "kind": "Content",
                  "text": ";"
                }
              ],
              "isOptional": false,
              "releaseTag": "Public",
              "name": "auth",
              "propertyTypeTokenRange": {
                "startIndex": 1,
                "endIndex": 2
              },
              "isStatic": false
            },
            {
              "kind": "Property",
              "canonicalReference": "@spartacus/cdc_root!CdcJsService#baseSiteService:member",
              "docComment": "",
              "excerptTokens": [
                {
                  "kind": "Content",
                  "text": "protected baseSiteService: "
                },
                {
                  "kind": "Reference",
                  "text": "BaseSiteService",
                  "canonicalReference": "@spartacus/cdc_root!BaseSiteService:class"
                },
                {
                  "kind": "Content",
                  "text": ";"
                }
              ],
              "isOptional": false,
              "releaseTag": "Public",
              "name": "baseSiteService",
              "propertyTypeTokenRange": {
                "startIndex": 1,
                "endIndex": 2
              },
              "isStatic": false
            },
            {
              "kind": "Property",
              "canonicalReference": "@spartacus/cdc_root!CdcJsService#cdcAuth:member",
              "docComment": "",
              "excerptTokens": [
                {
                  "kind": "Content",
                  "text": "protected cdcAuth: "
                },
                {
                  "kind": "Reference",
                  "text": "CdcAuthFacade",
                  "canonicalReference": "@spartacus/cdc_root!CdcAuthFacade:class"
                },
                {
                  "kind": "Content",
                  "text": ";"
                }
              ],
              "isOptional": false,
              "releaseTag": "Public",
              "name": "cdcAuth",
              "propertyTypeTokenRange": {
                "startIndex": 1,
                "endIndex": 2
              },
              "isStatic": false
            },
            {
              "kind": "Property",
              "canonicalReference": "@spartacus/cdc_root!CdcJsService#cdcConfig:member",
              "docComment": "",
              "excerptTokens": [
                {
                  "kind": "Content",
                  "text": "protected cdcConfig: "
                },
                {
                  "kind": "Reference",
                  "text": "CdcConfig",
                  "canonicalReference": "@spartacus/cdc_root!CdcConfig:class"
                },
                {
                  "kind": "Content",
                  "text": ";"
                }
              ],
              "isOptional": false,
              "releaseTag": "Public",
              "name": "cdcConfig",
              "propertyTypeTokenRange": {
                "startIndex": 1,
                "endIndex": 2
              },
              "isStatic": false
            },
            {
              "kind": "Method",
              "canonicalReference": "@spartacus/cdc_root!CdcJsService#didLoad:member(1)",
              "docComment": "/**\n * Returns observable with the information if CDC script is loaded.\n */\n",
              "excerptTokens": [
                {
                  "kind": "Content",
                  "text": "didLoad(): "
                },
                {
                  "kind": "Reference",
                  "text": "Observable",
                  "canonicalReference": "rxjs!Observable:class"
                },
                {
                  "kind": "Content",
                  "text": "<boolean>"
                },
                {
                  "kind": "Content",
                  "text": ";"
                }
              ],
              "isOptional": false,
              "isStatic": false,
              "returnTypeTokenRange": {
                "startIndex": 1,
                "endIndex": 3
              },
              "releaseTag": "Public",
              "overloadIndex": 1,
              "parameters": [],
              "name": "didLoad"
            },
            {
              "kind": "Method",
              "canonicalReference": "@spartacus/cdc_root!CdcJsService#didScriptFailToLoad:member(1)",
              "docComment": "/**\n * Returns observable with the information if CDC script failed to load.\n */\n",
              "excerptTokens": [
                {
                  "kind": "Content",
                  "text": "didScriptFailToLoad(): "
                },
                {
                  "kind": "Reference",
                  "text": "Observable",
                  "canonicalReference": "rxjs!Observable:class"
                },
                {
                  "kind": "Content",
                  "text": "<boolean>"
                },
                {
                  "kind": "Content",
                  "text": ";"
                }
              ],
              "isOptional": false,
              "isStatic": false,
              "returnTypeTokenRange": {
                "startIndex": 1,
                "endIndex": 3
              },
              "releaseTag": "Public",
              "overloadIndex": 1,
              "parameters": [],
              "name": "didScriptFailToLoad"
            },
            {
              "kind": "Property",
              "canonicalReference": "@spartacus/cdc_root!CdcJsService#errorLoading$:member",
              "docComment": "",
              "excerptTokens": [
                {
                  "kind": "Content",
                  "text": "protected errorLoading$: "
                },
                {
                  "kind": "Reference",
                  "text": "ReplaySubject",
                  "canonicalReference": "rxjs!ReplaySubject:class"
                },
                {
                  "kind": "Content",
                  "text": "<boolean>"
                },
                {
                  "kind": "Content",
                  "text": ";"
                }
              ],
              "isOptional": false,
              "releaseTag": "Public",
              "name": "errorLoading$",
              "propertyTypeTokenRange": {
                "startIndex": 1,
                "endIndex": 3
              },
              "isStatic": false
            },
            {
              "kind": "Method",
              "canonicalReference": "@spartacus/cdc_root!CdcJsService#initialize:member(1)",
              "docComment": "/**\n * Initialize CDC script\n */\n",
              "excerptTokens": [
                {
                  "kind": "Content",
                  "text": "initialize(): "
                },
                {
                  "kind": "Content",
                  "text": "void"
                },
                {
                  "kind": "Content",
                  "text": ";"
                }
              ],
              "isOptional": false,
              "isStatic": false,
              "returnTypeTokenRange": {
                "startIndex": 1,
                "endIndex": 2
              },
              "releaseTag": "Public",
              "overloadIndex": 1,
              "parameters": [],
              "name": "initialize"
            },
            {
              "kind": "Property",
              "canonicalReference": "@spartacus/cdc_root!CdcJsService#languageService:member",
              "docComment": "",
              "excerptTokens": [
                {
                  "kind": "Content",
                  "text": "protected languageService: "
                },
                {
                  "kind": "Reference",
                  "text": "LanguageService",
                  "canonicalReference": "@spartacus/cdc_root!LanguageService:class"
                },
                {
                  "kind": "Content",
                  "text": ";"
                }
              ],
              "isOptional": false,
              "releaseTag": "Public",
              "name": "languageService",
              "propertyTypeTokenRange": {
                "startIndex": 1,
                "endIndex": 2
              },
              "isStatic": false
            },
            {
              "kind": "Method",
              "canonicalReference": "@spartacus/cdc_root!CdcJsService#loadCdcJavascript:member(1)",
              "docComment": "/**\n * Method which loads the CDC Script\n */\n",
              "excerptTokens": [
                {
                  "kind": "Content",
                  "text": "loadCdcJavascript(): "
                },
                {
                  "kind": "Content",
                  "text": "void"
                },
                {
                  "kind": "Content",
                  "text": ";"
                }
              ],
              "isOptional": false,
              "isStatic": false,
              "returnTypeTokenRange": {
                "startIndex": 1,
                "endIndex": 2
              },
              "releaseTag": "Public",
              "overloadIndex": 1,
              "parameters": [],
              "name": "loadCdcJavascript"
            },
            {
              "kind": "Property",
              "canonicalReference": "@spartacus/cdc_root!CdcJsService#loaded$:member",
              "docComment": "",
              "excerptTokens": [
                {
                  "kind": "Content",
                  "text": "protected loaded$: "
                },
                {
                  "kind": "Reference",
                  "text": "ReplaySubject",
                  "canonicalReference": "rxjs!ReplaySubject:class"
                },
                {
                  "kind": "Content",
                  "text": "<boolean>"
                },
                {
                  "kind": "Content",
                  "text": ";"
                }
              ],
              "isOptional": false,
              "releaseTag": "Public",
              "name": "loaded$",
              "propertyTypeTokenRange": {
                "startIndex": 1,
                "endIndex": 3
              },
              "isStatic": false
            },
            {
              "kind": "Method",
              "canonicalReference": "@spartacus/cdc_root!CdcJsService#ngOnDestroy:member(1)",
              "docComment": "",
              "excerptTokens": [
                {
                  "kind": "Content",
                  "text": "ngOnDestroy(): "
                },
                {
                  "kind": "Content",
                  "text": "void"
                },
                {
                  "kind": "Content",
                  "text": ";"
                }
              ],
              "isOptional": false,
              "isStatic": false,
              "returnTypeTokenRange": {
                "startIndex": 1,
                "endIndex": 2
              },
              "releaseTag": "Public",
              "overloadIndex": 1,
              "parameters": [],
              "name": "ngOnDestroy"
            },
            {
              "kind": "Method",
              "canonicalReference": "@spartacus/cdc_root!CdcJsService#onLoginEventHandler:member(1)",
              "docComment": "/**\n * Trigger login to Commerce once an onLogin event is triggered by CDC Screen Set.\n *\n * @param baseSite - \n *\n * @param response - \n */\n",
              "excerptTokens": [
                {
                  "kind": "Content",
                  "text": "onLoginEventHandler(baseSite: "
                },
                {
                  "kind": "Content",
                  "text": "string"
                },
                {
                  "kind": "Content",
                  "text": ", response?: "
                },
                {
                  "kind": "Content",
                  "text": "any"
                },
                {
                  "kind": "Content",
                  "text": "): "
                },
                {
                  "kind": "Content",
                  "text": "void"
                },
                {
                  "kind": "Content",
                  "text": ";"
                }
              ],
              "isOptional": false,
              "isStatic": false,
              "returnTypeTokenRange": {
                "startIndex": 5,
                "endIndex": 6
              },
              "releaseTag": "Public",
              "overloadIndex": 1,
              "parameters": [
                {
                  "parameterName": "baseSite",
                  "parameterTypeTokenRange": {
                    "startIndex": 1,
                    "endIndex": 2
                  }
                },
                {
                  "parameterName": "response",
                  "parameterTypeTokenRange": {
                    "startIndex": 3,
                    "endIndex": 4
                  }
                }
              ],
              "name": "onLoginEventHandler"
            },
            {
              "kind": "Method",
              "canonicalReference": "@spartacus/cdc_root!CdcJsService#onProfileUpdateEventHandler:member(1)",
              "docComment": "/**\n * Updates user details using the existing User API\n *\n * @param response - \n */\n",
              "excerptTokens": [
                {
                  "kind": "Content",
                  "text": "onProfileUpdateEventHandler(response?: "
                },
                {
                  "kind": "Content",
                  "text": "any"
                },
                {
                  "kind": "Content",
                  "text": "): "
                },
                {
                  "kind": "Content",
                  "text": "void"
                },
                {
                  "kind": "Content",
                  "text": ";"
                }
              ],
              "isOptional": false,
              "isStatic": false,
              "returnTypeTokenRange": {
                "startIndex": 3,
                "endIndex": 4
              },
              "releaseTag": "Public",
              "overloadIndex": 1,
              "parameters": [
                {
                  "parameterName": "response",
                  "parameterTypeTokenRange": {
                    "startIndex": 1,
                    "endIndex": 2
                  }
                }
              ],
              "name": "onProfileUpdateEventHandler"
            },
            {
              "kind": "Property",
              "canonicalReference": "@spartacus/cdc_root!CdcJsService.ɵfac:member",
              "docComment": "",
              "excerptTokens": [
                {
                  "kind": "Content",
                  "text": "static ɵfac: "
                },
                {
                  "kind": "Content",
                  "text": "i0."
                },
                {
                  "kind": "Reference",
                  "text": "ɵɵFactoryDeclaration",
                  "canonicalReference": "@angular/core!ɵɵFactoryDeclaration:type"
                },
                {
                  "kind": "Content",
                  "text": "<"
                },
                {
                  "kind": "Reference",
                  "text": "CdcJsService",
                  "canonicalReference": "@spartacus/cdc_root!CdcJsService:class"
                },
                {
                  "kind": "Content",
                  "text": ", never>"
                },
                {
                  "kind": "Content",
                  "text": ";"
                }
              ],
              "isOptional": false,
              "releaseTag": "Public",
              "name": "ɵfac",
              "propertyTypeTokenRange": {
                "startIndex": 1,
                "endIndex": 6
              },
              "isStatic": true
            },
            {
              "kind": "Property",
              "canonicalReference": "@spartacus/cdc_root!CdcJsService.ɵprov:member",
              "docComment": "",
              "excerptTokens": [
                {
                  "kind": "Content",
                  "text": "static ɵprov: "
                },
                {
                  "kind": "Content",
                  "text": "i0."
                },
                {
                  "kind": "Reference",
                  "text": "ɵɵInjectableDeclaration",
                  "canonicalReference": "@angular/core!ɵɵInjectableDeclaration:interface"
                },
                {
                  "kind": "Content",
                  "text": "<"
                },
                {
                  "kind": "Reference",
                  "text": "CdcJsService",
                  "canonicalReference": "@spartacus/cdc_root!CdcJsService:class"
                },
                {
                  "kind": "Content",
                  "text": ">"
                },
                {
                  "kind": "Content",
                  "text": ";"
                }
              ],
              "isOptional": false,
              "releaseTag": "Public",
              "name": "ɵprov",
              "propertyTypeTokenRange": {
                "startIndex": 1,
                "endIndex": 6
              },
              "isStatic": true
            },
            {
              "kind": "Property",
              "canonicalReference": "@spartacus/cdc_root!CdcJsService#platform:member",
              "docComment": "",
              "excerptTokens": [
                {
                  "kind": "Content",
                  "text": "protected platform: "
                },
                {
                  "kind": "Content",
                  "text": "any"
                },
                {
                  "kind": "Content",
                  "text": ";"
                }
              ],
              "isOptional": false,
              "releaseTag": "Public",
              "name": "platform",
              "propertyTypeTokenRange": {
                "startIndex": 1,
                "endIndex": 2
              },
              "isStatic": false
            },
            {
              "kind": "Method",
              "canonicalReference": "@spartacus/cdc_root!CdcJsService#registerEventListeners:member(1)",
              "docComment": "/**\n * Register login event listeners for CDC login\n *\n * @param baseSite - \n */\n",
              "excerptTokens": [
                {
                  "kind": "Content",
                  "text": "protected registerEventListeners(baseSite: "
                },
                {
                  "kind": "Content",
                  "text": "string"
                },
                {
                  "kind": "Content",
                  "text": "): "
                },
                {
                  "kind": "Content",
                  "text": "void"
                },
                {
                  "kind": "Content",
                  "text": ";"
                }
              ],
              "isOptional": false,
              "isStatic": false,
              "returnTypeTokenRange": {
                "startIndex": 3,
                "endIndex": 4
              },
              "releaseTag": "Public",
              "overloadIndex": 1,
              "parameters": [
                {
                  "parameterName": "baseSite",
                  "parameterTypeTokenRange": {
                    "startIndex": 1,
                    "endIndex": 2
                  }
                }
              ],
              "name": "registerEventListeners"
            },
            {
              "kind": "Property",
              "canonicalReference": "@spartacus/cdc_root!CdcJsService#scriptLoader:member",
              "docComment": "",
              "excerptTokens": [
                {
                  "kind": "Content",
                  "text": "protected scriptLoader: "
                },
                {
                  "kind": "Reference",
                  "text": "ScriptLoader",
                  "canonicalReference": "@spartacus/cdc_root!ScriptLoader:class"
                },
                {
                  "kind": "Content",
                  "text": ";"
                }
              ],
              "isOptional": false,
              "releaseTag": "Public",
              "name": "scriptLoader",
              "propertyTypeTokenRange": {
                "startIndex": 1,
                "endIndex": 2
              },
              "isStatic": false
            },
            {
              "kind": "Property",
              "canonicalReference": "@spartacus/cdc_root!CdcJsService#subscription:member",
              "docComment": "",
              "excerptTokens": [
                {
                  "kind": "Content",
                  "text": "protected subscription: "
                },
                {
                  "kind": "Reference",
                  "text": "Subscription",
                  "canonicalReference": "rxjs!Subscription:class"
                },
                {
                  "kind": "Content",
                  "text": ";"
                }
              ],
              "isOptional": false,
              "releaseTag": "Public",
              "name": "subscription",
              "propertyTypeTokenRange": {
                "startIndex": 1,
                "endIndex": 2
              },
              "isStatic": false
            },
            {
              "kind": "Property",
              "canonicalReference": "@spartacus/cdc_root!CdcJsService#userProfileFacade:member",
              "docComment": "",
              "excerptTokens": [
                {
                  "kind": "Content",
                  "text": "protected userProfileFacade: "
                },
                {
                  "kind": "Reference",
                  "text": "UserProfileFacade",
                  "canonicalReference": "@spartacus/cdc_root!UserProfileFacade:class"
                },
                {
                  "kind": "Content",
                  "text": ";"
                }
              ],
              "isOptional": false,
              "releaseTag": "Public",
              "name": "userProfileFacade",
              "propertyTypeTokenRange": {
                "startIndex": 1,
                "endIndex": 2
              },
              "isStatic": false
            },
            {
              "kind": "Property",
              "canonicalReference": "@spartacus/cdc_root!CdcJsService#winRef:member",
              "docComment": "",
              "excerptTokens": [
                {
                  "kind": "Content",
                  "text": "protected winRef: "
                },
                {
                  "kind": "Reference",
                  "text": "WindowRef",
                  "canonicalReference": "@spartacus/cdc_root!WindowRef:class"
                },
                {
                  "kind": "Content",
                  "text": ";"
                }
              ],
              "isOptional": false,
              "releaseTag": "Public",
              "name": "winRef",
              "propertyTypeTokenRange": {
                "startIndex": 1,
                "endIndex": 2
              },
              "isStatic": false
            },
            {
              "kind": "Property",
              "canonicalReference": "@spartacus/cdc_root!CdcJsService#zone:member",
              "docComment": "",
              "excerptTokens": [
                {
                  "kind": "Content",
                  "text": "protected zone: "
                },
                {
                  "kind": "Reference",
                  "text": "NgZone",
                  "canonicalReference": "@angular/core!NgZone:class"
                },
                {
                  "kind": "Content",
                  "text": ";"
                }
              ],
              "isOptional": false,
              "releaseTag": "Public",
              "name": "zone",
              "propertyTypeTokenRange": {
                "startIndex": 1,
                "endIndex": 2
              },
              "isStatic": false
            }
          ],
          "implementsTokenRanges": [
            {
              "startIndex": 1,
              "endIndex": 3
            }
          ]
        },
        {
          "kind": "Class",
          "canonicalReference": "@spartacus/cdc_root!CdcLogoutGuard:class",
          "docComment": "/**\n * CDC version of logout guard. In addition to token revocation we invoke logout method from CDC JS lib.\n *\n * @override\n */\n",
          "excerptTokens": [
            {
              "kind": "Content",
              "text": "export declare class CdcLogoutGuard extends "
            },
            {
              "kind": "Reference",
              "text": "LogoutGuard",
              "canonicalReference": "@spartacus/cdc_root!LogoutGuard:class"
            },
            {
              "kind": "Content",
              "text": " "
            }
          ],
          "releaseTag": "Public",
          "name": "CdcLogoutGuard",
          "members": [
            {
              "kind": "Constructor",
              "canonicalReference": "@spartacus/cdc_root!CdcLogoutGuard:constructor(1)",
              "docComment": "/**\n * Constructs a new instance of the `CdcLogoutGuard` class\n */\n",
              "excerptTokens": [
                {
                  "kind": "Content",
                  "text": "constructor(auth: "
                },
                {
                  "kind": "Reference",
                  "text": "AuthService",
                  "canonicalReference": "@spartacus/cdc_root!AuthService:class"
                },
                {
                  "kind": "Content",
                  "text": ", cms: "
                },
                {
                  "kind": "Reference",
                  "text": "CmsService",
                  "canonicalReference": "@spartacus/cdc_root!CmsService:class"
                },
                {
                  "kind": "Content",
                  "text": ", semanticPathService: "
                },
                {
                  "kind": "Reference",
                  "text": "SemanticPathService",
                  "canonicalReference": "@spartacus/cdc_root!SemanticPathService:class"
                },
                {
                  "kind": "Content",
                  "text": ", protectedRoutes: "
                },
                {
                  "kind": "Reference",
                  "text": "ProtectedRoutesService",
                  "canonicalReference": "@spartacus/cdc_root!ProtectedRoutesService:class"
                },
                {
                  "kind": "Content",
                  "text": ", router: "
                },
                {
                  "kind": "Reference",
                  "text": "Router",
                  "canonicalReference": "@angular/router!Router:class"
                },
                {
                  "kind": "Content",
                  "text": ", winRef: "
                },
                {
                  "kind": "Reference",
                  "text": "WindowRef",
                  "canonicalReference": "@spartacus/cdc_root!WindowRef:class"
                },
                {
                  "kind": "Content",
                  "text": ", authRedirectService: "
                },
                {
                  "kind": "Reference",
                  "text": "AuthRedirectService",
                  "canonicalReference": "@spartacus/cdc_root!AuthRedirectService:class"
                },
                {
                  "kind": "Content",
                  "text": ");"
                }
              ],
              "releaseTag": "Public",
              "overloadIndex": 1,
              "parameters": [
                {
                  "parameterName": "auth",
                  "parameterTypeTokenRange": {
                    "startIndex": 1,
                    "endIndex": 2
                  }
                },
                {
                  "parameterName": "cms",
                  "parameterTypeTokenRange": {
                    "startIndex": 3,
                    "endIndex": 4
                  }
                },
                {
                  "parameterName": "semanticPathService",
                  "parameterTypeTokenRange": {
                    "startIndex": 5,
                    "endIndex": 6
                  }
                },
                {
                  "parameterName": "protectedRoutes",
                  "parameterTypeTokenRange": {
                    "startIndex": 7,
                    "endIndex": 8
                  }
                },
                {
                  "parameterName": "router",
                  "parameterTypeTokenRange": {
                    "startIndex": 9,
                    "endIndex": 10
                  }
                },
                {
                  "parameterName": "winRef",
                  "parameterTypeTokenRange": {
                    "startIndex": 11,
                    "endIndex": 12
                  }
                },
                {
                  "parameterName": "authRedirectService",
                  "parameterTypeTokenRange": {
                    "startIndex": 13,
                    "endIndex": 14
                  }
                }
              ]
            },
            {
              "kind": "Property",
              "canonicalReference": "@spartacus/cdc_root!CdcLogoutGuard#auth:member",
              "docComment": "",
              "excerptTokens": [
                {
                  "kind": "Content",
                  "text": "protected auth: "
                },
                {
                  "kind": "Reference",
                  "text": "AuthService",
                  "canonicalReference": "@spartacus/cdc_root!AuthService:class"
                },
                {
                  "kind": "Content",
                  "text": ";"
                }
              ],
              "isOptional": false,
              "releaseTag": "Public",
              "name": "auth",
              "propertyTypeTokenRange": {
                "startIndex": 1,
                "endIndex": 2
              },
              "isStatic": false
            },
            {
              "kind": "Property",
              "canonicalReference": "@spartacus/cdc_root!CdcLogoutGuard#authRedirectService:member",
              "docComment": "",
              "excerptTokens": [
                {
                  "kind": "Content",
                  "text": "protected authRedirectService: "
                },
                {
                  "kind": "Reference",
                  "text": "AuthRedirectService",
                  "canonicalReference": "@spartacus/cdc_root!AuthRedirectService:class"
                },
                {
                  "kind": "Content",
                  "text": ";"
                }
              ],
              "isOptional": false,
              "releaseTag": "Public",
              "name": "authRedirectService",
              "propertyTypeTokenRange": {
                "startIndex": 1,
                "endIndex": 2
              },
              "isStatic": false
            },
            {
              "kind": "Property",
              "canonicalReference": "@spartacus/cdc_root!CdcLogoutGuard#cms:member",
              "docComment": "",
              "excerptTokens": [
                {
                  "kind": "Content",
                  "text": "protected cms: "
                },
                {
                  "kind": "Reference",
                  "text": "CmsService",
                  "canonicalReference": "@spartacus/cdc_root!CmsService:class"
                },
                {
                  "kind": "Content",
                  "text": ";"
                }
              ],
              "isOptional": false,
              "releaseTag": "Public",
              "name": "cms",
              "propertyTypeTokenRange": {
                "startIndex": 1,
                "endIndex": 2
              },
              "isStatic": false
            },
            {
              "kind": "Method",
              "canonicalReference": "@spartacus/cdc_root!CdcLogoutGuard#logout:member(1)",
              "docComment": "/**\n * @returns promise to resolve after complete logout\n *\n * @override\n */\n",
              "excerptTokens": [
                {
                  "kind": "Content",
                  "text": "protected logout(): "
                },
                {
                  "kind": "Reference",
                  "text": "Promise",
                  "canonicalReference": "!Promise:interface"
                },
                {
                  "kind": "Content",
                  "text": "<any>"
                },
                {
                  "kind": "Content",
                  "text": ";"
                }
              ],
              "isOptional": false,
              "isStatic": false,
              "returnTypeTokenRange": {
                "startIndex": 1,
                "endIndex": 3
              },
              "releaseTag": "Public",
              "overloadIndex": 1,
              "parameters": [],
              "name": "logout"
            },
            {
              "kind": "Method",
              "canonicalReference": "@spartacus/cdc_root!CdcLogoutGuard#logoutFromCdc:member(1)",
              "docComment": "/**\n * Logout user from CDC\n */\n",
              "excerptTokens": [
                {
                  "kind": "Content",
                  "text": "protected logoutFromCdc(): "
                },
                {
                  "kind": "Content",
                  "text": "void"
                },
                {
                  "kind": "Content",
                  "text": ";"
                }
              ],
              "isOptional": false,
              "isStatic": false,
              "returnTypeTokenRange": {
                "startIndex": 1,
                "endIndex": 2
              },
              "releaseTag": "Public",
              "overloadIndex": 1,
              "parameters": [],
              "name": "logoutFromCdc"
            },
            {
              "kind": "Property",
              "canonicalReference": "@spartacus/cdc_root!CdcLogoutGuard.ɵfac:member",
              "docComment": "",
              "excerptTokens": [
                {
                  "kind": "Content",
                  "text": "static ɵfac: "
                },
                {
                  "kind": "Content",
                  "text": "i0."
                },
                {
                  "kind": "Reference",
                  "text": "ɵɵFactoryDeclaration",
                  "canonicalReference": "@angular/core!ɵɵFactoryDeclaration:type"
                },
                {
                  "kind": "Content",
                  "text": "<"
                },
                {
                  "kind": "Reference",
                  "text": "CdcLogoutGuard",
                  "canonicalReference": "@spartacus/cdc_root!CdcLogoutGuard:class"
                },
                {
                  "kind": "Content",
                  "text": ", never>"
                },
                {
                  "kind": "Content",
                  "text": ";"
                }
              ],
              "isOptional": false,
              "releaseTag": "Public",
              "name": "ɵfac",
              "propertyTypeTokenRange": {
                "startIndex": 1,
                "endIndex": 6
              },
              "isStatic": true
            },
            {
              "kind": "Property",
              "canonicalReference": "@spartacus/cdc_root!CdcLogoutGuard.ɵprov:member",
              "docComment": "",
              "excerptTokens": [
                {
                  "kind": "Content",
                  "text": "static ɵprov: "
                },
                {
                  "kind": "Content",
                  "text": "i0."
                },
                {
                  "kind": "Reference",
                  "text": "ɵɵInjectableDeclaration",
                  "canonicalReference": "@angular/core!ɵɵInjectableDeclaration:interface"
                },
                {
                  "kind": "Content",
                  "text": "<"
                },
                {
                  "kind": "Reference",
                  "text": "CdcLogoutGuard",
                  "canonicalReference": "@spartacus/cdc_root!CdcLogoutGuard:class"
                },
                {
                  "kind": "Content",
                  "text": ">"
                },
                {
                  "kind": "Content",
                  "text": ";"
                }
              ],
              "isOptional": false,
              "releaseTag": "Public",
              "name": "ɵprov",
              "propertyTypeTokenRange": {
                "startIndex": 1,
                "endIndex": 6
              },
              "isStatic": true
            },
            {
              "kind": "Property",
              "canonicalReference": "@spartacus/cdc_root!CdcLogoutGuard#protectedRoutes:member",
              "docComment": "",
              "excerptTokens": [
                {
                  "kind": "Content",
                  "text": "protected protectedRoutes: "
                },
                {
                  "kind": "Reference",
                  "text": "ProtectedRoutesService",
                  "canonicalReference": "@spartacus/cdc_root!ProtectedRoutesService:class"
                },
                {
                  "kind": "Content",
                  "text": ";"
                }
              ],
              "isOptional": false,
              "releaseTag": "Public",
              "name": "protectedRoutes",
              "propertyTypeTokenRange": {
                "startIndex": 1,
                "endIndex": 2
              },
              "isStatic": false
            },
            {
              "kind": "Property",
              "canonicalReference": "@spartacus/cdc_root!CdcLogoutGuard#router:member",
              "docComment": "",
              "excerptTokens": [
                {
                  "kind": "Content",
                  "text": "protected router: "
                },
                {
                  "kind": "Reference",
                  "text": "Router",
                  "canonicalReference": "@angular/router!Router:class"
                },
                {
                  "kind": "Content",
                  "text": ";"
                }
              ],
              "isOptional": false,
              "releaseTag": "Public",
              "name": "router",
              "propertyTypeTokenRange": {
                "startIndex": 1,
                "endIndex": 2
              },
              "isStatic": false
            },
            {
              "kind": "Property",
              "canonicalReference": "@spartacus/cdc_root!CdcLogoutGuard#semanticPathService:member",
              "docComment": "",
              "excerptTokens": [
                {
                  "kind": "Content",
                  "text": "protected semanticPathService: "
                },
                {
                  "kind": "Reference",
                  "text": "SemanticPathService",
                  "canonicalReference": "@spartacus/cdc_root!SemanticPathService:class"
                },
                {
                  "kind": "Content",
                  "text": ";"
                }
              ],
              "isOptional": false,
              "releaseTag": "Public",
              "name": "semanticPathService",
              "propertyTypeTokenRange": {
                "startIndex": 1,
                "endIndex": 2
              },
              "isStatic": false
            },
            {
              "kind": "Property",
              "canonicalReference": "@spartacus/cdc_root!CdcLogoutGuard#winRef:member",
              "docComment": "",
              "excerptTokens": [
                {
                  "kind": "Content",
                  "text": "protected winRef: "
                },
                {
                  "kind": "Reference",
                  "text": "WindowRef",
                  "canonicalReference": "@spartacus/cdc_root!WindowRef:class"
                },
                {
                  "kind": "Content",
                  "text": ";"
                }
              ],
              "isOptional": false,
              "releaseTag": "Public",
              "name": "winRef",
              "propertyTypeTokenRange": {
                "startIndex": 1,
                "endIndex": 2
              },
              "isStatic": false
            }
          ],
          "extendsTokenRange": {
            "startIndex": 1,
            "endIndex": 3
          },
          "implementsTokenRanges": []
        },
        {
          "kind": "Class",
          "canonicalReference": "@spartacus/cdc_root!CdcRootModule:class",
          "docComment": "",
          "excerptTokens": [
            {
              "kind": "Content",
              "text": "export declare class CdcRootModule "
            }
          ],
          "releaseTag": "Public",
          "name": "CdcRootModule",
          "members": [
            {
              "kind": "Property",
              "canonicalReference": "@spartacus/cdc_root!CdcRootModule.ɵfac:member",
              "docComment": "",
              "excerptTokens": [
                {
                  "kind": "Content",
                  "text": "static ɵfac: "
                },
                {
                  "kind": "Content",
                  "text": "i0."
                },
                {
                  "kind": "Reference",
                  "text": "ɵɵFactoryDeclaration",
                  "canonicalReference": "@angular/core!ɵɵFactoryDeclaration:type"
                },
                {
                  "kind": "Content",
                  "text": "<"
                },
                {
                  "kind": "Reference",
                  "text": "CdcRootModule",
                  "canonicalReference": "@spartacus/cdc_root!CdcRootModule:class"
                },
                {
                  "kind": "Content",
                  "text": ", never>"
                },
                {
                  "kind": "Content",
                  "text": ";"
                }
              ],
              "isOptional": false,
              "releaseTag": "Public",
              "name": "ɵfac",
              "propertyTypeTokenRange": {
                "startIndex": 1,
                "endIndex": 6
              },
              "isStatic": true
            },
            {
              "kind": "Property",
              "canonicalReference": "@spartacus/cdc_root!CdcRootModule.ɵinj:member",
              "docComment": "",
              "excerptTokens": [
                {
                  "kind": "Content",
                  "text": "static ɵinj: "
                },
                {
                  "kind": "Content",
                  "text": "i0."
                },
                {
                  "kind": "Reference",
                  "text": "ɵɵInjectorDeclaration",
                  "canonicalReference": "@angular/core!ɵɵInjectorDeclaration:type"
                },
                {
                  "kind": "Content",
                  "text": "<"
                },
                {
                  "kind": "Reference",
                  "text": "CdcRootModule",
                  "canonicalReference": "@spartacus/cdc_root!CdcRootModule:class"
                },
                {
                  "kind": "Content",
                  "text": ">"
                },
                {
                  "kind": "Content",
                  "text": ";"
                }
              ],
              "isOptional": false,
              "releaseTag": "Public",
              "name": "ɵinj",
              "propertyTypeTokenRange": {
                "startIndex": 1,
                "endIndex": 6
              },
              "isStatic": true
            },
            {
              "kind": "Property",
              "canonicalReference": "@spartacus/cdc_root!CdcRootModule.ɵmod:member",
              "docComment": "",
              "excerptTokens": [
                {
                  "kind": "Content",
                  "text": "static ɵmod: "
                },
                {
                  "kind": "Content",
                  "text": "i0."
                },
                {
                  "kind": "Reference",
                  "text": "ɵɵNgModuleDeclaration",
                  "canonicalReference": "@angular/core!ɵɵNgModuleDeclaration:type"
                },
                {
                  "kind": "Content",
                  "text": "<"
                },
                {
                  "kind": "Reference",
                  "text": "CdcRootModule",
                  "canonicalReference": "@spartacus/cdc_root!CdcRootModule:class"
                },
                {
                  "kind": "Content",
                  "text": ", never, never, never>"
                },
                {
                  "kind": "Content",
                  "text": ";"
                }
              ],
              "isOptional": false,
              "releaseTag": "Public",
              "name": "ɵmod",
              "propertyTypeTokenRange": {
                "startIndex": 1,
                "endIndex": 6
              },
              "isStatic": true
            }
          ],
          "implementsTokenRanges": []
        },
        {
          "kind": "Function",
          "canonicalReference": "@spartacus/cdc_root!defaultCdcComponentsConfig:function(1)",
          "docComment": "",
          "excerptTokens": [
            {
              "kind": "Content",
              "text": "export declare function defaultCdcComponentsConfig(): "
            },
            {
              "kind": "Reference",
              "text": "CmsConfig",
              "canonicalReference": "@spartacus/cdc_root!CmsConfig:class"
            },
            {
              "kind": "Content",
              "text": ";"
            }
          ],
          "returnTypeTokenRange": {
            "startIndex": 1,
            "endIndex": 2
          },
          "releaseTag": "Public",
          "overloadIndex": 1,
          "parameters": [],
          "name": "defaultCdcComponentsConfig"
        }
      ]
    }
  ]
}
