{
  "metadata": {
    "toolPackage": "@microsoft/api-extractor",
    "toolVersion": "7.19.4",
    "schemaVersion": 1004,
    "oldestForwardsCompatibleVersion": 1001,
    "tsdocConfig": {
      "$schema": "https://developer.microsoft.com/json-schemas/tsdoc/v0/tsdoc.schema.json",
      "noStandardTags": true,
      "tagDefinitions": [
        {
          "tagName": "@alpha",
          "syntaxKind": "modifier"
        },
        {
          "tagName": "@beta",
          "syntaxKind": "modifier"
        },
        {
          "tagName": "@defaultValue",
          "syntaxKind": "block"
        },
        {
          "tagName": "@decorator",
          "syntaxKind": "block",
          "allowMultiple": true
        },
        {
          "tagName": "@deprecated",
          "syntaxKind": "block"
        },
        {
          "tagName": "@eventProperty",
          "syntaxKind": "modifier"
        },
        {
          "tagName": "@example",
          "syntaxKind": "block",
          "allowMultiple": true
        },
        {
          "tagName": "@experimental",
          "syntaxKind": "modifier"
        },
        {
          "tagName": "@inheritDoc",
          "syntaxKind": "inline"
        },
        {
          "tagName": "@internal",
          "syntaxKind": "modifier"
        },
        {
          "tagName": "@label",
          "syntaxKind": "inline"
        },
        {
          "tagName": "@link",
          "syntaxKind": "inline",
          "allowMultiple": true
        },
        {
          "tagName": "@override",
          "syntaxKind": "modifier"
        },
        {
          "tagName": "@packageDocumentation",
          "syntaxKind": "modifier"
        },
        {
          "tagName": "@param",
          "syntaxKind": "block",
          "allowMultiple": true
        },
        {
          "tagName": "@privateRemarks",
          "syntaxKind": "block"
        },
        {
          "tagName": "@public",
          "syntaxKind": "modifier"
        },
        {
          "tagName": "@readonly",
          "syntaxKind": "modifier"
        },
        {
          "tagName": "@remarks",
          "syntaxKind": "block"
        },
        {
          "tagName": "@returns",
          "syntaxKind": "block"
        },
        {
          "tagName": "@sealed",
          "syntaxKind": "modifier"
        },
        {
          "tagName": "@see",
          "syntaxKind": "block"
        },
        {
          "tagName": "@throws",
          "syntaxKind": "block",
          "allowMultiple": true
        },
        {
          "tagName": "@typeParam",
          "syntaxKind": "block",
          "allowMultiple": true
        },
        {
          "tagName": "@virtual",
          "syntaxKind": "modifier"
        },
        {
          "tagName": "@betaDocumentation",
          "syntaxKind": "modifier"
        },
        {
          "tagName": "@internalRemarks",
          "syntaxKind": "block"
        },
        {
          "tagName": "@preapproved",
          "syntaxKind": "modifier"
        }
      ],
      "supportForTags": {
        "@alpha": true,
        "@beta": true,
        "@defaultValue": true,
        "@decorator": true,
        "@deprecated": true,
        "@eventProperty": true,
        "@example": true,
        "@experimental": true,
        "@inheritDoc": true,
        "@internal": true,
        "@label": true,
        "@link": true,
        "@override": true,
        "@packageDocumentation": true,
        "@param": true,
        "@privateRemarks": true,
        "@public": true,
        "@readonly": true,
        "@remarks": true,
        "@returns": true,
        "@sealed": true,
        "@see": true,
        "@throws": true,
        "@typeParam": true,
        "@virtual": true,
        "@betaDocumentation": true,
        "@internalRemarks": true,
        "@preapproved": true
      }
    }
  },
  "kind": "Package",
  "canonicalReference": "@spartacus/epd-visualization_core!",
  "docComment": "",
  "name": "@spartacus/epd-visualization_core",
  "members": [
    {
      "kind": "EntryPoint",
      "canonicalReference": "@spartacus/epd-visualization_core!",
      "name": "",
      "members": [
        {
          "kind": "Class",
          "canonicalReference": "@spartacus/epd-visualization_core!EpdVisualizationCoreModule:class",
          "docComment": "",
          "excerptTokens": [
            {
              "kind": "Content",
              "text": "export declare class EpdVisualizationCoreModule "
            }
          ],
          "releaseTag": "Public",
          "name": "EpdVisualizationCoreModule",
          "members": [
            {
              "kind": "Property",
              "canonicalReference": "@spartacus/epd-visualization_core!EpdVisualizationCoreModule.ɵfac:member",
              "docComment": "",
              "excerptTokens": [
                {
                  "kind": "Content",
                  "text": "static ɵfac: "
                },
                {
                  "kind": "Content",
                  "text": "i0."
                },
                {
                  "kind": "Reference",
                  "text": "ɵɵFactoryDeclaration",
                  "canonicalReference": "@angular/core!ɵɵFactoryDeclaration:type"
                },
                {
                  "kind": "Content",
                  "text": "<"
                },
                {
                  "kind": "Reference",
                  "text": "EpdVisualizationCoreModule",
                  "canonicalReference": "@spartacus/epd-visualization_core!EpdVisualizationCoreModule:class"
                },
                {
                  "kind": "Content",
                  "text": ", never>"
                },
                {
                  "kind": "Content",
                  "text": ";"
                }
              ],
              "isOptional": false,
              "releaseTag": "Public",
              "name": "ɵfac",
              "propertyTypeTokenRange": {
                "startIndex": 1,
                "endIndex": 6
              },
              "isStatic": true
            },
            {
              "kind": "Property",
              "canonicalReference": "@spartacus/epd-visualization_core!EpdVisualizationCoreModule.ɵinj:member",
              "docComment": "",
              "excerptTokens": [
                {
                  "kind": "Content",
                  "text": "static ɵinj: "
                },
                {
                  "kind": "Content",
                  "text": "i0."
                },
                {
                  "kind": "Reference",
                  "text": "ɵɵInjectorDeclaration",
                  "canonicalReference": "@angular/core!ɵɵInjectorDeclaration:type"
                },
                {
                  "kind": "Content",
                  "text": "<"
                },
                {
                  "kind": "Reference",
                  "text": "EpdVisualizationCoreModule",
                  "canonicalReference": "@spartacus/epd-visualization_core!EpdVisualizationCoreModule:class"
                },
                {
                  "kind": "Content",
                  "text": ">"
                },
                {
                  "kind": "Content",
                  "text": ";"
                }
              ],
              "isOptional": false,
              "releaseTag": "Public",
              "name": "ɵinj",
              "propertyTypeTokenRange": {
                "startIndex": 1,
                "endIndex": 6
              },
              "isStatic": true
            },
            {
              "kind": "Property",
              "canonicalReference": "@spartacus/epd-visualization_core!EpdVisualizationCoreModule.ɵmod:member",
              "docComment": "",
              "excerptTokens": [
                {
                  "kind": "Content",
                  "text": "static ɵmod: "
                },
                {
                  "kind": "Content",
                  "text": "i0."
                },
                {
                  "kind": "Reference",
                  "text": "ɵɵNgModuleDeclaration",
                  "canonicalReference": "@angular/core!ɵɵNgModuleDeclaration:type"
                },
                {
                  "kind": "Content",
                  "text": "<"
                },
                {
                  "kind": "Reference",
                  "text": "EpdVisualizationCoreModule",
                  "canonicalReference": "@spartacus/epd-visualization_core!EpdVisualizationCoreModule:class"
                },
                {
                  "kind": "Content",
                  "text": ", never, never, never>"
                },
                {
                  "kind": "Content",
                  "text": ";"
                }
              ],
              "isOptional": false,
              "releaseTag": "Public",
              "name": "ɵmod",
              "propertyTypeTokenRange": {
                "startIndex": 1,
                "endIndex": 6
              },
              "isStatic": true
            }
          ],
          "implementsTokenRanges": []
        },
        {
          "kind": "Variable",
          "canonicalReference": "@spartacus/epd-visualization_core!LOOKUP_VISUALIZATIONS_RESPONSE_NORMALIZER:var",
          "docComment": "",
          "excerptTokens": [
            {
              "kind": "Content",
              "text": "LOOKUP_VISUALIZATIONS_RESPONSE_NORMALIZER: "
            },
            {
              "kind": "Reference",
              "text": "InjectionToken",
              "canonicalReference": "@angular/core!InjectionToken:class"
            },
            {
              "kind": "Content",
              "text": "<"
            },
            {
              "kind": "Reference",
              "text": "Converter",
              "canonicalReference": "@spartacus/epd-visualization_core!Converter:interface"
            },
            {
              "kind": "Content",
              "text": "<any, "
            },
            {
              "kind": "Reference",
              "text": "LookupVisualizationsResponse",
              "canonicalReference": "@spartacus/epd-visualization_core!LookupVisualizationsResponse:interface"
            },
            {
              "kind": "Content",
              "text": ">>"
            }
          ],
          "releaseTag": "Public",
          "name": "LOOKUP_VISUALIZATIONS_RESPONSE_NORMALIZER",
          "variableTypeTokenRange": {
            "startIndex": 1,
            "endIndex": 7
          }
        },
        {
          "kind": "Interface",
          "canonicalReference": "@spartacus/epd-visualization_core!LookupVisualizationsResponse:interface",
          "docComment": "",
          "excerptTokens": [
            {
              "kind": "Content",
              "text": "export interface LookupVisualizationsResponse "
            }
          ],
          "releaseTag": "Public",
          "name": "LookupVisualizationsResponse",
          "members": [
            {
              "kind": "PropertySignature",
              "canonicalReference": "@spartacus/epd-visualization_core!LookupVisualizationsResponse#visualizations:member",
              "docComment": "",
              "excerptTokens": [
                {
                  "kind": "Content",
                  "text": "visualizations?: "
                },
                {
                  "kind": "Reference",
                  "text": "VisualizationInfo",
                  "canonicalReference": "@spartacus/epd-visualization_core!VisualizationInfo:interface"
                },
                {
                  "kind": "Content",
                  "text": "[]"
                },
                {
                  "kind": "Content",
                  "text": ";"
                }
              ],
              "isOptional": true,
              "releaseTag": "Public",
              "name": "visualizations",
              "propertyTypeTokenRange": {
                "startIndex": 1,
                "endIndex": 3
              }
            }
          ],
          "extendsTokenRanges": []
        },
        {
          "kind": "Interface",
          "canonicalReference": "@spartacus/epd-visualization_core!Metadatum:interface",
          "docComment": "",
          "excerptTokens": [
            {
              "kind": "Content",
              "text": "export interface Metadatum "
            }
          ],
          "releaseTag": "Public",
          "name": "Metadatum",
          "members": [
            {
              "kind": "PropertySignature",
              "canonicalReference": "@spartacus/epd-visualization_core!Metadatum#category:member",
              "docComment": "",
              "excerptTokens": [
                {
                  "kind": "Content",
                  "text": "category: "
                },
                {
                  "kind": "Content",
                  "text": "string"
                },
                {
                  "kind": "Content",
                  "text": ";"
                }
              ],
              "isOptional": false,
              "releaseTag": "Public",
              "name": "category",
              "propertyTypeTokenRange": {
                "startIndex": 1,
                "endIndex": 2
              }
            },
            {
              "kind": "PropertySignature",
              "canonicalReference": "@spartacus/epd-visualization_core!Metadatum#source:member",
              "docComment": "",
              "excerptTokens": [
                {
                  "kind": "Content",
                  "text": "source: "
                },
                {
                  "kind": "Content",
                  "text": "string"
                },
                {
                  "kind": "Content",
                  "text": ";"
                }
              ],
              "isOptional": false,
              "releaseTag": "Public",
              "name": "source",
              "propertyTypeTokenRange": {
                "startIndex": 1,
                "endIndex": 2
              }
            },
            {
              "kind": "PropertySignature",
              "canonicalReference": "@spartacus/epd-visualization_core!Metadatum#tag:member",
              "docComment": "",
              "excerptTokens": [
                {
                  "kind": "Content",
                  "text": "tag: "
                },
                {
                  "kind": "Content",
                  "text": "string"
                },
                {
                  "kind": "Content",
                  "text": ";"
                }
              ],
              "isOptional": false,
              "releaseTag": "Public",
              "name": "tag",
              "propertyTypeTokenRange": {
                "startIndex": 1,
                "endIndex": 2
              }
            },
            {
              "kind": "PropertySignature",
              "canonicalReference": "@spartacus/epd-visualization_core!Metadatum#value:member",
              "docComment": "",
              "excerptTokens": [
                {
                  "kind": "Content",
                  "text": "value: "
                },
                {
                  "kind": "Content",
                  "text": "string"
                },
                {
                  "kind": "Content",
                  "text": ";"
                }
              ],
              "isOptional": false,
              "releaseTag": "Public",
              "name": "value",
              "propertyTypeTokenRange": {
                "startIndex": 1,
                "endIndex": 2
              }
            },
            {
              "kind": "PropertySignature",
              "canonicalReference": "@spartacus/epd-visualization_core!Metadatum#valueType:member",
              "docComment": "",
              "excerptTokens": [
                {
                  "kind": "Content",
                  "text": "valueType: "
                },
                {
                  "kind": "Reference",
                  "text": "MetadatumValueType",
                  "canonicalReference": "@spartacus/epd-visualization_core!MetadatumValueType:enum"
                },
                {
                  "kind": "Content",
                  "text": ";"
                }
              ],
              "isOptional": false,
              "releaseTag": "Public",
              "name": "valueType",
              "propertyTypeTokenRange": {
                "startIndex": 1,
                "endIndex": 2
              }
            }
          ],
          "extendsTokenRanges": []
        },
        {
          "kind": "Enum",
          "canonicalReference": "@spartacus/epd-visualization_core!MetadatumValueType:enum",
          "docComment": "",
          "excerptTokens": [
            {
              "kind": "Content",
              "text": "export declare enum MetadatumValueType "
            }
          ],
          "releaseTag": "Public",
          "name": "MetadatumValueType",
          "members": [
            {
              "kind": "EnumMember",
              "canonicalReference": "@spartacus/epd-visualization_core!MetadatumValueType.blob:member",
              "docComment": "",
              "excerptTokens": [
                {
                  "kind": "Content",
                  "text": "blob = "
                },
                {
                  "kind": "Content",
                  "text": "\"blob\""
                }
              ],
              "releaseTag": "Public",
              "name": "blob",
              "initializerTokenRange": {
                "startIndex": 1,
                "endIndex": 2
              }
            },
            {
              "kind": "EnumMember",
              "canonicalReference": "@spartacus/epd-visualization_core!MetadatumValueType.date:member",
              "docComment": "",
              "excerptTokens": [
                {
                  "kind": "Content",
                  "text": "date = "
                },
                {
                  "kind": "Content",
                  "text": "\"date\""
                }
              ],
              "releaseTag": "Public",
              "name": "date",
              "initializerTokenRange": {
                "startIndex": 1,
                "endIndex": 2
              }
            },
            {
              "kind": "EnumMember",
              "canonicalReference": "@spartacus/epd-visualization_core!MetadatumValueType.float:member",
              "docComment": "",
              "excerptTokens": [
                {
                  "kind": "Content",
                  "text": "float = "
                },
                {
                  "kind": "Content",
                  "text": "\"float\""
                }
              ],
              "releaseTag": "Public",
              "name": "float",
              "initializerTokenRange": {
                "startIndex": 1,
                "endIndex": 2
              }
            },
            {
              "kind": "EnumMember",
              "canonicalReference": "@spartacus/epd-visualization_core!MetadatumValueType.integer:member",
              "docComment": "",
              "excerptTokens": [
                {
                  "kind": "Content",
                  "text": "integer = "
                },
                {
                  "kind": "Content",
                  "text": "\"integer\""
                }
              ],
              "releaseTag": "Public",
              "name": "integer",
              "initializerTokenRange": {
                "startIndex": 1,
                "endIndex": 2
              }
            },
            {
              "kind": "EnumMember",
              "canonicalReference": "@spartacus/epd-visualization_core!MetadatumValueType.string:member",
              "docComment": "",
              "excerptTokens": [
                {
                  "kind": "Content",
                  "text": "string = "
                },
                {
                  "kind": "Content",
                  "text": "\"string\""
                }
              ],
              "releaseTag": "Public",
              "name": "string",
              "initializerTokenRange": {
                "startIndex": 1,
                "endIndex": 2
              }
            },
            {
              "kind": "EnumMember",
              "canonicalReference": "@spartacus/epd-visualization_core!MetadatumValueType.string_array:member",
              "docComment": "",
              "excerptTokens": [
                {
                  "kind": "Content",
                  "text": "string_array = "
                },
                {
                  "kind": "Content",
                  "text": "\"string_array\""
                }
              ],
              "releaseTag": "Public",
              "name": "string_array",
              "initializerTokenRange": {
                "startIndex": 1,
                "endIndex": 2
              }
            }
          ]
        },
        {
          "kind": "Interface",
          "canonicalReference": "@spartacus/epd-visualization_core!NodeIdProductCodes:interface",
          "docComment": "",
          "excerptTokens": [
            {
              "kind": "Content",
              "text": "export interface NodeIdProductCodes "
            }
          ],
          "releaseTag": "Public",
          "name": "NodeIdProductCodes",
          "members": [
            {
              "kind": "PropertySignature",
              "canonicalReference": "@spartacus/epd-visualization_core!NodeIdProductCodes#nodeId:member",
              "docComment": "",
              "excerptTokens": [
                {
                  "kind": "Content",
                  "text": "nodeId: "
                },
                {
                  "kind": "Content",
                  "text": "string"
                },
                {
                  "kind": "Content",
                  "text": ";"
                }
              ],
              "isOptional": false,
              "releaseTag": "Public",
              "name": "nodeId",
              "propertyTypeTokenRange": {
                "startIndex": 1,
                "endIndex": 2
              }
            },
            {
              "kind": "PropertySignature",
              "canonicalReference": "@spartacus/epd-visualization_core!NodeIdProductCodes#productCodes:member",
              "docComment": "",
              "excerptTokens": [
                {
                  "kind": "Content",
                  "text": "productCodes: "
                },
                {
                  "kind": "Content",
                  "text": "string[]"
                },
                {
                  "kind": "Content",
                  "text": ";"
                }
              ],
              "isOptional": false,
              "releaseTag": "Public",
              "name": "productCodes",
              "propertyTypeTokenRange": {
                "startIndex": 1,
                "endIndex": 2
              }
            }
          ],
          "extendsTokenRanges": []
        },
        {
          "kind": "Variable",
          "canonicalReference": "@spartacus/epd-visualization_core!NODES_RESPONSE_NORMALIZER:var",
          "docComment": "",
          "excerptTokens": [
            {
              "kind": "Content",
              "text": "NODES_RESPONSE_NORMALIZER: "
            },
            {
              "kind": "Reference",
              "text": "InjectionToken",
              "canonicalReference": "@angular/core!InjectionToken:class"
            },
            {
              "kind": "Content",
              "text": "<"
            },
            {
              "kind": "Reference",
              "text": "Converter",
              "canonicalReference": "@spartacus/epd-visualization_core!Converter:interface"
            },
            {
              "kind": "Content",
              "text": "<any, "
            },
            {
              "kind": "Reference",
              "text": "NodesResponse",
              "canonicalReference": "@spartacus/epd-visualization_core!NodesResponse:interface"
            },
            {
              "kind": "Content",
              "text": ">>"
            }
          ],
          "releaseTag": "Public",
          "name": "NODES_RESPONSE_NORMALIZER",
          "variableTypeTokenRange": {
            "startIndex": 1,
            "endIndex": 7
          }
        },
        {
          "kind": "Interface",
          "canonicalReference": "@spartacus/epd-visualization_core!NodesResponse:interface",
          "docComment": "",
          "excerptTokens": [
            {
              "kind": "Content",
              "text": "export interface NodesResponse "
            }
          ],
          "releaseTag": "Public",
          "name": "NodesResponse",
          "members": [
            {
              "kind": "PropertySignature",
              "canonicalReference": "@spartacus/epd-visualization_core!NodesResponse#nodes:member",
              "docComment": "",
              "excerptTokens": [
                {
                  "kind": "Content",
                  "text": "nodes?: "
                },
                {
                  "kind": "Reference",
                  "text": "TreeNode",
                  "canonicalReference": "@spartacus/epd-visualization_core!TreeNode:interface"
                },
                {
                  "kind": "Content",
                  "text": "[]"
                },
                {
                  "kind": "Content",
                  "text": ";"
                }
              ],
              "isOptional": true,
              "releaseTag": "Public",
              "name": "nodes",
              "propertyTypeTokenRange": {
                "startIndex": 1,
                "endIndex": 3
              }
            }
          ],
          "extendsTokenRanges": []
        },
        {
          "kind": "Class",
          "canonicalReference": "@spartacus/epd-visualization_core!SceneAdapter:class",
          "docComment": "",
          "excerptTokens": [
            {
              "kind": "Content",
              "text": "export declare abstract class SceneAdapter "
            }
          ],
          "releaseTag": "Public",
          "name": "SceneAdapter",
          "members": [
            {
              "kind": "Method",
              "canonicalReference": "@spartacus/epd-visualization_core!SceneAdapter#getNodes:member(1)",
              "docComment": "/**\n * Used for invoking the EPD Visualization API for retrieving scene node information.\n *\n * @param sceneId - The scene id to use as the sceneId path parameter.\n *\n * @param nodeIds - An array of scene node ids to pass in id query parameters.\n *\n * @param $expand - A set of strings to combine to form the $expand query parameter.\n *\n * @param $filter - A set of strings to combine to form the $filter query parameter.\n *\n * @param contentType - The contentType query parameter.\n *\n * @returns An Observable producing a NodesResponse which contains an array of objects describing scene nodes.\n */\n",
              "excerptTokens": [
                {
                  "kind": "Content",
                  "text": "abstract getNodes(sceneId: "
                },
                {
                  "kind": "Content",
                  "text": "string"
                },
                {
                  "kind": "Content",
                  "text": ", nodeIds?: "
                },
                {
                  "kind": "Content",
                  "text": "string[]"
                },
                {
                  "kind": "Content",
                  "text": ", $expand?: "
                },
                {
                  "kind": "Content",
                  "text": "string[]"
                },
                {
                  "kind": "Content",
                  "text": ", $filter?: "
                },
                {
                  "kind": "Content",
                  "text": "string[]"
                },
                {
                  "kind": "Content",
                  "text": ", contentType?: "
                },
                {
                  "kind": "Content",
                  "text": "string"
                },
                {
                  "kind": "Content",
                  "text": "): "
                },
                {
                  "kind": "Reference",
                  "text": "Observable",
                  "canonicalReference": "rxjs!Observable:class"
                },
                {
                  "kind": "Content",
                  "text": "<"
                },
                {
                  "kind": "Reference",
                  "text": "NodesResponse",
                  "canonicalReference": "@spartacus/epd-visualization_core!NodesResponse:interface"
                },
                {
                  "kind": "Content",
                  "text": ">"
                },
                {
                  "kind": "Content",
                  "text": ";"
                }
              ],
              "isOptional": false,
              "isStatic": false,
              "returnTypeTokenRange": {
                "startIndex": 11,
                "endIndex": 15
              },
              "releaseTag": "Public",
              "overloadIndex": 1,
              "parameters": [
                {
                  "parameterName": "sceneId",
                  "parameterTypeTokenRange": {
                    "startIndex": 1,
                    "endIndex": 2
                  }
                },
                {
                  "parameterName": "nodeIds",
                  "parameterTypeTokenRange": {
                    "startIndex": 3,
                    "endIndex": 4
                  }
                },
                {
                  "parameterName": "$expand",
                  "parameterTypeTokenRange": {
                    "startIndex": 5,
                    "endIndex": 6
                  }
                },
                {
                  "parameterName": "$filter",
                  "parameterTypeTokenRange": {
                    "startIndex": 7,
                    "endIndex": 8
                  }
                },
                {
                  "parameterName": "contentType",
                  "parameterTypeTokenRange": {
                    "startIndex": 9,
                    "endIndex": 10
                  }
                }
              ],
              "name": "getNodes"
            }
          ],
          "implementsTokenRanges": []
        },
        {
          "kind": "Class",
          "canonicalReference": "@spartacus/epd-visualization_core!SceneConnector:class",
          "docComment": "",
          "excerptTokens": [
            {
              "kind": "Content",
              "text": "export declare class SceneConnector "
            }
          ],
          "releaseTag": "Public",
          "name": "SceneConnector",
          "members": [
            {
              "kind": "Constructor",
              "canonicalReference": "@spartacus/epd-visualization_core!SceneConnector:constructor(1)",
              "docComment": "/**\n * Constructs a new instance of the `SceneConnector` class\n */\n",
              "excerptTokens": [
                {
                  "kind": "Content",
                  "text": "constructor(sceneAdapter: "
                },
                {
                  "kind": "Reference",
                  "text": "SceneAdapter",
                  "canonicalReference": "@spartacus/epd-visualization_core!SceneAdapter:class"
                },
                {
                  "kind": "Content",
                  "text": ");"
                }
              ],
              "releaseTag": "Public",
              "overloadIndex": 1,
              "parameters": [
                {
                  "parameterName": "sceneAdapter",
                  "parameterTypeTokenRange": {
                    "startIndex": 1,
                    "endIndex": 2
                  }
                }
              ]
            },
            {
              "kind": "Method",
              "canonicalReference": "@spartacus/epd-visualization_core!SceneConnector#getNodes:member(1)",
              "docComment": "/**\n * Used for invoking the EPD Visualization API for retrieving scene node information.\n *\n * @param sceneId - The scene id to use as the sceneId path parameter.\n *\n * @param nodeIds - An array of scene node ids to pass in id query parameters.\n *\n * @param $expand - A set of strings to combine to form the $expand query parameter.\n *\n * @param $filter - A set of strings to combine to form the $filter query parameter.\n *\n * @param contentType - The contentType query parameter.\n *\n * @returns An Observable producing a NodesResponse which contains an array of objects describing scene nodes.\n */\n",
              "excerptTokens": [
                {
                  "kind": "Content",
                  "text": "getNodes(sceneId: "
                },
                {
                  "kind": "Content",
                  "text": "string"
                },
                {
                  "kind": "Content",
                  "text": ", nodeIds?: "
                },
                {
                  "kind": "Content",
                  "text": "string[]"
                },
                {
                  "kind": "Content",
                  "text": ", $expand?: "
                },
                {
                  "kind": "Content",
                  "text": "string[]"
                },
                {
                  "kind": "Content",
                  "text": ", $filter?: "
                },
                {
                  "kind": "Content",
                  "text": "string[]"
                },
                {
                  "kind": "Content",
                  "text": ", contentType?: "
                },
                {
                  "kind": "Content",
                  "text": "string"
                },
                {
                  "kind": "Content",
                  "text": "): "
                },
                {
                  "kind": "Reference",
                  "text": "Observable",
                  "canonicalReference": "rxjs!Observable:class"
                },
                {
                  "kind": "Content",
                  "text": "<"
                },
                {
                  "kind": "Reference",
                  "text": "NodesResponse",
                  "canonicalReference": "@spartacus/epd-visualization_core!NodesResponse:interface"
                },
                {
                  "kind": "Content",
                  "text": ">"
                },
                {
                  "kind": "Content",
                  "text": ";"
                }
              ],
              "isOptional": false,
              "isStatic": false,
              "returnTypeTokenRange": {
                "startIndex": 11,
                "endIndex": 15
              },
              "releaseTag": "Public",
              "overloadIndex": 1,
              "parameters": [
                {
                  "parameterName": "sceneId",
                  "parameterTypeTokenRange": {
                    "startIndex": 1,
                    "endIndex": 2
                  }
                },
                {
                  "parameterName": "nodeIds",
                  "parameterTypeTokenRange": {
                    "startIndex": 3,
                    "endIndex": 4
                  }
                },
                {
                  "parameterName": "$expand",
                  "parameterTypeTokenRange": {
                    "startIndex": 5,
                    "endIndex": 6
                  }
                },
                {
                  "parameterName": "$filter",
                  "parameterTypeTokenRange": {
                    "startIndex": 7,
                    "endIndex": 8
                  }
                },
                {
                  "parameterName": "contentType",
                  "parameterTypeTokenRange": {
                    "startIndex": 9,
                    "endIndex": 10
                  }
                }
              ],
              "name": "getNodes"
            },
            {
              "kind": "Property",
              "canonicalReference": "@spartacus/epd-visualization_core!SceneConnector.ɵfac:member",
              "docComment": "",
              "excerptTokens": [
                {
                  "kind": "Content",
                  "text": "static ɵfac: "
                },
                {
                  "kind": "Content",
                  "text": "i0."
                },
                {
                  "kind": "Reference",
                  "text": "ɵɵFactoryDeclaration",
                  "canonicalReference": "@angular/core!ɵɵFactoryDeclaration:type"
                },
                {
                  "kind": "Content",
                  "text": "<"
                },
                {
                  "kind": "Reference",
                  "text": "SceneConnector",
                  "canonicalReference": "@spartacus/epd-visualization_core!SceneConnector:class"
                },
                {
                  "kind": "Content",
                  "text": ", never>"
                },
                {
                  "kind": "Content",
                  "text": ";"
                }
              ],
              "isOptional": false,
              "releaseTag": "Public",
              "name": "ɵfac",
              "propertyTypeTokenRange": {
                "startIndex": 1,
                "endIndex": 6
              },
              "isStatic": true
            },
            {
              "kind": "Property",
              "canonicalReference": "@spartacus/epd-visualization_core!SceneConnector.ɵprov:member",
              "docComment": "",
              "excerptTokens": [
                {
                  "kind": "Content",
                  "text": "static ɵprov: "
                },
                {
                  "kind": "Content",
                  "text": "i0."
                },
                {
                  "kind": "Reference",
                  "text": "ɵɵInjectableDeclaration",
                  "canonicalReference": "@angular/core!ɵɵInjectableDeclaration:interface"
                },
                {
                  "kind": "Content",
                  "text": "<"
                },
                {
                  "kind": "Reference",
                  "text": "SceneConnector",
                  "canonicalReference": "@spartacus/epd-visualization_core!SceneConnector:class"
                },
                {
                  "kind": "Content",
                  "text": ">"
                },
                {
                  "kind": "Content",
                  "text": ";"
                }
              ],
              "isOptional": false,
              "releaseTag": "Public",
              "name": "ɵprov",
              "propertyTypeTokenRange": {
                "startIndex": 1,
                "endIndex": 6
              },
              "isStatic": true
            },
            {
              "kind": "Property",
              "canonicalReference": "@spartacus/epd-visualization_core!SceneConnector#sceneAdapter:member",
              "docComment": "",
              "excerptTokens": [
                {
                  "kind": "Content",
                  "text": "protected sceneAdapter: "
                },
                {
                  "kind": "Reference",
                  "text": "SceneAdapter",
                  "canonicalReference": "@spartacus/epd-visualization_core!SceneAdapter:class"
                },
                {
                  "kind": "Content",
                  "text": ";"
                }
              ],
              "isOptional": false,
              "releaseTag": "Public",
              "name": "sceneAdapter",
              "propertyTypeTokenRange": {
                "startIndex": 1,
                "endIndex": 2
              },
              "isStatic": false
            }
          ],
          "implementsTokenRanges": []
        },
        {
          "kind": "Class",
          "canonicalReference": "@spartacus/epd-visualization_core!SceneNodeToProductLookupService:class",
          "docComment": "",
          "excerptTokens": [
            {
              "kind": "Content",
              "text": "export declare class SceneNodeToProductLookupService "
            }
          ],
          "releaseTag": "Public",
          "name": "SceneNodeToProductLookupService",
          "members": [
            {
              "kind": "Constructor",
              "canonicalReference": "@spartacus/epd-visualization_core!SceneNodeToProductLookupService:constructor(1)",
              "docComment": "/**\n * Constructs a new instance of the `SceneNodeToProductLookupService` class\n */\n",
              "excerptTokens": [
                {
                  "kind": "Content",
                  "text": "constructor(epdVisualizationConfig: "
                },
                {
                  "kind": "Reference",
                  "text": "EpdVisualizationConfig",
                  "canonicalReference": "@spartacus/epd-visualization_core!EpdVisualizationConfig:class"
                },
                {
                  "kind": "Content",
                  "text": ", sceneConnector: "
                },
                {
                  "kind": "Reference",
                  "text": "SceneConnector",
                  "canonicalReference": "@spartacus/epd-visualization_core!SceneConnector:class"
                },
                {
                  "kind": "Content",
                  "text": ");"
                }
              ],
              "releaseTag": "Public",
              "overloadIndex": 1,
              "parameters": [
                {
                  "parameterName": "epdVisualizationConfig",
                  "parameterTypeTokenRange": {
                    "startIndex": 1,
                    "endIndex": 2
                  }
                },
                {
                  "parameterName": "sceneConnector",
                  "parameterTypeTokenRange": {
                    "startIndex": 3,
                    "endIndex": 4
                  }
                }
              ]
            },
            {
              "kind": "Property",
              "canonicalReference": "@spartacus/epd-visualization_core!SceneNodeToProductLookupService#epdVisualizationConfig:member",
              "docComment": "",
              "excerptTokens": [
                {
                  "kind": "Content",
                  "text": "protected epdVisualizationConfig: "
                },
                {
                  "kind": "Reference",
                  "text": "EpdVisualizationConfig",
                  "canonicalReference": "@spartacus/epd-visualization_core!EpdVisualizationConfig:class"
                },
                {
                  "kind": "Content",
                  "text": ";"
                }
              ],
              "isOptional": false,
              "releaseTag": "Public",
              "name": "epdVisualizationConfig",
              "propertyTypeTokenRange": {
                "startIndex": 1,
                "endIndex": 2
              },
              "isStatic": false
            },
            {
              "kind": "Method",
              "canonicalReference": "@spartacus/epd-visualization_core!SceneNodeToProductLookupService#lookupNodeIds:member(1)",
              "docComment": "/**\n * Returns an Observable producing an array of scene node ids corresponding to the specified product codes in the currently loaded scene.\n *\n * @param productCodes - The product codes.\n *\n * @returns An Observable producing an array of scene node ids corresponding to the specified product codes in the currently loaded scene.\n */\n",
              "excerptTokens": [
                {
                  "kind": "Content",
                  "text": "lookupNodeIds(productCodes: "
                },
                {
                  "kind": "Content",
                  "text": "string[]"
                },
                {
                  "kind": "Content",
                  "text": "): "
                },
                {
                  "kind": "Reference",
                  "text": "Observable",
                  "canonicalReference": "rxjs!Observable:class"
                },
                {
                  "kind": "Content",
                  "text": "<string[]>"
                },
                {
                  "kind": "Content",
                  "text": ";"
                }
              ],
              "isOptional": false,
              "isStatic": false,
              "returnTypeTokenRange": {
                "startIndex": 3,
                "endIndex": 5
              },
              "releaseTag": "Public",
              "overloadIndex": 1,
              "parameters": [
                {
                  "parameterName": "productCodes",
                  "parameterTypeTokenRange": {
                    "startIndex": 1,
                    "endIndex": 2
                  }
                }
              ],
              "name": "lookupNodeIds"
            },
            {
              "kind": "Method",
              "canonicalReference": "@spartacus/epd-visualization_core!SceneNodeToProductLookupService#lookupProductCodes:member(1)",
              "docComment": "/**\n * Returns an Observable producing an array of product codes corresponding to the specified scene node ids in the currently loaded scene.\n *\n * @param nodeIds - The scene node ids.\n *\n * @returns An Observable producing an array of product codes corresponding to the specified scene node ids in the currently loaded scene.\n */\n",
              "excerptTokens": [
                {
                  "kind": "Content",
                  "text": "lookupProductCodes(nodeIds: "
                },
                {
                  "kind": "Content",
                  "text": "string[]"
                },
                {
                  "kind": "Content",
                  "text": "): "
                },
                {
                  "kind": "Reference",
                  "text": "Observable",
                  "canonicalReference": "rxjs!Observable:class"
                },
                {
                  "kind": "Content",
                  "text": "<string[]>"
                },
                {
                  "kind": "Content",
                  "text": ";"
                }
              ],
              "isOptional": false,
              "isStatic": false,
              "returnTypeTokenRange": {
                "startIndex": 3,
                "endIndex": 5
              },
              "releaseTag": "Public",
              "overloadIndex": 1,
              "parameters": [
                {
                  "parameterName": "nodeIds",
                  "parameterTypeTokenRange": {
                    "startIndex": 1,
                    "endIndex": 2
                  }
                }
              ],
              "name": "lookupProductCodes"
            },
            {
              "kind": "Property",
              "canonicalReference": "@spartacus/epd-visualization_core!SceneNodeToProductLookupService.ɵfac:member",
              "docComment": "",
              "excerptTokens": [
                {
                  "kind": "Content",
                  "text": "static ɵfac: "
                },
                {
                  "kind": "Content",
                  "text": "i0."
                },
                {
                  "kind": "Reference",
                  "text": "ɵɵFactoryDeclaration",
                  "canonicalReference": "@angular/core!ɵɵFactoryDeclaration:type"
                },
                {
                  "kind": "Content",
                  "text": "<"
                },
                {
                  "kind": "Reference",
                  "text": "SceneNodeToProductLookupService",
                  "canonicalReference": "@spartacus/epd-visualization_core!SceneNodeToProductLookupService:class"
                },
                {
                  "kind": "Content",
                  "text": ", never>"
                },
                {
                  "kind": "Content",
                  "text": ";"
                }
              ],
              "isOptional": false,
              "releaseTag": "Public",
              "name": "ɵfac",
              "propertyTypeTokenRange": {
                "startIndex": 1,
                "endIndex": 6
              },
              "isStatic": true
            },
            {
              "kind": "Property",
              "canonicalReference": "@spartacus/epd-visualization_core!SceneNodeToProductLookupService.ɵprov:member",
              "docComment": "",
              "excerptTokens": [
                {
                  "kind": "Content",
                  "text": "static ɵprov: "
                },
                {
                  "kind": "Content",
                  "text": "i0."
                },
                {
                  "kind": "Reference",
                  "text": "ɵɵInjectableDeclaration",
                  "canonicalReference": "@angular/core!ɵɵInjectableDeclaration:interface"
                },
                {
                  "kind": "Content",
                  "text": "<"
                },
                {
                  "kind": "Reference",
                  "text": "SceneNodeToProductLookupService",
                  "canonicalReference": "@spartacus/epd-visualization_core!SceneNodeToProductLookupService:class"
                },
                {
                  "kind": "Content",
                  "text": ">"
                },
                {
                  "kind": "Content",
                  "text": ";"
                }
              ],
              "isOptional": false,
              "releaseTag": "Public",
              "name": "ɵprov",
              "propertyTypeTokenRange": {
                "startIndex": 1,
                "endIndex": 6
              },
              "isStatic": true
            },
            {
              "kind": "Method",
              "canonicalReference": "@spartacus/epd-visualization_core!SceneNodeToProductLookupService#populateMapsForScene:member(1)",
              "docComment": "/**\n * Called to populate the maps with the data for the given scene. This can be done before the scene has been loaded since this just involves a storage service API call\n *\n * @param sceneId - The scene id of the loaded scene.\n */\n",
              "excerptTokens": [
                {
                  "kind": "Content",
                  "text": "populateMapsForScene(sceneId: "
                },
                {
                  "kind": "Content",
                  "text": "string"
                },
                {
                  "kind": "Content",
                  "text": "): "
                },
                {
                  "kind": "Content",
                  "text": "void"
                },
                {
                  "kind": "Content",
                  "text": ";"
                }
              ],
              "isOptional": false,
              "isStatic": false,
              "returnTypeTokenRange": {
                "startIndex": 3,
                "endIndex": 4
              },
              "releaseTag": "Public",
              "overloadIndex": 1,
              "parameters": [
                {
                  "parameterName": "sceneId",
                  "parameterTypeTokenRange": {
                    "startIndex": 1,
                    "endIndex": 2
                  }
                }
              ],
              "name": "populateMapsForScene"
            },
            {
              "kind": "Property",
              "canonicalReference": "@spartacus/epd-visualization_core!SceneNodeToProductLookupService#sceneConnector:member",
              "docComment": "",
              "excerptTokens": [
                {
                  "kind": "Content",
                  "text": "protected sceneConnector: "
                },
                {
                  "kind": "Reference",
                  "text": "SceneConnector",
                  "canonicalReference": "@spartacus/epd-visualization_core!SceneConnector:class"
                },
                {
                  "kind": "Content",
                  "text": ";"
                }
              ],
              "isOptional": false,
              "releaseTag": "Public",
              "name": "sceneConnector",
              "propertyTypeTokenRange": {
                "startIndex": 1,
                "endIndex": 2
              },
              "isStatic": false
            },
            {
              "kind": "Method",
              "canonicalReference": "@spartacus/epd-visualization_core!SceneNodeToProductLookupService#syncLookupNodeIds:member(1)",
              "docComment": "/**\n * Returns an array of scene node ids corresponding to the specified product codes in the currently loaded scene. Returns an empty array if the map of node ids by product code has not yet been populated. For cases where the code must execute synchronously.\n *\n * @param productCodes - The product codes.\n *\n * @returns An array of scene node ids corresponding to the specified product codes in the currently loaded scene.\n */\n",
              "excerptTokens": [
                {
                  "kind": "Content",
                  "text": "syncLookupNodeIds(productCodes: "
                },
                {
                  "kind": "Content",
                  "text": "string[]"
                },
                {
                  "kind": "Content",
                  "text": "): "
                },
                {
                  "kind": "Content",
                  "text": "string[]"
                },
                {
                  "kind": "Content",
                  "text": ";"
                }
              ],
              "isOptional": false,
              "isStatic": false,
              "returnTypeTokenRange": {
                "startIndex": 3,
                "endIndex": 4
              },
              "releaseTag": "Public",
              "overloadIndex": 1,
              "parameters": [
                {
                  "parameterName": "productCodes",
                  "parameterTypeTokenRange": {
                    "startIndex": 1,
                    "endIndex": 2
                  }
                }
              ],
              "name": "syncLookupNodeIds"
            },
            {
              "kind": "Method",
              "canonicalReference": "@spartacus/epd-visualization_core!SceneNodeToProductLookupService#syncLookupProductCodes:member(1)",
              "docComment": "/**\n * Returns an array of product codes corresponding to the specified scene node ids in the currently loaded scene. Returns an empty array if the map of product codes by node id has not yet been populated. For cases where the code must execute synchronously.\n *\n * @param nodeIds - The scene node ids.\n *\n * @returns An array of product codes corresponding to the specified scene node ids in the currently loaded scene.\n */\n",
              "excerptTokens": [
                {
                  "kind": "Content",
                  "text": "syncLookupProductCodes(nodeIds: "
                },
                {
                  "kind": "Content",
                  "text": "string[]"
                },
                {
                  "kind": "Content",
                  "text": "): "
                },
                {
                  "kind": "Content",
                  "text": "string[]"
                },
                {
                  "kind": "Content",
                  "text": ";"
                }
              ],
              "isOptional": false,
              "isStatic": false,
              "returnTypeTokenRange": {
                "startIndex": 3,
                "endIndex": 4
              },
              "releaseTag": "Public",
              "overloadIndex": 1,
              "parameters": [
                {
                  "parameterName": "nodeIds",
                  "parameterTypeTokenRange": {
                    "startIndex": 1,
                    "endIndex": 2
                  }
                }
              ],
              "name": "syncLookupProductCodes"
            }
          ],
          "implementsTokenRanges": []
        },
        {
          "kind": "Interface",
          "canonicalReference": "@spartacus/epd-visualization_core!TreeNode:interface",
          "docComment": "",
          "excerptTokens": [
            {
              "kind": "Content",
              "text": "export interface TreeNode "
            }
          ],
          "releaseTag": "Public",
          "name": "TreeNode",
          "members": [
            {
              "kind": "PropertySignature",
              "canonicalReference": "@spartacus/epd-visualization_core!TreeNode#metadata:member",
              "docComment": "",
              "excerptTokens": [
                {
                  "kind": "Content",
                  "text": "metadata?: "
                },
                {
                  "kind": "Reference",
                  "text": "Metadatum",
                  "canonicalReference": "@spartacus/epd-visualization_core!Metadatum:interface"
                },
                {
                  "kind": "Content",
                  "text": "[]"
                },
                {
                  "kind": "Content",
                  "text": ";"
                }
              ],
              "isOptional": true,
              "releaseTag": "Public",
              "name": "metadata",
              "propertyTypeTokenRange": {
                "startIndex": 1,
                "endIndex": 3
              }
            },
            {
              "kind": "PropertySignature",
              "canonicalReference": "@spartacus/epd-visualization_core!TreeNode#sid:member",
              "docComment": "",
              "excerptTokens": [
                {
                  "kind": "Content",
                  "text": "sid: "
                },
                {
                  "kind": "Content",
                  "text": "string"
                },
                {
                  "kind": "Content",
                  "text": ";"
                }
              ],
              "isOptional": false,
              "releaseTag": "Public",
              "name": "sid",
              "propertyTypeTokenRange": {
                "startIndex": 1,
                "endIndex": 2
              }
            }
          ],
          "extendsTokenRanges": []
        },
        {
          "kind": "Class",
          "canonicalReference": "@spartacus/epd-visualization_core!VisualizationAdapter:class",
          "docComment": "",
          "excerptTokens": [
            {
              "kind": "Content",
              "text": "export declare abstract class VisualizationAdapter "
            }
          ],
          "releaseTag": "Public",
          "name": "VisualizationAdapter",
          "members": [
            {
              "kind": "Method",
              "canonicalReference": "@spartacus/epd-visualization_core!VisualizationAdapter#lookupVisualization:member(1)",
              "docComment": "/**\n * Used for finding a visualization by Usage ID that has anonymous (unauthenticated) read access enabled. The search is performed in the SAP EPD Visualization service instance associated with the SaaS subscription for the SAP EPD tenant.\n *\n * @param visualizationUsageId - The SAP EPD Visualization usage ID value identifying visualizations to match. Only visualizations that have the specified usage ID value will be returned.\n *\n * @param folderUsageId - The SAP EPD Visualization usage ID identifying folders to search for visualizations. Only folders that are tagged with the specified usage ID value that have anonymous access enabled will be searched.\n *\n * @returns An Observable producing a LookupVisualizationsResponse which contains an array of objects describing matched visualizations.\n */\n",
              "excerptTokens": [
                {
                  "kind": "Content",
                  "text": "abstract lookupVisualization(visualizationUsageId: "
                },
                {
                  "kind": "Reference",
                  "text": "UsageId",
                  "canonicalReference": "@spartacus/epd-visualization_core!UsageId:interface"
                },
                {
                  "kind": "Content",
                  "text": ", folderUsageId: "
                },
                {
                  "kind": "Reference",
                  "text": "UsageId",
                  "canonicalReference": "@spartacus/epd-visualization_core!UsageId:interface"
                },
                {
                  "kind": "Content",
                  "text": "): "
                },
                {
                  "kind": "Reference",
                  "text": "Observable",
                  "canonicalReference": "rxjs!Observable:class"
                },
                {
                  "kind": "Content",
                  "text": "<"
                },
                {
                  "kind": "Reference",
                  "text": "LookupVisualizationsResponse",
                  "canonicalReference": "@spartacus/epd-visualization_core!LookupVisualizationsResponse:interface"
                },
                {
                  "kind": "Content",
                  "text": ">"
                },
                {
                  "kind": "Content",
                  "text": ";"
                }
              ],
              "isOptional": false,
              "isStatic": false,
              "returnTypeTokenRange": {
                "startIndex": 5,
                "endIndex": 9
              },
              "releaseTag": "Public",
              "overloadIndex": 1,
              "parameters": [
                {
                  "parameterName": "visualizationUsageId",
                  "parameterTypeTokenRange": {
                    "startIndex": 1,
                    "endIndex": 2
                  }
                },
                {
                  "parameterName": "folderUsageId",
                  "parameterTypeTokenRange": {
                    "startIndex": 3,
                    "endIndex": 4
                  }
                }
              ],
              "name": "lookupVisualization"
            }
          ],
          "implementsTokenRanges": []
        },
        {
          "kind": "Class",
          "canonicalReference": "@spartacus/epd-visualization_core!VisualizationConnector:class",
          "docComment": "",
          "excerptTokens": [
            {
              "kind": "Content",
              "text": "export declare class VisualizationConnector "
            }
          ],
          "releaseTag": "Public",
          "name": "VisualizationConnector",
          "members": [
            {
              "kind": "Constructor",
              "canonicalReference": "@spartacus/epd-visualization_core!VisualizationConnector:constructor(1)",
              "docComment": "/**\n * Constructs a new instance of the `VisualizationConnector` class\n */\n",
              "excerptTokens": [
                {
                  "kind": "Content",
                  "text": "constructor(visualizationAdapter: "
                },
                {
                  "kind": "Reference",
                  "text": "VisualizationAdapter",
                  "canonicalReference": "@spartacus/epd-visualization_core!VisualizationAdapter:class"
                },
                {
                  "kind": "Content",
                  "text": ");"
                }
              ],
              "releaseTag": "Public",
              "overloadIndex": 1,
              "parameters": [
                {
                  "parameterName": "visualizationAdapter",
                  "parameterTypeTokenRange": {
                    "startIndex": 1,
                    "endIndex": 2
                  }
                }
              ]
            },
            {
              "kind": "Method",
              "canonicalReference": "@spartacus/epd-visualization_core!VisualizationConnector#lookupVisualization:member(1)",
              "docComment": "/**\n * Used for finding a visualization by Usage ID that has anonymous (unauthenticated) read access enabled. The search is performed in the SAP EPD Visualization service instance associated with the SaaS subscription for the SAP EPD tenant.\n *\n * @param visualizationUsageId - The SAP EPD Visualization usage ID value identifying visualizations to match. Only visualizations that have the specified usage ID value will be returned.\n *\n * @param folderUsageId - The SAP EPD Visualization usage ID identifying folders to search for visualizations. Only folders that are tagged with the specified usage ID value that have anonymous access enabled will be searched.\n *\n * @returns An Observable producing a LookupVisualizationsResponse which contains an array of objects describing matched visualizations.\n */\n",
              "excerptTokens": [
                {
                  "kind": "Content",
                  "text": "lookupVisualization(visualizationUsageId: "
                },
                {
                  "kind": "Reference",
                  "text": "UsageId",
                  "canonicalReference": "@spartacus/epd-visualization_core!UsageId:interface"
                },
                {
                  "kind": "Content",
                  "text": ", folderUsageId: "
                },
                {
                  "kind": "Reference",
                  "text": "UsageId",
                  "canonicalReference": "@spartacus/epd-visualization_core!UsageId:interface"
                },
                {
                  "kind": "Content",
                  "text": "): "
                },
                {
                  "kind": "Reference",
                  "text": "Observable",
                  "canonicalReference": "rxjs!Observable:class"
                },
                {
                  "kind": "Content",
                  "text": "<"
                },
                {
                  "kind": "Reference",
                  "text": "LookupVisualizationsResponse",
                  "canonicalReference": "@spartacus/epd-visualization_core!LookupVisualizationsResponse:interface"
                },
                {
                  "kind": "Content",
                  "text": ">"
                },
                {
                  "kind": "Content",
                  "text": ";"
                }
              ],
              "isOptional": false,
              "isStatic": false,
              "returnTypeTokenRange": {
                "startIndex": 5,
                "endIndex": 9
              },
              "releaseTag": "Public",
              "overloadIndex": 1,
              "parameters": [
                {
                  "parameterName": "visualizationUsageId",
                  "parameterTypeTokenRange": {
                    "startIndex": 1,
                    "endIndex": 2
                  }
                },
                {
                  "parameterName": "folderUsageId",
                  "parameterTypeTokenRange": {
                    "startIndex": 3,
                    "endIndex": 4
                  }
                }
              ],
              "name": "lookupVisualization"
            },
            {
              "kind": "Property",
              "canonicalReference": "@spartacus/epd-visualization_core!VisualizationConnector.ɵfac:member",
              "docComment": "",
              "excerptTokens": [
                {
                  "kind": "Content",
                  "text": "static ɵfac: "
                },
                {
                  "kind": "Content",
                  "text": "i0."
                },
                {
                  "kind": "Reference",
                  "text": "ɵɵFactoryDeclaration",
                  "canonicalReference": "@angular/core!ɵɵFactoryDeclaration:type"
                },
                {
                  "kind": "Content",
                  "text": "<"
                },
                {
                  "kind": "Reference",
                  "text": "VisualizationConnector",
                  "canonicalReference": "@spartacus/epd-visualization_core!VisualizationConnector:class"
                },
                {
                  "kind": "Content",
                  "text": ", never>"
                },
                {
                  "kind": "Content",
                  "text": ";"
                }
              ],
              "isOptional": false,
              "releaseTag": "Public",
              "name": "ɵfac",
              "propertyTypeTokenRange": {
                "startIndex": 1,
                "endIndex": 6
              },
              "isStatic": true
            },
            {
              "kind": "Property",
              "canonicalReference": "@spartacus/epd-visualization_core!VisualizationConnector.ɵprov:member",
              "docComment": "",
              "excerptTokens": [
                {
                  "kind": "Content",
                  "text": "static ɵprov: "
                },
                {
                  "kind": "Content",
                  "text": "i0."
                },
                {
                  "kind": "Reference",
                  "text": "ɵɵInjectableDeclaration",
                  "canonicalReference": "@angular/core!ɵɵInjectableDeclaration:interface"
                },
                {
                  "kind": "Content",
                  "text": "<"
                },
                {
                  "kind": "Reference",
                  "text": "VisualizationConnector",
                  "canonicalReference": "@spartacus/epd-visualization_core!VisualizationConnector:class"
                },
                {
                  "kind": "Content",
                  "text": ">"
                },
                {
                  "kind": "Content",
                  "text": ";"
                }
              ],
              "isOptional": false,
              "releaseTag": "Public",
              "name": "ɵprov",
              "propertyTypeTokenRange": {
                "startIndex": 1,
                "endIndex": 6
              },
              "isStatic": true
            },
            {
              "kind": "Property",
              "canonicalReference": "@spartacus/epd-visualization_core!VisualizationConnector#visualizationAdapter:member",
              "docComment": "",
              "excerptTokens": [
                {
                  "kind": "Content",
                  "text": "protected visualizationAdapter: "
                },
                {
                  "kind": "Reference",
                  "text": "VisualizationAdapter",
                  "canonicalReference": "@spartacus/epd-visualization_core!VisualizationAdapter:class"
                },
                {
                  "kind": "Content",
                  "text": ";"
                }
              ],
              "isOptional": false,
              "releaseTag": "Public",
              "name": "visualizationAdapter",
              "propertyTypeTokenRange": {
                "startIndex": 1,
                "endIndex": 2
              },
              "isStatic": false
            }
          ],
          "implementsTokenRanges": []
        },
        {
          "kind": "Class",
          "canonicalReference": "@spartacus/epd-visualization_core!VisualizationLookupService:class",
          "docComment": "",
          "excerptTokens": [
            {
              "kind": "Content",
              "text": "export declare class VisualizationLookupService "
            }
          ],
          "releaseTag": "Public",
          "name": "VisualizationLookupService",
          "members": [
            {
              "kind": "Constructor",
              "canonicalReference": "@spartacus/epd-visualization_core!VisualizationLookupService:constructor(1)",
              "docComment": "/**\n * Constructs a new instance of the `VisualizationLookupService` class\n */\n",
              "excerptTokens": [
                {
                  "kind": "Content",
                  "text": "constructor(epdVisualizationConfig: "
                },
                {
                  "kind": "Reference",
                  "text": "EpdVisualizationConfig",
                  "canonicalReference": "@spartacus/epd-visualization_core!EpdVisualizationConfig:class"
                },
                {
                  "kind": "Content",
                  "text": ", visualizationConnector: "
                },
                {
                  "kind": "Reference",
                  "text": "VisualizationConnector",
                  "canonicalReference": "@spartacus/epd-visualization_core!VisualizationConnector:class"
                },
                {
                  "kind": "Content",
                  "text": ");"
                }
              ],
              "releaseTag": "Public",
              "overloadIndex": 1,
              "parameters": [
                {
                  "parameterName": "epdVisualizationConfig",
                  "parameterTypeTokenRange": {
                    "startIndex": 1,
                    "endIndex": 2
                  }
                },
                {
                  "parameterName": "visualizationConnector",
                  "parameterTypeTokenRange": {
                    "startIndex": 3,
                    "endIndex": 4
                  }
                }
              ]
            },
            {
              "kind": "Property",
              "canonicalReference": "@spartacus/epd-visualization_core!VisualizationLookupService#epdVisualizationConfig:member",
              "docComment": "",
              "excerptTokens": [
                {
                  "kind": "Content",
                  "text": "protected epdVisualizationConfig: "
                },
                {
                  "kind": "Reference",
                  "text": "EpdVisualizationConfig",
                  "canonicalReference": "@spartacus/epd-visualization_core!EpdVisualizationConfig:class"
                },
                {
                  "kind": "Content",
                  "text": ";"
                }
              ],
              "isOptional": false,
              "releaseTag": "Public",
              "name": "epdVisualizationConfig",
              "propertyTypeTokenRange": {
                "startIndex": 1,
                "endIndex": 2
              },
              "isStatic": false
            },
            {
              "kind": "Method",
              "canonicalReference": "@spartacus/epd-visualization_core!VisualizationLookupService#findMatchingVisualizations:member(1)",
              "docComment": "/**\n * Finds visualizations by usage id containing product code values. The search space is limited to folders with a configured usage id value.\n *\n * @param productCode - The product code value to search for.\n *\n * @returns An Observable producing an VisualizationInfo array containing the set of matching visualizations.\n */\n",
              "excerptTokens": [
                {
                  "kind": "Content",
                  "text": "findMatchingVisualizations(productCode: "
                },
                {
                  "kind": "Reference",
                  "text": "String",
                  "canonicalReference": "!String:interface"
                },
                {
                  "kind": "Content",
                  "text": "): "
                },
                {
                  "kind": "Reference",
                  "text": "Observable",
                  "canonicalReference": "rxjs!Observable:class"
                },
                {
                  "kind": "Content",
                  "text": "<"
                },
                {
                  "kind": "Reference",
                  "text": "VisualizationInfo",
                  "canonicalReference": "@spartacus/epd-visualization_core!VisualizationInfo:interface"
                },
                {
                  "kind": "Content",
                  "text": "[]>"
                },
                {
                  "kind": "Content",
                  "text": ";"
                }
              ],
              "isOptional": false,
              "isStatic": false,
              "returnTypeTokenRange": {
                "startIndex": 3,
                "endIndex": 7
              },
              "releaseTag": "Public",
              "overloadIndex": 1,
              "parameters": [
                {
                  "parameterName": "productCode",
                  "parameterTypeTokenRange": {
                    "startIndex": 1,
                    "endIndex": 2
                  }
                }
              ],
              "name": "findMatchingVisualizations"
            },
            {
              "kind": "Property",
              "canonicalReference": "@spartacus/epd-visualization_core!VisualizationLookupService.ɵfac:member",
              "docComment": "",
              "excerptTokens": [
                {
                  "kind": "Content",
                  "text": "static ɵfac: "
                },
                {
                  "kind": "Content",
                  "text": "i0."
                },
                {
                  "kind": "Reference",
                  "text": "ɵɵFactoryDeclaration",
                  "canonicalReference": "@angular/core!ɵɵFactoryDeclaration:type"
                },
                {
                  "kind": "Content",
                  "text": "<"
                },
                {
                  "kind": "Reference",
                  "text": "VisualizationLookupService",
                  "canonicalReference": "@spartacus/epd-visualization_core!VisualizationLookupService:class"
                },
                {
                  "kind": "Content",
                  "text": ", never>"
                },
                {
                  "kind": "Content",
                  "text": ";"
                }
              ],
              "isOptional": false,
              "releaseTag": "Public",
              "name": "ɵfac",
              "propertyTypeTokenRange": {
                "startIndex": 1,
                "endIndex": 6
              },
              "isStatic": true
            },
            {
              "kind": "Property",
              "canonicalReference": "@spartacus/epd-visualization_core!VisualizationLookupService.ɵprov:member",
              "docComment": "",
              "excerptTokens": [
                {
                  "kind": "Content",
                  "text": "static ɵprov: "
                },
                {
                  "kind": "Content",
                  "text": "i0."
                },
                {
                  "kind": "Reference",
                  "text": "ɵɵInjectableDeclaration",
                  "canonicalReference": "@angular/core!ɵɵInjectableDeclaration:interface"
                },
                {
                  "kind": "Content",
                  "text": "<"
                },
                {
                  "kind": "Reference",
                  "text": "VisualizationLookupService",
                  "canonicalReference": "@spartacus/epd-visualization_core!VisualizationLookupService:class"
                },
                {
                  "kind": "Content",
                  "text": ">"
                },
                {
                  "kind": "Content",
                  "text": ";"
                }
              ],
              "isOptional": false,
              "releaseTag": "Public",
              "name": "ɵprov",
              "propertyTypeTokenRange": {
                "startIndex": 1,
                "endIndex": 6
              },
              "isStatic": true
            },
            {
              "kind": "Property",
              "canonicalReference": "@spartacus/epd-visualization_core!VisualizationLookupService#visualizationConnector:member",
              "docComment": "",
              "excerptTokens": [
                {
                  "kind": "Content",
                  "text": "protected visualizationConnector: "
                },
                {
                  "kind": "Reference",
                  "text": "VisualizationConnector",
                  "canonicalReference": "@spartacus/epd-visualization_core!VisualizationConnector:class"
                },
                {
                  "kind": "Content",
                  "text": ";"
                }
              ],
              "isOptional": false,
              "releaseTag": "Public",
              "name": "visualizationConnector",
              "propertyTypeTokenRange": {
                "startIndex": 1,
                "endIndex": 2
              },
              "isStatic": false
            }
          ],
          "implementsTokenRanges": []
        }
      ]
    }
  ]
}
