{
  "metadata": {
    "toolPackage": "@microsoft/api-extractor",
    "toolVersion": "7.19.4",
    "schemaVersion": 1004,
    "oldestForwardsCompatibleVersion": 1001,
    "tsdocConfig": {
      "$schema": "https://developer.microsoft.com/json-schemas/tsdoc/v0/tsdoc.schema.json",
      "noStandardTags": true,
      "tagDefinitions": [
        {
          "tagName": "@alpha",
          "syntaxKind": "modifier"
        },
        {
          "tagName": "@beta",
          "syntaxKind": "modifier"
        },
        {
          "tagName": "@defaultValue",
          "syntaxKind": "block"
        },
        {
          "tagName": "@decorator",
          "syntaxKind": "block",
          "allowMultiple": true
        },
        {
          "tagName": "@deprecated",
          "syntaxKind": "block"
        },
        {
          "tagName": "@eventProperty",
          "syntaxKind": "modifier"
        },
        {
          "tagName": "@example",
          "syntaxKind": "block",
          "allowMultiple": true
        },
        {
          "tagName": "@experimental",
          "syntaxKind": "modifier"
        },
        {
          "tagName": "@inheritDoc",
          "syntaxKind": "inline"
        },
        {
          "tagName": "@internal",
          "syntaxKind": "modifier"
        },
        {
          "tagName": "@label",
          "syntaxKind": "inline"
        },
        {
          "tagName": "@link",
          "syntaxKind": "inline",
          "allowMultiple": true
        },
        {
          "tagName": "@override",
          "syntaxKind": "modifier"
        },
        {
          "tagName": "@packageDocumentation",
          "syntaxKind": "modifier"
        },
        {
          "tagName": "@param",
          "syntaxKind": "block",
          "allowMultiple": true
        },
        {
          "tagName": "@privateRemarks",
          "syntaxKind": "block"
        },
        {
          "tagName": "@public",
          "syntaxKind": "modifier"
        },
        {
          "tagName": "@readonly",
          "syntaxKind": "modifier"
        },
        {
          "tagName": "@remarks",
          "syntaxKind": "block"
        },
        {
          "tagName": "@returns",
          "syntaxKind": "block"
        },
        {
          "tagName": "@sealed",
          "syntaxKind": "modifier"
        },
        {
          "tagName": "@see",
          "syntaxKind": "block"
        },
        {
          "tagName": "@throws",
          "syntaxKind": "block",
          "allowMultiple": true
        },
        {
          "tagName": "@typeParam",
          "syntaxKind": "block",
          "allowMultiple": true
        },
        {
          "tagName": "@virtual",
          "syntaxKind": "modifier"
        },
        {
          "tagName": "@betaDocumentation",
          "syntaxKind": "modifier"
        },
        {
          "tagName": "@internalRemarks",
          "syntaxKind": "block"
        },
        {
          "tagName": "@preapproved",
          "syntaxKind": "modifier"
        }
      ],
      "supportForTags": {
        "@alpha": true,
        "@beta": true,
        "@defaultValue": true,
        "@decorator": true,
        "@deprecated": true,
        "@eventProperty": true,
        "@example": true,
        "@experimental": true,
        "@inheritDoc": true,
        "@internal": true,
        "@label": true,
        "@link": true,
        "@override": true,
        "@packageDocumentation": true,
        "@param": true,
        "@privateRemarks": true,
        "@public": true,
        "@readonly": true,
        "@remarks": true,
        "@returns": true,
        "@sealed": true,
        "@see": true,
        "@throws": true,
        "@typeParam": true,
        "@virtual": true,
        "@betaDocumentation": true,
        "@internalRemarks": true,
        "@preapproved": true
      }
    }
  },
  "kind": "Package",
  "canonicalReference": "@spartacus/order_occ!",
  "docComment": "",
  "name": "@spartacus/order_occ",
  "members": [
    {
      "kind": "EntryPoint",
      "canonicalReference": "@spartacus/order_occ!",
      "name": "",
      "members": [
        {
          "kind": "Class",
          "canonicalReference": "@spartacus/order_occ!OccOrderAdapter:class",
          "docComment": "",
          "excerptTokens": [
            {
              "kind": "Content",
              "text": "export declare class OccOrderAdapter implements "
            },
            {
              "kind": "Reference",
              "text": "OrderAdapter",
              "canonicalReference": "@spartacus/order_occ!OrderAdapter:class"
            },
            {
              "kind": "Content",
              "text": " "
            }
          ],
          "releaseTag": "Public",
          "name": "OccOrderAdapter",
          "members": [
            {
              "kind": "Constructor",
              "canonicalReference": "@spartacus/order_occ!OccOrderAdapter:constructor(1)",
              "docComment": "/**\n * Constructs a new instance of the `OccOrderAdapter` class\n */\n",
              "excerptTokens": [
                {
                  "kind": "Content",
                  "text": "constructor(http: "
                },
                {
                  "kind": "Reference",
                  "text": "HttpClient",
                  "canonicalReference": "@angular/common/http!HttpClient:class"
                },
                {
                  "kind": "Content",
                  "text": ", occEndpoints: "
                },
                {
                  "kind": "Reference",
                  "text": "OccEndpointsService",
                  "canonicalReference": "@spartacus/order_occ!OccEndpointsService:class"
                },
                {
                  "kind": "Content",
                  "text": ", converter: "
                },
                {
                  "kind": "Reference",
                  "text": "ConverterService",
                  "canonicalReference": "@spartacus/order_occ!ConverterService:class"
                },
                {
                  "kind": "Content",
                  "text": ");"
                }
              ],
              "releaseTag": "Public",
              "overloadIndex": 1,
              "parameters": [
                {
                  "parameterName": "http",
                  "parameterTypeTokenRange": {
                    "startIndex": 1,
                    "endIndex": 2
                  }
                },
                {
                  "parameterName": "occEndpoints",
                  "parameterTypeTokenRange": {
                    "startIndex": 3,
                    "endIndex": 4
                  }
                },
                {
                  "parameterName": "converter",
                  "parameterTypeTokenRange": {
                    "startIndex": 5,
                    "endIndex": 6
                  }
                }
              ]
            },
            {
              "kind": "Method",
              "canonicalReference": "@spartacus/order_occ!OccOrderAdapter#cancel:member(1)",
              "docComment": "",
              "excerptTokens": [
                {
                  "kind": "Content",
                  "text": "cancel(userId: "
                },
                {
                  "kind": "Content",
                  "text": "string"
                },
                {
                  "kind": "Content",
                  "text": ", orderCode: "
                },
                {
                  "kind": "Content",
                  "text": "string"
                },
                {
                  "kind": "Content",
                  "text": ", cancelRequestInput: "
                },
                {
                  "kind": "Reference",
                  "text": "CancellationRequestEntryInputList",
                  "canonicalReference": "@spartacus/order_occ!CancellationRequestEntryInputList:interface"
                },
                {
                  "kind": "Content",
                  "text": "): "
                },
                {
                  "kind": "Reference",
                  "text": "Observable",
                  "canonicalReference": "rxjs!Observable:class"
                },
                {
                  "kind": "Content",
                  "text": "<{}>"
                },
                {
                  "kind": "Content",
                  "text": ";"
                }
              ],
              "isOptional": false,
              "isStatic": false,
              "returnTypeTokenRange": {
                "startIndex": 7,
                "endIndex": 9
              },
              "releaseTag": "Public",
              "overloadIndex": 1,
              "parameters": [
                {
                  "parameterName": "userId",
                  "parameterTypeTokenRange": {
                    "startIndex": 1,
                    "endIndex": 2
                  }
                },
                {
                  "parameterName": "orderCode",
                  "parameterTypeTokenRange": {
                    "startIndex": 3,
                    "endIndex": 4
                  }
                },
                {
                  "parameterName": "cancelRequestInput",
                  "parameterTypeTokenRange": {
                    "startIndex": 5,
                    "endIndex": 6
                  }
                }
              ],
              "name": "cancel"
            },
            {
              "kind": "Method",
              "canonicalReference": "@spartacus/order_occ!OccOrderAdapter#cancelReturnRequest:member(1)",
              "docComment": "",
              "excerptTokens": [
                {
                  "kind": "Content",
                  "text": "cancelReturnRequest(userId: "
                },
                {
                  "kind": "Content",
                  "text": "string"
                },
                {
                  "kind": "Content",
                  "text": ", returnRequestCode: "
                },
                {
                  "kind": "Content",
                  "text": "string"
                },
                {
                  "kind": "Content",
                  "text": ", returnRequestModification: "
                },
                {
                  "kind": "Reference",
                  "text": "ReturnRequestModification",
                  "canonicalReference": "@spartacus/order_occ!ReturnRequestModification:interface"
                },
                {
                  "kind": "Content",
                  "text": "): "
                },
                {
                  "kind": "Reference",
                  "text": "Observable",
                  "canonicalReference": "rxjs!Observable:class"
                },
                {
                  "kind": "Content",
                  "text": "<{}>"
                },
                {
                  "kind": "Content",
                  "text": ";"
                }
              ],
              "isOptional": false,
              "isStatic": false,
              "returnTypeTokenRange": {
                "startIndex": 7,
                "endIndex": 9
              },
              "releaseTag": "Public",
              "overloadIndex": 1,
              "parameters": [
                {
                  "parameterName": "userId",
                  "parameterTypeTokenRange": {
                    "startIndex": 1,
                    "endIndex": 2
                  }
                },
                {
                  "parameterName": "returnRequestCode",
                  "parameterTypeTokenRange": {
                    "startIndex": 3,
                    "endIndex": 4
                  }
                },
                {
                  "parameterName": "returnRequestModification",
                  "parameterTypeTokenRange": {
                    "startIndex": 5,
                    "endIndex": 6
                  }
                }
              ],
              "name": "cancelReturnRequest"
            },
            {
              "kind": "Property",
              "canonicalReference": "@spartacus/order_occ!OccOrderAdapter#converter:member",
              "docComment": "",
              "excerptTokens": [
                {
                  "kind": "Content",
                  "text": "protected converter: "
                },
                {
                  "kind": "Reference",
                  "text": "ConverterService",
                  "canonicalReference": "@spartacus/order_occ!ConverterService:class"
                },
                {
                  "kind": "Content",
                  "text": ";"
                }
              ],
              "isOptional": false,
              "releaseTag": "Public",
              "name": "converter",
              "propertyTypeTokenRange": {
                "startIndex": 1,
                "endIndex": 2
              },
              "isStatic": false
            },
            {
              "kind": "Method",
              "canonicalReference": "@spartacus/order_occ!OccOrderAdapter#createReturnRequest:member(1)",
              "docComment": "",
              "excerptTokens": [
                {
                  "kind": "Content",
                  "text": "createReturnRequest(userId: "
                },
                {
                  "kind": "Content",
                  "text": "string"
                },
                {
                  "kind": "Content",
                  "text": ", returnRequestInput: "
                },
                {
                  "kind": "Reference",
                  "text": "ReturnRequestEntryInputList",
                  "canonicalReference": "@spartacus/order_occ!ReturnRequestEntryInputList:interface"
                },
                {
                  "kind": "Content",
                  "text": "): "
                },
                {
                  "kind": "Reference",
                  "text": "Observable",
                  "canonicalReference": "rxjs!Observable:class"
                },
                {
                  "kind": "Content",
                  "text": "<"
                },
                {
                  "kind": "Reference",
                  "text": "ReturnRequest",
                  "canonicalReference": "@spartacus/order_occ!ReturnRequest:interface"
                },
                {
                  "kind": "Content",
                  "text": ">"
                },
                {
                  "kind": "Content",
                  "text": ";"
                }
              ],
              "isOptional": false,
              "isStatic": false,
              "returnTypeTokenRange": {
                "startIndex": 5,
                "endIndex": 9
              },
              "releaseTag": "Public",
              "overloadIndex": 1,
              "parameters": [
                {
                  "parameterName": "userId",
                  "parameterTypeTokenRange": {
                    "startIndex": 1,
                    "endIndex": 2
                  }
                },
                {
                  "parameterName": "returnRequestInput",
                  "parameterTypeTokenRange": {
                    "startIndex": 3,
                    "endIndex": 4
                  }
                }
              ],
              "name": "createReturnRequest"
            },
            {
              "kind": "Method",
              "canonicalReference": "@spartacus/order_occ!OccOrderAdapter#getConsignmentTracking:member(1)",
              "docComment": "",
              "excerptTokens": [
                {
                  "kind": "Content",
                  "text": "getConsignmentTracking(orderCode: "
                },
                {
                  "kind": "Content",
                  "text": "string"
                },
                {
                  "kind": "Content",
                  "text": ", consignmentCode: "
                },
                {
                  "kind": "Content",
                  "text": "string"
                },
                {
                  "kind": "Content",
                  "text": ", userId?: "
                },
                {
                  "kind": "Content",
                  "text": "string"
                },
                {
                  "kind": "Content",
                  "text": "): "
                },
                {
                  "kind": "Reference",
                  "text": "Observable",
                  "canonicalReference": "rxjs!Observable:class"
                },
                {
                  "kind": "Content",
                  "text": "<"
                },
                {
                  "kind": "Reference",
                  "text": "ConsignmentTracking",
                  "canonicalReference": "@spartacus/order_occ!ConsignmentTracking:interface"
                },
                {
                  "kind": "Content",
                  "text": ">"
                },
                {
                  "kind": "Content",
                  "text": ";"
                }
              ],
              "isOptional": false,
              "isStatic": false,
              "returnTypeTokenRange": {
                "startIndex": 7,
                "endIndex": 11
              },
              "releaseTag": "Public",
              "overloadIndex": 1,
              "parameters": [
                {
                  "parameterName": "orderCode",
                  "parameterTypeTokenRange": {
                    "startIndex": 1,
                    "endIndex": 2
                  }
                },
                {
                  "parameterName": "consignmentCode",
                  "parameterTypeTokenRange": {
                    "startIndex": 3,
                    "endIndex": 4
                  }
                },
                {
                  "parameterName": "userId",
                  "parameterTypeTokenRange": {
                    "startIndex": 5,
                    "endIndex": 6
                  }
                }
              ],
              "name": "getConsignmentTracking"
            },
            {
              "kind": "Property",
              "canonicalReference": "@spartacus/order_occ!OccOrderAdapter#http:member",
              "docComment": "",
              "excerptTokens": [
                {
                  "kind": "Content",
                  "text": "protected http: "
                },
                {
                  "kind": "Reference",
                  "text": "HttpClient",
                  "canonicalReference": "@angular/common/http!HttpClient:class"
                },
                {
                  "kind": "Content",
                  "text": ";"
                }
              ],
              "isOptional": false,
              "releaseTag": "Public",
              "name": "http",
              "propertyTypeTokenRange": {
                "startIndex": 1,
                "endIndex": 2
              },
              "isStatic": false
            },
            {
              "kind": "Method",
              "canonicalReference": "@spartacus/order_occ!OccOrderAdapter#load:member(1)",
              "docComment": "",
              "excerptTokens": [
                {
                  "kind": "Content",
                  "text": "load(userId: "
                },
                {
                  "kind": "Content",
                  "text": "string"
                },
                {
                  "kind": "Content",
                  "text": ", orderCode: "
                },
                {
                  "kind": "Content",
                  "text": "string"
                },
                {
                  "kind": "Content",
                  "text": "): "
                },
                {
                  "kind": "Reference",
                  "text": "Observable",
                  "canonicalReference": "rxjs!Observable:class"
                },
                {
                  "kind": "Content",
                  "text": "<"
                },
                {
                  "kind": "Reference",
                  "text": "Order",
                  "canonicalReference": "@spartacus/order_occ!Order:interface"
                },
                {
                  "kind": "Content",
                  "text": ">"
                },
                {
                  "kind": "Content",
                  "text": ";"
                }
              ],
              "isOptional": false,
              "isStatic": false,
              "returnTypeTokenRange": {
                "startIndex": 5,
                "endIndex": 9
              },
              "releaseTag": "Public",
              "overloadIndex": 1,
              "parameters": [
                {
                  "parameterName": "userId",
                  "parameterTypeTokenRange": {
                    "startIndex": 1,
                    "endIndex": 2
                  }
                },
                {
                  "parameterName": "orderCode",
                  "parameterTypeTokenRange": {
                    "startIndex": 3,
                    "endIndex": 4
                  }
                }
              ],
              "name": "load"
            },
            {
              "kind": "Method",
              "canonicalReference": "@spartacus/order_occ!OccOrderAdapter#loadHistory:member(1)",
              "docComment": "",
              "excerptTokens": [
                {
                  "kind": "Content",
                  "text": "loadHistory(userId: "
                },
                {
                  "kind": "Content",
                  "text": "string"
                },
                {
                  "kind": "Content",
                  "text": ", pageSize?: "
                },
                {
                  "kind": "Content",
                  "text": "number"
                },
                {
                  "kind": "Content",
                  "text": ", currentPage?: "
                },
                {
                  "kind": "Content",
                  "text": "number"
                },
                {
                  "kind": "Content",
                  "text": ", sort?: "
                },
                {
                  "kind": "Content",
                  "text": "string"
                },
                {
                  "kind": "Content",
                  "text": "): "
                },
                {
                  "kind": "Reference",
                  "text": "Observable",
                  "canonicalReference": "rxjs!Observable:class"
                },
                {
                  "kind": "Content",
                  "text": "<"
                },
                {
                  "kind": "Reference",
                  "text": "OrderHistoryList",
                  "canonicalReference": "@spartacus/order_occ!OrderHistoryList:interface"
                },
                {
                  "kind": "Content",
                  "text": ">"
                },
                {
                  "kind": "Content",
                  "text": ";"
                }
              ],
              "isOptional": false,
              "isStatic": false,
              "returnTypeTokenRange": {
                "startIndex": 9,
                "endIndex": 13
              },
              "releaseTag": "Public",
              "overloadIndex": 1,
              "parameters": [
                {
                  "parameterName": "userId",
                  "parameterTypeTokenRange": {
                    "startIndex": 1,
                    "endIndex": 2
                  }
                },
                {
                  "parameterName": "pageSize",
                  "parameterTypeTokenRange": {
                    "startIndex": 3,
                    "endIndex": 4
                  }
                },
                {
                  "parameterName": "currentPage",
                  "parameterTypeTokenRange": {
                    "startIndex": 5,
                    "endIndex": 6
                  }
                },
                {
                  "parameterName": "sort",
                  "parameterTypeTokenRange": {
                    "startIndex": 7,
                    "endIndex": 8
                  }
                }
              ],
              "name": "loadHistory"
            },
            {
              "kind": "Method",
              "canonicalReference": "@spartacus/order_occ!OccOrderAdapter#loadReturnRequestDetail:member(1)",
              "docComment": "",
              "excerptTokens": [
                {
                  "kind": "Content",
                  "text": "loadReturnRequestDetail(userId: "
                },
                {
                  "kind": "Content",
                  "text": "string"
                },
                {
                  "kind": "Content",
                  "text": ", returnRequestCode: "
                },
                {
                  "kind": "Content",
                  "text": "string"
                },
                {
                  "kind": "Content",
                  "text": "): "
                },
                {
                  "kind": "Reference",
                  "text": "Observable",
                  "canonicalReference": "rxjs!Observable:class"
                },
                {
                  "kind": "Content",
                  "text": "<"
                },
                {
                  "kind": "Reference",
                  "text": "ReturnRequest",
                  "canonicalReference": "@spartacus/order_occ!ReturnRequest:interface"
                },
                {
                  "kind": "Content",
                  "text": ">"
                },
                {
                  "kind": "Content",
                  "text": ";"
                }
              ],
              "isOptional": false,
              "isStatic": false,
              "returnTypeTokenRange": {
                "startIndex": 5,
                "endIndex": 9
              },
              "releaseTag": "Public",
              "overloadIndex": 1,
              "parameters": [
                {
                  "parameterName": "userId",
                  "parameterTypeTokenRange": {
                    "startIndex": 1,
                    "endIndex": 2
                  }
                },
                {
                  "parameterName": "returnRequestCode",
                  "parameterTypeTokenRange": {
                    "startIndex": 3,
                    "endIndex": 4
                  }
                }
              ],
              "name": "loadReturnRequestDetail"
            },
            {
              "kind": "Method",
              "canonicalReference": "@spartacus/order_occ!OccOrderAdapter#loadReturnRequestList:member(1)",
              "docComment": "",
              "excerptTokens": [
                {
                  "kind": "Content",
                  "text": "loadReturnRequestList(userId: "
                },
                {
                  "kind": "Content",
                  "text": "string"
                },
                {
                  "kind": "Content",
                  "text": ", pageSize?: "
                },
                {
                  "kind": "Content",
                  "text": "number"
                },
                {
                  "kind": "Content",
                  "text": ", currentPage?: "
                },
                {
                  "kind": "Content",
                  "text": "number"
                },
                {
                  "kind": "Content",
                  "text": ", sort?: "
                },
                {
                  "kind": "Content",
                  "text": "string"
                },
                {
                  "kind": "Content",
                  "text": "): "
                },
                {
                  "kind": "Reference",
                  "text": "Observable",
                  "canonicalReference": "rxjs!Observable:class"
                },
                {
                  "kind": "Content",
                  "text": "<"
                },
                {
                  "kind": "Reference",
                  "text": "ReturnRequestList",
                  "canonicalReference": "@spartacus/order_occ!ReturnRequestList:interface"
                },
                {
                  "kind": "Content",
                  "text": ">"
                },
                {
                  "kind": "Content",
                  "text": ";"
                }
              ],
              "isOptional": false,
              "isStatic": false,
              "returnTypeTokenRange": {
                "startIndex": 9,
                "endIndex": 13
              },
              "releaseTag": "Public",
              "overloadIndex": 1,
              "parameters": [
                {
                  "parameterName": "userId",
                  "parameterTypeTokenRange": {
                    "startIndex": 1,
                    "endIndex": 2
                  }
                },
                {
                  "parameterName": "pageSize",
                  "parameterTypeTokenRange": {
                    "startIndex": 3,
                    "endIndex": 4
                  }
                },
                {
                  "parameterName": "currentPage",
                  "parameterTypeTokenRange": {
                    "startIndex": 5,
                    "endIndex": 6
                  }
                },
                {
                  "parameterName": "sort",
                  "parameterTypeTokenRange": {
                    "startIndex": 7,
                    "endIndex": 8
                  }
                }
              ],
              "name": "loadReturnRequestList"
            },
            {
              "kind": "Property",
              "canonicalReference": "@spartacus/order_occ!OccOrderAdapter#occEndpoints:member",
              "docComment": "",
              "excerptTokens": [
                {
                  "kind": "Content",
                  "text": "protected occEndpoints: "
                },
                {
                  "kind": "Reference",
                  "text": "OccEndpointsService",
                  "canonicalReference": "@spartacus/order_occ!OccEndpointsService:class"
                },
                {
                  "kind": "Content",
                  "text": ";"
                }
              ],
              "isOptional": false,
              "releaseTag": "Public",
              "name": "occEndpoints",
              "propertyTypeTokenRange": {
                "startIndex": 1,
                "endIndex": 2
              },
              "isStatic": false
            },
            {
              "kind": "Property",
              "canonicalReference": "@spartacus/order_occ!OccOrderAdapter.ɵfac:member",
              "docComment": "",
              "excerptTokens": [
                {
                  "kind": "Content",
                  "text": "static ɵfac: "
                },
                {
                  "kind": "Content",
                  "text": "i0."
                },
                {
                  "kind": "Reference",
                  "text": "ɵɵFactoryDeclaration",
                  "canonicalReference": "@angular/core!ɵɵFactoryDeclaration:type"
                },
                {
                  "kind": "Content",
                  "text": "<"
                },
                {
                  "kind": "Reference",
                  "text": "OccOrderAdapter",
                  "canonicalReference": "@spartacus/order_occ!OccOrderAdapter:class"
                },
                {
                  "kind": "Content",
                  "text": ", never>"
                },
                {
                  "kind": "Content",
                  "text": ";"
                }
              ],
              "isOptional": false,
              "releaseTag": "Public",
              "name": "ɵfac",
              "propertyTypeTokenRange": {
                "startIndex": 1,
                "endIndex": 6
              },
              "isStatic": true
            },
            {
              "kind": "Property",
              "canonicalReference": "@spartacus/order_occ!OccOrderAdapter.ɵprov:member",
              "docComment": "",
              "excerptTokens": [
                {
                  "kind": "Content",
                  "text": "static ɵprov: "
                },
                {
                  "kind": "Content",
                  "text": "i0."
                },
                {
                  "kind": "Reference",
                  "text": "ɵɵInjectableDeclaration",
                  "canonicalReference": "@angular/core!ɵɵInjectableDeclaration:interface"
                },
                {
                  "kind": "Content",
                  "text": "<"
                },
                {
                  "kind": "Reference",
                  "text": "OccOrderAdapter",
                  "canonicalReference": "@spartacus/order_occ!OccOrderAdapter:class"
                },
                {
                  "kind": "Content",
                  "text": ">"
                },
                {
                  "kind": "Content",
                  "text": ";"
                }
              ],
              "isOptional": false,
              "releaseTag": "Public",
              "name": "ɵprov",
              "propertyTypeTokenRange": {
                "startIndex": 1,
                "endIndex": 6
              },
              "isStatic": true
            }
          ],
          "implementsTokenRanges": [
            {
              "startIndex": 1,
              "endIndex": 3
            }
          ]
        },
        {
          "kind": "Class",
          "canonicalReference": "@spartacus/order_occ!OccReplenishmentOrderAdapter:class",
          "docComment": "",
          "excerptTokens": [
            {
              "kind": "Content",
              "text": "export declare class OccReplenishmentOrderAdapter implements "
            },
            {
              "kind": "Reference",
              "text": "ReplenishmentOrderAdapter",
              "canonicalReference": "@spartacus/order_occ!ReplenishmentOrderAdapter:class"
            },
            {
              "kind": "Content",
              "text": " "
            }
          ],
          "releaseTag": "Public",
          "name": "OccReplenishmentOrderAdapter",
          "members": [
            {
              "kind": "Constructor",
              "canonicalReference": "@spartacus/order_occ!OccReplenishmentOrderAdapter:constructor(1)",
              "docComment": "/**\n * Constructs a new instance of the `OccReplenishmentOrderAdapter` class\n */\n",
              "excerptTokens": [
                {
                  "kind": "Content",
                  "text": "constructor(http: "
                },
                {
                  "kind": "Reference",
                  "text": "HttpClient",
                  "canonicalReference": "@angular/common/http!HttpClient:class"
                },
                {
                  "kind": "Content",
                  "text": ", occEndpoints: "
                },
                {
                  "kind": "Reference",
                  "text": "OccEndpointsService",
                  "canonicalReference": "@spartacus/order_occ!OccEndpointsService:class"
                },
                {
                  "kind": "Content",
                  "text": ", converter: "
                },
                {
                  "kind": "Reference",
                  "text": "ConverterService",
                  "canonicalReference": "@spartacus/order_occ!ConverterService:class"
                },
                {
                  "kind": "Content",
                  "text": ");"
                }
              ],
              "releaseTag": "Public",
              "overloadIndex": 1,
              "parameters": [
                {
                  "parameterName": "http",
                  "parameterTypeTokenRange": {
                    "startIndex": 1,
                    "endIndex": 2
                  }
                },
                {
                  "parameterName": "occEndpoints",
                  "parameterTypeTokenRange": {
                    "startIndex": 3,
                    "endIndex": 4
                  }
                },
                {
                  "parameterName": "converter",
                  "parameterTypeTokenRange": {
                    "startIndex": 5,
                    "endIndex": 6
                  }
                }
              ]
            },
            {
              "kind": "Method",
              "canonicalReference": "@spartacus/order_occ!OccReplenishmentOrderAdapter#cancelReplenishmentOrder:member(1)",
              "docComment": "",
              "excerptTokens": [
                {
                  "kind": "Content",
                  "text": "cancelReplenishmentOrder(userId: "
                },
                {
                  "kind": "Content",
                  "text": "string"
                },
                {
                  "kind": "Content",
                  "text": ", replenishmentOrderCode: "
                },
                {
                  "kind": "Content",
                  "text": "string"
                },
                {
                  "kind": "Content",
                  "text": "): "
                },
                {
                  "kind": "Reference",
                  "text": "Observable",
                  "canonicalReference": "rxjs!Observable:class"
                },
                {
                  "kind": "Content",
                  "text": "<"
                },
                {
                  "kind": "Reference",
                  "text": "ReplenishmentOrder",
                  "canonicalReference": "@spartacus/order_occ!ReplenishmentOrder:interface"
                },
                {
                  "kind": "Content",
                  "text": ">"
                },
                {
                  "kind": "Content",
                  "text": ";"
                }
              ],
              "isOptional": false,
              "isStatic": false,
              "returnTypeTokenRange": {
                "startIndex": 5,
                "endIndex": 9
              },
              "releaseTag": "Public",
              "overloadIndex": 1,
              "parameters": [
                {
                  "parameterName": "userId",
                  "parameterTypeTokenRange": {
                    "startIndex": 1,
                    "endIndex": 2
                  }
                },
                {
                  "parameterName": "replenishmentOrderCode",
                  "parameterTypeTokenRange": {
                    "startIndex": 3,
                    "endIndex": 4
                  }
                }
              ],
              "name": "cancelReplenishmentOrder"
            },
            {
              "kind": "Property",
              "canonicalReference": "@spartacus/order_occ!OccReplenishmentOrderAdapter#converter:member",
              "docComment": "",
              "excerptTokens": [
                {
                  "kind": "Content",
                  "text": "protected converter: "
                },
                {
                  "kind": "Reference",
                  "text": "ConverterService",
                  "canonicalReference": "@spartacus/order_occ!ConverterService:class"
                },
                {
                  "kind": "Content",
                  "text": ";"
                }
              ],
              "isOptional": false,
              "releaseTag": "Public",
              "name": "converter",
              "propertyTypeTokenRange": {
                "startIndex": 1,
                "endIndex": 2
              },
              "isStatic": false
            },
            {
              "kind": "Property",
              "canonicalReference": "@spartacus/order_occ!OccReplenishmentOrderAdapter#http:member",
              "docComment": "",
              "excerptTokens": [
                {
                  "kind": "Content",
                  "text": "protected http: "
                },
                {
                  "kind": "Reference",
                  "text": "HttpClient",
                  "canonicalReference": "@angular/common/http!HttpClient:class"
                },
                {
                  "kind": "Content",
                  "text": ";"
                }
              ],
              "isOptional": false,
              "releaseTag": "Public",
              "name": "http",
              "propertyTypeTokenRange": {
                "startIndex": 1,
                "endIndex": 2
              },
              "isStatic": false
            },
            {
              "kind": "Method",
              "canonicalReference": "@spartacus/order_occ!OccReplenishmentOrderAdapter#load:member(1)",
              "docComment": "",
              "excerptTokens": [
                {
                  "kind": "Content",
                  "text": "load(userId: "
                },
                {
                  "kind": "Content",
                  "text": "string"
                },
                {
                  "kind": "Content",
                  "text": ", replenishmentOrderCode: "
                },
                {
                  "kind": "Content",
                  "text": "string"
                },
                {
                  "kind": "Content",
                  "text": "): "
                },
                {
                  "kind": "Reference",
                  "text": "Observable",
                  "canonicalReference": "rxjs!Observable:class"
                },
                {
                  "kind": "Content",
                  "text": "<"
                },
                {
                  "kind": "Reference",
                  "text": "ReplenishmentOrder",
                  "canonicalReference": "@spartacus/order_occ!ReplenishmentOrder:interface"
                },
                {
                  "kind": "Content",
                  "text": ">"
                },
                {
                  "kind": "Content",
                  "text": ";"
                }
              ],
              "isOptional": false,
              "isStatic": false,
              "returnTypeTokenRange": {
                "startIndex": 5,
                "endIndex": 9
              },
              "releaseTag": "Public",
              "overloadIndex": 1,
              "parameters": [
                {
                  "parameterName": "userId",
                  "parameterTypeTokenRange": {
                    "startIndex": 1,
                    "endIndex": 2
                  }
                },
                {
                  "parameterName": "replenishmentOrderCode",
                  "parameterTypeTokenRange": {
                    "startIndex": 3,
                    "endIndex": 4
                  }
                }
              ],
              "name": "load"
            },
            {
              "kind": "Method",
              "canonicalReference": "@spartacus/order_occ!OccReplenishmentOrderAdapter#loadHistory:member(1)",
              "docComment": "",
              "excerptTokens": [
                {
                  "kind": "Content",
                  "text": "loadHistory(userId: "
                },
                {
                  "kind": "Content",
                  "text": "string"
                },
                {
                  "kind": "Content",
                  "text": ", pageSize?: "
                },
                {
                  "kind": "Content",
                  "text": "number"
                },
                {
                  "kind": "Content",
                  "text": ", currentPage?: "
                },
                {
                  "kind": "Content",
                  "text": "number"
                },
                {
                  "kind": "Content",
                  "text": ", sort?: "
                },
                {
                  "kind": "Content",
                  "text": "string"
                },
                {
                  "kind": "Content",
                  "text": "): "
                },
                {
                  "kind": "Reference",
                  "text": "Observable",
                  "canonicalReference": "rxjs!Observable:class"
                },
                {
                  "kind": "Content",
                  "text": "<"
                },
                {
                  "kind": "Reference",
                  "text": "ReplenishmentOrderList",
                  "canonicalReference": "@spartacus/order_occ!ReplenishmentOrderList:interface"
                },
                {
                  "kind": "Content",
                  "text": ">"
                },
                {
                  "kind": "Content",
                  "text": ";"
                }
              ],
              "isOptional": false,
              "isStatic": false,
              "returnTypeTokenRange": {
                "startIndex": 9,
                "endIndex": 13
              },
              "releaseTag": "Public",
              "overloadIndex": 1,
              "parameters": [
                {
                  "parameterName": "userId",
                  "parameterTypeTokenRange": {
                    "startIndex": 1,
                    "endIndex": 2
                  }
                },
                {
                  "parameterName": "pageSize",
                  "parameterTypeTokenRange": {
                    "startIndex": 3,
                    "endIndex": 4
                  }
                },
                {
                  "parameterName": "currentPage",
                  "parameterTypeTokenRange": {
                    "startIndex": 5,
                    "endIndex": 6
                  }
                },
                {
                  "parameterName": "sort",
                  "parameterTypeTokenRange": {
                    "startIndex": 7,
                    "endIndex": 8
                  }
                }
              ],
              "name": "loadHistory"
            },
            {
              "kind": "Method",
              "canonicalReference": "@spartacus/order_occ!OccReplenishmentOrderAdapter#loadReplenishmentDetailsHistory:member(1)",
              "docComment": "",
              "excerptTokens": [
                {
                  "kind": "Content",
                  "text": "loadReplenishmentDetailsHistory(userId: "
                },
                {
                  "kind": "Content",
                  "text": "string"
                },
                {
                  "kind": "Content",
                  "text": ", replenishmentOrderCode: "
                },
                {
                  "kind": "Content",
                  "text": "string"
                },
                {
                  "kind": "Content",
                  "text": ", pageSize?: "
                },
                {
                  "kind": "Content",
                  "text": "number"
                },
                {
                  "kind": "Content",
                  "text": ", currentPage?: "
                },
                {
                  "kind": "Content",
                  "text": "number"
                },
                {
                  "kind": "Content",
                  "text": ", sort?: "
                },
                {
                  "kind": "Content",
                  "text": "string"
                },
                {
                  "kind": "Content",
                  "text": "): "
                },
                {
                  "kind": "Reference",
                  "text": "Observable",
                  "canonicalReference": "rxjs!Observable:class"
                },
                {
                  "kind": "Content",
                  "text": "<"
                },
                {
                  "kind": "Reference",
                  "text": "OrderHistoryList",
                  "canonicalReference": "@spartacus/order_occ!OrderHistoryList:interface"
                },
                {
                  "kind": "Content",
                  "text": ">"
                },
                {
                  "kind": "Content",
                  "text": ";"
                }
              ],
              "isOptional": false,
              "isStatic": false,
              "returnTypeTokenRange": {
                "startIndex": 11,
                "endIndex": 15
              },
              "releaseTag": "Public",
              "overloadIndex": 1,
              "parameters": [
                {
                  "parameterName": "userId",
                  "parameterTypeTokenRange": {
                    "startIndex": 1,
                    "endIndex": 2
                  }
                },
                {
                  "parameterName": "replenishmentOrderCode",
                  "parameterTypeTokenRange": {
                    "startIndex": 3,
                    "endIndex": 4
                  }
                },
                {
                  "parameterName": "pageSize",
                  "parameterTypeTokenRange": {
                    "startIndex": 5,
                    "endIndex": 6
                  }
                },
                {
                  "parameterName": "currentPage",
                  "parameterTypeTokenRange": {
                    "startIndex": 7,
                    "endIndex": 8
                  }
                },
                {
                  "parameterName": "sort",
                  "parameterTypeTokenRange": {
                    "startIndex": 9,
                    "endIndex": 10
                  }
                }
              ],
              "name": "loadReplenishmentDetailsHistory"
            },
            {
              "kind": "Property",
              "canonicalReference": "@spartacus/order_occ!OccReplenishmentOrderAdapter#occEndpoints:member",
              "docComment": "",
              "excerptTokens": [
                {
                  "kind": "Content",
                  "text": "protected occEndpoints: "
                },
                {
                  "kind": "Reference",
                  "text": "OccEndpointsService",
                  "canonicalReference": "@spartacus/order_occ!OccEndpointsService:class"
                },
                {
                  "kind": "Content",
                  "text": ";"
                }
              ],
              "isOptional": false,
              "releaseTag": "Public",
              "name": "occEndpoints",
              "propertyTypeTokenRange": {
                "startIndex": 1,
                "endIndex": 2
              },
              "isStatic": false
            },
            {
              "kind": "Property",
              "canonicalReference": "@spartacus/order_occ!OccReplenishmentOrderAdapter.ɵfac:member",
              "docComment": "",
              "excerptTokens": [
                {
                  "kind": "Content",
                  "text": "static ɵfac: "
                },
                {
                  "kind": "Content",
                  "text": "i0."
                },
                {
                  "kind": "Reference",
                  "text": "ɵɵFactoryDeclaration",
                  "canonicalReference": "@angular/core!ɵɵFactoryDeclaration:type"
                },
                {
                  "kind": "Content",
                  "text": "<"
                },
                {
                  "kind": "Reference",
                  "text": "OccReplenishmentOrderAdapter",
                  "canonicalReference": "@spartacus/order_occ!OccReplenishmentOrderAdapter:class"
                },
                {
                  "kind": "Content",
                  "text": ", never>"
                },
                {
                  "kind": "Content",
                  "text": ";"
                }
              ],
              "isOptional": false,
              "releaseTag": "Public",
              "name": "ɵfac",
              "propertyTypeTokenRange": {
                "startIndex": 1,
                "endIndex": 6
              },
              "isStatic": true
            },
            {
              "kind": "Property",
              "canonicalReference": "@spartacus/order_occ!OccReplenishmentOrderAdapter.ɵprov:member",
              "docComment": "",
              "excerptTokens": [
                {
                  "kind": "Content",
                  "text": "static ɵprov: "
                },
                {
                  "kind": "Content",
                  "text": "i0."
                },
                {
                  "kind": "Reference",
                  "text": "ɵɵInjectableDeclaration",
                  "canonicalReference": "@angular/core!ɵɵInjectableDeclaration:interface"
                },
                {
                  "kind": "Content",
                  "text": "<"
                },
                {
                  "kind": "Reference",
                  "text": "OccReplenishmentOrderAdapter",
                  "canonicalReference": "@spartacus/order_occ!OccReplenishmentOrderAdapter:class"
                },
                {
                  "kind": "Content",
                  "text": ">"
                },
                {
                  "kind": "Content",
                  "text": ";"
                }
              ],
              "isOptional": false,
              "releaseTag": "Public",
              "name": "ɵprov",
              "propertyTypeTokenRange": {
                "startIndex": 1,
                "endIndex": 6
              },
              "isStatic": true
            }
          ],
          "implementsTokenRanges": [
            {
              "startIndex": 1,
              "endIndex": 3
            }
          ]
        },
        {
          "kind": "Class",
          "canonicalReference": "@spartacus/order_occ!OccReturnRequestNormalizer:class",
          "docComment": "",
          "excerptTokens": [
            {
              "kind": "Content",
              "text": "export declare class OccReturnRequestNormalizer implements "
            },
            {
              "kind": "Reference",
              "text": "Converter",
              "canonicalReference": "@spartacus/order_occ!Converter:interface"
            },
            {
              "kind": "Content",
              "text": "<"
            },
            {
              "kind": "Reference",
              "text": "Occ.ReturnRequest",
              "canonicalReference": "@spartacus/order_occ!Occ.ReturnRequest:interface"
            },
            {
              "kind": "Content",
              "text": ", "
            },
            {
              "kind": "Reference",
              "text": "ReturnRequest",
              "canonicalReference": "@spartacus/order_occ!ReturnRequest:interface"
            },
            {
              "kind": "Content",
              "text": "> "
            }
          ],
          "releaseTag": "Public",
          "name": "OccReturnRequestNormalizer",
          "members": [
            {
              "kind": "Constructor",
              "canonicalReference": "@spartacus/order_occ!OccReturnRequestNormalizer:constructor(1)",
              "docComment": "/**\n * Constructs a new instance of the `OccReturnRequestNormalizer` class\n */\n",
              "excerptTokens": [
                {
                  "kind": "Content",
                  "text": "constructor(converter: "
                },
                {
                  "kind": "Reference",
                  "text": "ConverterService",
                  "canonicalReference": "@spartacus/order_occ!ConverterService:class"
                },
                {
                  "kind": "Content",
                  "text": ");"
                }
              ],
              "releaseTag": "Public",
              "overloadIndex": 1,
              "parameters": [
                {
                  "parameterName": "converter",
                  "parameterTypeTokenRange": {
                    "startIndex": 1,
                    "endIndex": 2
                  }
                }
              ]
            },
            {
              "kind": "Method",
              "canonicalReference": "@spartacus/order_occ!OccReturnRequestNormalizer#convert:member(1)",
              "docComment": "",
              "excerptTokens": [
                {
                  "kind": "Content",
                  "text": "convert(source: "
                },
                {
                  "kind": "Reference",
                  "text": "Occ.ReturnRequest",
                  "canonicalReference": "@spartacus/order_occ!Occ.ReturnRequest:interface"
                },
                {
                  "kind": "Content",
                  "text": ", target?: "
                },
                {
                  "kind": "Reference",
                  "text": "ReturnRequest",
                  "canonicalReference": "@spartacus/order_occ!ReturnRequest:interface"
                },
                {
                  "kind": "Content",
                  "text": "): "
                },
                {
                  "kind": "Reference",
                  "text": "ReturnRequest",
                  "canonicalReference": "@spartacus/order_occ!ReturnRequest:interface"
                },
                {
                  "kind": "Content",
                  "text": ";"
                }
              ],
              "isOptional": false,
              "isStatic": false,
              "returnTypeTokenRange": {
                "startIndex": 5,
                "endIndex": 6
              },
              "releaseTag": "Public",
              "overloadIndex": 1,
              "parameters": [
                {
                  "parameterName": "source",
                  "parameterTypeTokenRange": {
                    "startIndex": 1,
                    "endIndex": 2
                  }
                },
                {
                  "parameterName": "target",
                  "parameterTypeTokenRange": {
                    "startIndex": 3,
                    "endIndex": 4
                  }
                }
              ],
              "name": "convert"
            },
            {
              "kind": "Property",
              "canonicalReference": "@spartacus/order_occ!OccReturnRequestNormalizer.ɵfac:member",
              "docComment": "",
              "excerptTokens": [
                {
                  "kind": "Content",
                  "text": "static ɵfac: "
                },
                {
                  "kind": "Content",
                  "text": "i0."
                },
                {
                  "kind": "Reference",
                  "text": "ɵɵFactoryDeclaration",
                  "canonicalReference": "@angular/core!ɵɵFactoryDeclaration:type"
                },
                {
                  "kind": "Content",
                  "text": "<"
                },
                {
                  "kind": "Reference",
                  "text": "OccReturnRequestNormalizer",
                  "canonicalReference": "@spartacus/order_occ!OccReturnRequestNormalizer:class"
                },
                {
                  "kind": "Content",
                  "text": ", never>"
                },
                {
                  "kind": "Content",
                  "text": ";"
                }
              ],
              "isOptional": false,
              "releaseTag": "Public",
              "name": "ɵfac",
              "propertyTypeTokenRange": {
                "startIndex": 1,
                "endIndex": 6
              },
              "isStatic": true
            },
            {
              "kind": "Property",
              "canonicalReference": "@spartacus/order_occ!OccReturnRequestNormalizer.ɵprov:member",
              "docComment": "",
              "excerptTokens": [
                {
                  "kind": "Content",
                  "text": "static ɵprov: "
                },
                {
                  "kind": "Content",
                  "text": "i0."
                },
                {
                  "kind": "Reference",
                  "text": "ɵɵInjectableDeclaration",
                  "canonicalReference": "@angular/core!ɵɵInjectableDeclaration:interface"
                },
                {
                  "kind": "Content",
                  "text": "<"
                },
                {
                  "kind": "Reference",
                  "text": "OccReturnRequestNormalizer",
                  "canonicalReference": "@spartacus/order_occ!OccReturnRequestNormalizer:class"
                },
                {
                  "kind": "Content",
                  "text": ">"
                },
                {
                  "kind": "Content",
                  "text": ";"
                }
              ],
              "isOptional": false,
              "releaseTag": "Public",
              "name": "ɵprov",
              "propertyTypeTokenRange": {
                "startIndex": 1,
                "endIndex": 6
              },
              "isStatic": true
            }
          ],
          "implementsTokenRanges": [
            {
              "startIndex": 1,
              "endIndex": 7
            }
          ]
        },
        {
          "kind": "Class",
          "canonicalReference": "@spartacus/order_occ!OrderOccModule:class",
          "docComment": "",
          "excerptTokens": [
            {
              "kind": "Content",
              "text": "export declare class OrderOccModule "
            }
          ],
          "releaseTag": "Public",
          "name": "OrderOccModule",
          "members": [
            {
              "kind": "Property",
              "canonicalReference": "@spartacus/order_occ!OrderOccModule.ɵfac:member",
              "docComment": "",
              "excerptTokens": [
                {
                  "kind": "Content",
                  "text": "static ɵfac: "
                },
                {
                  "kind": "Content",
                  "text": "i0."
                },
                {
                  "kind": "Reference",
                  "text": "ɵɵFactoryDeclaration",
                  "canonicalReference": "@angular/core!ɵɵFactoryDeclaration:type"
                },
                {
                  "kind": "Content",
                  "text": "<"
                },
                {
                  "kind": "Reference",
                  "text": "OrderOccModule",
                  "canonicalReference": "@spartacus/order_occ!OrderOccModule:class"
                },
                {
                  "kind": "Content",
                  "text": ", never>"
                },
                {
                  "kind": "Content",
                  "text": ";"
                }
              ],
              "isOptional": false,
              "releaseTag": "Public",
              "name": "ɵfac",
              "propertyTypeTokenRange": {
                "startIndex": 1,
                "endIndex": 6
              },
              "isStatic": true
            },
            {
              "kind": "Property",
              "canonicalReference": "@spartacus/order_occ!OrderOccModule.ɵinj:member",
              "docComment": "",
              "excerptTokens": [
                {
                  "kind": "Content",
                  "text": "static ɵinj: "
                },
                {
                  "kind": "Content",
                  "text": "i0."
                },
                {
                  "kind": "Reference",
                  "text": "ɵɵInjectorDeclaration",
                  "canonicalReference": "@angular/core!ɵɵInjectorDeclaration:type"
                },
                {
                  "kind": "Content",
                  "text": "<"
                },
                {
                  "kind": "Reference",
                  "text": "OrderOccModule",
                  "canonicalReference": "@spartacus/order_occ!OrderOccModule:class"
                },
                {
                  "kind": "Content",
                  "text": ">"
                },
                {
                  "kind": "Content",
                  "text": ";"
                }
              ],
              "isOptional": false,
              "releaseTag": "Public",
              "name": "ɵinj",
              "propertyTypeTokenRange": {
                "startIndex": 1,
                "endIndex": 6
              },
              "isStatic": true
            },
            {
              "kind": "Property",
              "canonicalReference": "@spartacus/order_occ!OrderOccModule.ɵmod:member",
              "docComment": "",
              "excerptTokens": [
                {
                  "kind": "Content",
                  "text": "static ɵmod: "
                },
                {
                  "kind": "Content",
                  "text": "i0."
                },
                {
                  "kind": "Reference",
                  "text": "ɵɵNgModuleDeclaration",
                  "canonicalReference": "@angular/core!ɵɵNgModuleDeclaration:type"
                },
                {
                  "kind": "Content",
                  "text": "<"
                },
                {
                  "kind": "Reference",
                  "text": "OrderOccModule",
                  "canonicalReference": "@spartacus/order_occ!OrderOccModule:class"
                },
                {
                  "kind": "Content",
                  "text": ", never, [typeof i1."
                },
                {
                  "kind": "Reference",
                  "text": "CommonModule",
                  "canonicalReference": "@angular/common!CommonModule:class"
                },
                {
                  "kind": "Content",
                  "text": "], never>"
                },
                {
                  "kind": "Content",
                  "text": ";"
                }
              ],
              "isOptional": false,
              "releaseTag": "Public",
              "name": "ɵmod",
              "propertyTypeTokenRange": {
                "startIndex": 1,
                "endIndex": 8
              },
              "isStatic": true
            }
          ],
          "implementsTokenRanges": []
        }
      ]
    }
  ]
}
