{
  "metadata": {
    "toolPackage": "@microsoft/api-extractor",
    "toolVersion": "7.19.4",
    "schemaVersion": 1004,
    "oldestForwardsCompatibleVersion": 1001,
    "tsdocConfig": {
      "$schema": "https://developer.microsoft.com/json-schemas/tsdoc/v0/tsdoc.schema.json",
      "noStandardTags": true,
      "tagDefinitions": [
        {
          "tagName": "@alpha",
          "syntaxKind": "modifier"
        },
        {
          "tagName": "@beta",
          "syntaxKind": "modifier"
        },
        {
          "tagName": "@defaultValue",
          "syntaxKind": "block"
        },
        {
          "tagName": "@decorator",
          "syntaxKind": "block",
          "allowMultiple": true
        },
        {
          "tagName": "@deprecated",
          "syntaxKind": "block"
        },
        {
          "tagName": "@eventProperty",
          "syntaxKind": "modifier"
        },
        {
          "tagName": "@example",
          "syntaxKind": "block",
          "allowMultiple": true
        },
        {
          "tagName": "@experimental",
          "syntaxKind": "modifier"
        },
        {
          "tagName": "@inheritDoc",
          "syntaxKind": "inline"
        },
        {
          "tagName": "@internal",
          "syntaxKind": "modifier"
        },
        {
          "tagName": "@label",
          "syntaxKind": "inline"
        },
        {
          "tagName": "@link",
          "syntaxKind": "inline",
          "allowMultiple": true
        },
        {
          "tagName": "@override",
          "syntaxKind": "modifier"
        },
        {
          "tagName": "@packageDocumentation",
          "syntaxKind": "modifier"
        },
        {
          "tagName": "@param",
          "syntaxKind": "block",
          "allowMultiple": true
        },
        {
          "tagName": "@privateRemarks",
          "syntaxKind": "block"
        },
        {
          "tagName": "@public",
          "syntaxKind": "modifier"
        },
        {
          "tagName": "@readonly",
          "syntaxKind": "modifier"
        },
        {
          "tagName": "@remarks",
          "syntaxKind": "block"
        },
        {
          "tagName": "@returns",
          "syntaxKind": "block"
        },
        {
          "tagName": "@sealed",
          "syntaxKind": "modifier"
        },
        {
          "tagName": "@see",
          "syntaxKind": "block"
        },
        {
          "tagName": "@throws",
          "syntaxKind": "block",
          "allowMultiple": true
        },
        {
          "tagName": "@typeParam",
          "syntaxKind": "block",
          "allowMultiple": true
        },
        {
          "tagName": "@virtual",
          "syntaxKind": "modifier"
        },
        {
          "tagName": "@betaDocumentation",
          "syntaxKind": "modifier"
        },
        {
          "tagName": "@internalRemarks",
          "syntaxKind": "block"
        },
        {
          "tagName": "@preapproved",
          "syntaxKind": "modifier"
        }
      ],
      "supportForTags": {
        "@alpha": true,
        "@beta": true,
        "@defaultValue": true,
        "@decorator": true,
        "@deprecated": true,
        "@eventProperty": true,
        "@example": true,
        "@experimental": true,
        "@inheritDoc": true,
        "@internal": true,
        "@label": true,
        "@link": true,
        "@override": true,
        "@packageDocumentation": true,
        "@param": true,
        "@privateRemarks": true,
        "@public": true,
        "@readonly": true,
        "@remarks": true,
        "@returns": true,
        "@sealed": true,
        "@see": true,
        "@throws": true,
        "@typeParam": true,
        "@virtual": true,
        "@betaDocumentation": true,
        "@internalRemarks": true,
        "@preapproved": true
      }
    }
  },
  "kind": "Package",
  "canonicalReference": "@spartacus/product_variants_root!",
  "docComment": "",
  "name": "@spartacus/product_variants_root",
  "members": [
    {
      "kind": "EntryPoint",
      "canonicalReference": "@spartacus/product_variants_root!",
      "name": "",
      "members": [
        {
          "kind": "Function",
          "canonicalReference": "@spartacus/product_variants_root!defaultProductVariantsComponentsConfig:function(1)",
          "docComment": "",
          "excerptTokens": [
            {
              "kind": "Content",
              "text": "export declare function defaultProductVariantsComponentsConfig(): "
            },
            {
              "kind": "Reference",
              "text": "CmsConfig",
              "canonicalReference": "@spartacus/product_variants_root!CmsConfig:class"
            },
            {
              "kind": "Content",
              "text": ";"
            }
          ],
          "returnTypeTokenRange": {
            "startIndex": 1,
            "endIndex": 2
          },
          "releaseTag": "Public",
          "overloadIndex": 1,
          "parameters": [],
          "name": "defaultProductVariantsComponentsConfig"
        },
        {
          "kind": "Variable",
          "canonicalReference": "@spartacus/product_variants_root!PRODUCT_VARIANTS_FEATURE:var",
          "docComment": "",
          "excerptTokens": [
            {
              "kind": "Content",
              "text": "PRODUCT_VARIANTS_FEATURE = \"productVariants\""
            }
          ],
          "releaseTag": "Public",
          "name": "PRODUCT_VARIANTS_FEATURE",
          "variableTypeTokenRange": {
            "startIndex": 0,
            "endIndex": 0
          }
        },
        {
          "kind": "Class",
          "canonicalReference": "@spartacus/product_variants_root!ProductVariantsRootModule:class",
          "docComment": "",
          "excerptTokens": [
            {
              "kind": "Content",
              "text": "export declare class ProductVariantsRootModule "
            }
          ],
          "releaseTag": "Public",
          "name": "ProductVariantsRootModule",
          "members": [
            {
              "kind": "Property",
              "canonicalReference": "@spartacus/product_variants_root!ProductVariantsRootModule.ɵfac:member",
              "docComment": "",
              "excerptTokens": [
                {
                  "kind": "Content",
                  "text": "static ɵfac: "
                },
                {
                  "kind": "Content",
                  "text": "i0."
                },
                {
                  "kind": "Reference",
                  "text": "ɵɵFactoryDeclaration",
                  "canonicalReference": "@angular/core!ɵɵFactoryDeclaration:type"
                },
                {
                  "kind": "Content",
                  "text": "<"
                },
                {
                  "kind": "Reference",
                  "text": "ProductVariantsRootModule",
                  "canonicalReference": "@spartacus/product_variants_root!ProductVariantsRootModule:class"
                },
                {
                  "kind": "Content",
                  "text": ", never>"
                },
                {
                  "kind": "Content",
                  "text": ";"
                }
              ],
              "isOptional": false,
              "releaseTag": "Public",
              "name": "ɵfac",
              "propertyTypeTokenRange": {
                "startIndex": 1,
                "endIndex": 6
              },
              "isStatic": true
            },
            {
              "kind": "Property",
              "canonicalReference": "@spartacus/product_variants_root!ProductVariantsRootModule.ɵinj:member",
              "docComment": "",
              "excerptTokens": [
                {
                  "kind": "Content",
                  "text": "static ɵinj: "
                },
                {
                  "kind": "Content",
                  "text": "i0."
                },
                {
                  "kind": "Reference",
                  "text": "ɵɵInjectorDeclaration",
                  "canonicalReference": "@angular/core!ɵɵInjectorDeclaration:type"
                },
                {
                  "kind": "Content",
                  "text": "<"
                },
                {
                  "kind": "Reference",
                  "text": "ProductVariantsRootModule",
                  "canonicalReference": "@spartacus/product_variants_root!ProductVariantsRootModule:class"
                },
                {
                  "kind": "Content",
                  "text": ">"
                },
                {
                  "kind": "Content",
                  "text": ";"
                }
              ],
              "isOptional": false,
              "releaseTag": "Public",
              "name": "ɵinj",
              "propertyTypeTokenRange": {
                "startIndex": 1,
                "endIndex": 6
              },
              "isStatic": true
            },
            {
              "kind": "Property",
              "canonicalReference": "@spartacus/product_variants_root!ProductVariantsRootModule.ɵmod:member",
              "docComment": "",
              "excerptTokens": [
                {
                  "kind": "Content",
                  "text": "static ɵmod: "
                },
                {
                  "kind": "Content",
                  "text": "i0."
                },
                {
                  "kind": "Reference",
                  "text": "ɵɵNgModuleDeclaration",
                  "canonicalReference": "@angular/core!ɵɵNgModuleDeclaration:type"
                },
                {
                  "kind": "Content",
                  "text": "<"
                },
                {
                  "kind": "Reference",
                  "text": "ProductVariantsRootModule",
                  "canonicalReference": "@spartacus/product_variants_root!ProductVariantsRootModule:class"
                },
                {
                  "kind": "Content",
                  "text": ", never, [typeof i1."
                },
                {
                  "kind": "Reference",
                  "text": "ProductVariantStyleIconsModule",
                  "canonicalReference": "@spartacus/product_variants_root!ProductVariantStyleIconsModule:class"
                },
                {
                  "kind": "Content",
                  "text": "], never>"
                },
                {
                  "kind": "Content",
                  "text": ";"
                }
              ],
              "isOptional": false,
              "releaseTag": "Public",
              "name": "ɵmod",
              "propertyTypeTokenRange": {
                "startIndex": 1,
                "endIndex": 8
              },
              "isStatic": true
            }
          ],
          "implementsTokenRanges": []
        },
        {
          "kind": "Class",
          "canonicalReference": "@spartacus/product_variants_root!ProductVariantStyleIconsComponent:class",
          "docComment": "",
          "excerptTokens": [
            {
              "kind": "Content",
              "text": "export declare class ProductVariantStyleIconsComponent implements "
            },
            {
              "kind": "Reference",
              "text": "OnInit",
              "canonicalReference": "@angular/core!OnInit:interface"
            },
            {
              "kind": "Content",
              "text": ", "
            },
            {
              "kind": "Reference",
              "text": "OnDestroy",
              "canonicalReference": "@angular/core!OnDestroy:interface"
            },
            {
              "kind": "Content",
              "text": " "
            }
          ],
          "releaseTag": "Public",
          "name": "ProductVariantStyleIconsComponent",
          "members": [
            {
              "kind": "Constructor",
              "canonicalReference": "@spartacus/product_variants_root!ProductVariantStyleIconsComponent:constructor(1)",
              "docComment": "/**\n * Constructs a new instance of the `ProductVariantStyleIconsComponent` class\n */\n",
              "excerptTokens": [
                {
                  "kind": "Content",
                  "text": "constructor(config: "
                },
                {
                  "kind": "Reference",
                  "text": "OccConfig",
                  "canonicalReference": "@spartacus/product_variants_root!OccConfig:class"
                },
                {
                  "kind": "Content",
                  "text": ", productListItemContext?: "
                },
                {
                  "kind": "Reference",
                  "text": "ProductListItemContext",
                  "canonicalReference": "@spartacus/product_variants_root!ProductListItemContext:class"
                },
                {
                  "kind": "Content",
                  "text": " | undefined"
                },
                {
                  "kind": "Content",
                  "text": ");"
                }
              ],
              "releaseTag": "Public",
              "overloadIndex": 1,
              "parameters": [
                {
                  "parameterName": "config",
                  "parameterTypeTokenRange": {
                    "startIndex": 1,
                    "endIndex": 2
                  }
                },
                {
                  "parameterName": "productListItemContext",
                  "parameterTypeTokenRange": {
                    "startIndex": 3,
                    "endIndex": 5
                  }
                }
              ]
            },
            {
              "kind": "Method",
              "canonicalReference": "@spartacus/product_variants_root!ProductVariantStyleIconsComponent#getVariantThumbnailUrl:member(1)",
              "docComment": "",
              "excerptTokens": [
                {
                  "kind": "Content",
                  "text": "getVariantThumbnailUrl(variantOptionQualifiers: "
                },
                {
                  "kind": "Reference",
                  "text": "VariantOptionQualifier",
                  "canonicalReference": "@spartacus/product_variants_root!VariantOptionQualifier:interface"
                },
                {
                  "kind": "Content",
                  "text": "[]"
                },
                {
                  "kind": "Content",
                  "text": "): "
                },
                {
                  "kind": "Content",
                  "text": "string"
                },
                {
                  "kind": "Content",
                  "text": ";"
                }
              ],
              "isOptional": false,
              "isStatic": false,
              "returnTypeTokenRange": {
                "startIndex": 4,
                "endIndex": 5
              },
              "releaseTag": "Public",
              "overloadIndex": 1,
              "parameters": [
                {
                  "parameterName": "variantOptionQualifiers",
                  "parameterTypeTokenRange": {
                    "startIndex": 1,
                    "endIndex": 3
                  }
                }
              ],
              "name": "getVariantThumbnailUrl"
            },
            {
              "kind": "Method",
              "canonicalReference": "@spartacus/product_variants_root!ProductVariantStyleIconsComponent#ngOnDestroy:member(1)",
              "docComment": "",
              "excerptTokens": [
                {
                  "kind": "Content",
                  "text": "ngOnDestroy(): "
                },
                {
                  "kind": "Content",
                  "text": "void"
                },
                {
                  "kind": "Content",
                  "text": ";"
                }
              ],
              "isOptional": false,
              "isStatic": false,
              "returnTypeTokenRange": {
                "startIndex": 1,
                "endIndex": 2
              },
              "releaseTag": "Public",
              "overloadIndex": 1,
              "parameters": [],
              "name": "ngOnDestroy"
            },
            {
              "kind": "Method",
              "canonicalReference": "@spartacus/product_variants_root!ProductVariantStyleIconsComponent#ngOnInit:member(1)",
              "docComment": "",
              "excerptTokens": [
                {
                  "kind": "Content",
                  "text": "ngOnInit(): "
                },
                {
                  "kind": "Content",
                  "text": "void"
                },
                {
                  "kind": "Content",
                  "text": ";"
                }
              ],
              "isOptional": false,
              "isStatic": false,
              "returnTypeTokenRange": {
                "startIndex": 1,
                "endIndex": 2
              },
              "releaseTag": "Public",
              "overloadIndex": 1,
              "parameters": [],
              "name": "ngOnInit"
            },
            {
              "kind": "Property",
              "canonicalReference": "@spartacus/product_variants_root!ProductVariantStyleIconsComponent.ɵcmp:member",
              "docComment": "",
              "excerptTokens": [
                {
                  "kind": "Content",
                  "text": "static ɵcmp: "
                },
                {
                  "kind": "Content",
                  "text": "i0."
                },
                {
                  "kind": "Reference",
                  "text": "ɵɵComponentDeclaration",
                  "canonicalReference": "@angular/core!ɵɵComponentDeclaration:type"
                },
                {
                  "kind": "Content",
                  "text": "<"
                },
                {
                  "kind": "Reference",
                  "text": "ProductVariantStyleIconsComponent",
                  "canonicalReference": "@spartacus/product_variants_root!ProductVariantStyleIconsComponent:class"
                },
                {
                  "kind": "Content",
                  "text": ", \"cx-variant-style-icons\", never, { \"variants\": \"variants\"; }, {}, never, never>"
                },
                {
                  "kind": "Content",
                  "text": ";"
                }
              ],
              "isOptional": false,
              "releaseTag": "Public",
              "name": "ɵcmp",
              "propertyTypeTokenRange": {
                "startIndex": 1,
                "endIndex": 6
              },
              "isStatic": true
            },
            {
              "kind": "Property",
              "canonicalReference": "@spartacus/product_variants_root!ProductVariantStyleIconsComponent.ɵfac:member",
              "docComment": "",
              "excerptTokens": [
                {
                  "kind": "Content",
                  "text": "static ɵfac: "
                },
                {
                  "kind": "Content",
                  "text": "i0."
                },
                {
                  "kind": "Reference",
                  "text": "ɵɵFactoryDeclaration",
                  "canonicalReference": "@angular/core!ɵɵFactoryDeclaration:type"
                },
                {
                  "kind": "Content",
                  "text": "<"
                },
                {
                  "kind": "Reference",
                  "text": "ProductVariantStyleIconsComponent",
                  "canonicalReference": "@spartacus/product_variants_root!ProductVariantStyleIconsComponent:class"
                },
                {
                  "kind": "Content",
                  "text": ", [null, { optional: true; }]>"
                },
                {
                  "kind": "Content",
                  "text": ";"
                }
              ],
              "isOptional": false,
              "releaseTag": "Public",
              "name": "ɵfac",
              "propertyTypeTokenRange": {
                "startIndex": 1,
                "endIndex": 6
              },
              "isStatic": true
            },
            {
              "kind": "Property",
              "canonicalReference": "@spartacus/product_variants_root!ProductVariantStyleIconsComponent#product$:member",
              "docComment": "",
              "excerptTokens": [
                {
                  "kind": "Content",
                  "text": "readonly product$: "
                },
                {
                  "kind": "Reference",
                  "text": "Observable",
                  "canonicalReference": "rxjs!Observable:class"
                },
                {
                  "kind": "Content",
                  "text": "<"
                },
                {
                  "kind": "Reference",
                  "text": "Product",
                  "canonicalReference": "@spartacus/product_variants_root!Product:interface"
                },
                {
                  "kind": "Content",
                  "text": ">"
                },
                {
                  "kind": "Content",
                  "text": ";"
                }
              ],
              "isOptional": false,
              "releaseTag": "Public",
              "name": "product$",
              "propertyTypeTokenRange": {
                "startIndex": 1,
                "endIndex": 5
              },
              "isStatic": false
            },
            {
              "kind": "Property",
              "canonicalReference": "@spartacus/product_variants_root!ProductVariantStyleIconsComponent#productListItemContext:member",
              "docComment": "",
              "excerptTokens": [
                {
                  "kind": "Content",
                  "text": "protected productListItemContext?: "
                },
                {
                  "kind": "Reference",
                  "text": "ProductListItemContext",
                  "canonicalReference": "@spartacus/product_variants_root!ProductListItemContext:class"
                },
                {
                  "kind": "Content",
                  "text": " | undefined"
                },
                {
                  "kind": "Content",
                  "text": ";"
                }
              ],
              "isOptional": true,
              "releaseTag": "Public",
              "name": "productListItemContext",
              "propertyTypeTokenRange": {
                "startIndex": 1,
                "endIndex": 3
              },
              "isStatic": false
            },
            {
              "kind": "Property",
              "canonicalReference": "@spartacus/product_variants_root!ProductVariantStyleIconsComponent#ProductListOutlets:member",
              "docComment": "",
              "excerptTokens": [
                {
                  "kind": "Content",
                  "text": "readonly ProductListOutlets: "
                },
                {
                  "kind": "Content",
                  "text": "typeof "
                },
                {
                  "kind": "Reference",
                  "text": "ProductListOutlets",
                  "canonicalReference": "@spartacus/product_variants_root!ProductListOutlets:enum"
                },
                {
                  "kind": "Content",
                  "text": ";"
                }
              ],
              "isOptional": false,
              "releaseTag": "Public",
              "name": "ProductListOutlets",
              "propertyTypeTokenRange": {
                "startIndex": 1,
                "endIndex": 3
              },
              "isStatic": false
            },
            {
              "kind": "Property",
              "canonicalReference": "@spartacus/product_variants_root!ProductVariantStyleIconsComponent#subscriptions:member",
              "docComment": "",
              "excerptTokens": [
                {
                  "kind": "Content",
                  "text": "protected subscriptions: "
                },
                {
                  "kind": "Reference",
                  "text": "Subscription",
                  "canonicalReference": "rxjs!Subscription:class"
                },
                {
                  "kind": "Content",
                  "text": ";"
                }
              ],
              "isOptional": false,
              "releaseTag": "Public",
              "name": "subscriptions",
              "propertyTypeTokenRange": {
                "startIndex": 1,
                "endIndex": 2
              },
              "isStatic": false
            },
            {
              "kind": "Property",
              "canonicalReference": "@spartacus/product_variants_root!ProductVariantStyleIconsComponent#variantNames:member",
              "docComment": "",
              "excerptTokens": [
                {
                  "kind": "Content",
                  "text": "variantNames: "
                },
                {
                  "kind": "Content",
                  "text": "{\n        [key: string]: string;\n    }"
                },
                {
                  "kind": "Content",
                  "text": ";"
                }
              ],
              "isOptional": false,
              "releaseTag": "Public",
              "name": "variantNames",
              "propertyTypeTokenRange": {
                "startIndex": 1,
                "endIndex": 2
              },
              "isStatic": false
            },
            {
              "kind": "Property",
              "canonicalReference": "@spartacus/product_variants_root!ProductVariantStyleIconsComponent#variants:member",
              "docComment": "",
              "excerptTokens": [
                {
                  "kind": "Content",
                  "text": "variants: "
                },
                {
                  "kind": "Reference",
                  "text": "VariantOption",
                  "canonicalReference": "@spartacus/product_variants_root!VariantOption:interface"
                },
                {
                  "kind": "Content",
                  "text": "[]"
                },
                {
                  "kind": "Content",
                  "text": ";"
                }
              ],
              "isOptional": false,
              "releaseTag": "Public",
              "name": "variants",
              "propertyTypeTokenRange": {
                "startIndex": 1,
                "endIndex": 3
              },
              "isStatic": false
            }
          ],
          "implementsTokenRanges": [
            {
              "startIndex": 1,
              "endIndex": 2
            },
            {
              "startIndex": 3,
              "endIndex": 5
            }
          ]
        },
        {
          "kind": "Class",
          "canonicalReference": "@spartacus/product_variants_root!ProductVariantStyleIconsModule:class",
          "docComment": "",
          "excerptTokens": [
            {
              "kind": "Content",
              "text": "export declare class ProductVariantStyleIconsModule "
            }
          ],
          "releaseTag": "Public",
          "name": "ProductVariantStyleIconsModule",
          "members": [
            {
              "kind": "Property",
              "canonicalReference": "@spartacus/product_variants_root!ProductVariantStyleIconsModule.ɵfac:member",
              "docComment": "",
              "excerptTokens": [
                {
                  "kind": "Content",
                  "text": "static ɵfac: "
                },
                {
                  "kind": "Content",
                  "text": "i0."
                },
                {
                  "kind": "Reference",
                  "text": "ɵɵFactoryDeclaration",
                  "canonicalReference": "@angular/core!ɵɵFactoryDeclaration:type"
                },
                {
                  "kind": "Content",
                  "text": "<"
                },
                {
                  "kind": "Reference",
                  "text": "ProductVariantStyleIconsModule",
                  "canonicalReference": "@spartacus/product_variants_root!ProductVariantStyleIconsModule:class"
                },
                {
                  "kind": "Content",
                  "text": ", never>"
                },
                {
                  "kind": "Content",
                  "text": ";"
                }
              ],
              "isOptional": false,
              "releaseTag": "Public",
              "name": "ɵfac",
              "propertyTypeTokenRange": {
                "startIndex": 1,
                "endIndex": 6
              },
              "isStatic": true
            },
            {
              "kind": "Property",
              "canonicalReference": "@spartacus/product_variants_root!ProductVariantStyleIconsModule.ɵinj:member",
              "docComment": "",
              "excerptTokens": [
                {
                  "kind": "Content",
                  "text": "static ɵinj: "
                },
                {
                  "kind": "Content",
                  "text": "i0."
                },
                {
                  "kind": "Reference",
                  "text": "ɵɵInjectorDeclaration",
                  "canonicalReference": "@angular/core!ɵɵInjectorDeclaration:type"
                },
                {
                  "kind": "Content",
                  "text": "<"
                },
                {
                  "kind": "Reference",
                  "text": "ProductVariantStyleIconsModule",
                  "canonicalReference": "@spartacus/product_variants_root!ProductVariantStyleIconsModule:class"
                },
                {
                  "kind": "Content",
                  "text": ">"
                },
                {
                  "kind": "Content",
                  "text": ";"
                }
              ],
              "isOptional": false,
              "releaseTag": "Public",
              "name": "ɵinj",
              "propertyTypeTokenRange": {
                "startIndex": 1,
                "endIndex": 6
              },
              "isStatic": true
            },
            {
              "kind": "Property",
              "canonicalReference": "@spartacus/product_variants_root!ProductVariantStyleIconsModule.ɵmod:member",
              "docComment": "",
              "excerptTokens": [
                {
                  "kind": "Content",
                  "text": "static ɵmod: "
                },
                {
                  "kind": "Content",
                  "text": "i0."
                },
                {
                  "kind": "Reference",
                  "text": "ɵɵNgModuleDeclaration",
                  "canonicalReference": "@angular/core!ɵɵNgModuleDeclaration:type"
                },
                {
                  "kind": "Content",
                  "text": "<"
                },
                {
                  "kind": "Reference",
                  "text": "ProductVariantStyleIconsModule",
                  "canonicalReference": "@spartacus/product_variants_root!ProductVariantStyleIconsModule:class"
                },
                {
                  "kind": "Content",
                  "text": ", [typeof i1."
                },
                {
                  "kind": "Reference",
                  "text": "ProductVariantStyleIconsComponent",
                  "canonicalReference": "@spartacus/product_variants_root!ProductVariantStyleIconsComponent:class"
                },
                {
                  "kind": "Content",
                  "text": "], [typeof i2."
                },
                {
                  "kind": "Reference",
                  "text": "CommonModule",
                  "canonicalReference": "@angular/common!CommonModule:class"
                },
                {
                  "kind": "Content",
                  "text": ", typeof i3."
                },
                {
                  "kind": "Reference",
                  "text": "RouterModule",
                  "canonicalReference": "@angular/router!RouterModule:class"
                },
                {
                  "kind": "Content",
                  "text": ", typeof i4."
                },
                {
                  "kind": "Reference",
                  "text": "UrlModule",
                  "canonicalReference": "@spartacus/product_variants_root!UrlModule:class"
                },
                {
                  "kind": "Content",
                  "text": ", typeof i4."
                },
                {
                  "kind": "Reference",
                  "text": "I18nModule",
                  "canonicalReference": "@spartacus/product_variants_root!I18nModule:class"
                },
                {
                  "kind": "Content",
                  "text": "], [typeof i1."
                },
                {
                  "kind": "Reference",
                  "text": "ProductVariantStyleIconsComponent",
                  "canonicalReference": "@spartacus/product_variants_root!ProductVariantStyleIconsComponent:class"
                },
                {
                  "kind": "Content",
                  "text": "]>"
                },
                {
                  "kind": "Content",
                  "text": ";"
                }
              ],
              "isOptional": false,
              "releaseTag": "Public",
              "name": "ɵmod",
              "propertyTypeTokenRange": {
                "startIndex": 1,
                "endIndex": 18
              },
              "isStatic": true
            }
          ],
          "implementsTokenRanges": []
        }
      ]
    }
  ]
}
