{
  "metadata": {
    "toolPackage": "@microsoft/api-extractor",
    "toolVersion": "7.19.4",
    "schemaVersion": 1004,
    "oldestForwardsCompatibleVersion": 1001,
    "tsdocConfig": {
      "$schema": "https://developer.microsoft.com/json-schemas/tsdoc/v0/tsdoc.schema.json",
      "noStandardTags": true,
      "tagDefinitions": [
        {
          "tagName": "@alpha",
          "syntaxKind": "modifier"
        },
        {
          "tagName": "@beta",
          "syntaxKind": "modifier"
        },
        {
          "tagName": "@defaultValue",
          "syntaxKind": "block"
        },
        {
          "tagName": "@decorator",
          "syntaxKind": "block",
          "allowMultiple": true
        },
        {
          "tagName": "@deprecated",
          "syntaxKind": "block"
        },
        {
          "tagName": "@eventProperty",
          "syntaxKind": "modifier"
        },
        {
          "tagName": "@example",
          "syntaxKind": "block",
          "allowMultiple": true
        },
        {
          "tagName": "@experimental",
          "syntaxKind": "modifier"
        },
        {
          "tagName": "@inheritDoc",
          "syntaxKind": "inline"
        },
        {
          "tagName": "@internal",
          "syntaxKind": "modifier"
        },
        {
          "tagName": "@label",
          "syntaxKind": "inline"
        },
        {
          "tagName": "@link",
          "syntaxKind": "inline",
          "allowMultiple": true
        },
        {
          "tagName": "@override",
          "syntaxKind": "modifier"
        },
        {
          "tagName": "@packageDocumentation",
          "syntaxKind": "modifier"
        },
        {
          "tagName": "@param",
          "syntaxKind": "block",
          "allowMultiple": true
        },
        {
          "tagName": "@privateRemarks",
          "syntaxKind": "block"
        },
        {
          "tagName": "@public",
          "syntaxKind": "modifier"
        },
        {
          "tagName": "@readonly",
          "syntaxKind": "modifier"
        },
        {
          "tagName": "@remarks",
          "syntaxKind": "block"
        },
        {
          "tagName": "@returns",
          "syntaxKind": "block"
        },
        {
          "tagName": "@sealed",
          "syntaxKind": "modifier"
        },
        {
          "tagName": "@see",
          "syntaxKind": "block"
        },
        {
          "tagName": "@throws",
          "syntaxKind": "block",
          "allowMultiple": true
        },
        {
          "tagName": "@typeParam",
          "syntaxKind": "block",
          "allowMultiple": true
        },
        {
          "tagName": "@virtual",
          "syntaxKind": "modifier"
        },
        {
          "tagName": "@betaDocumentation",
          "syntaxKind": "modifier"
        },
        {
          "tagName": "@internalRemarks",
          "syntaxKind": "block"
        },
        {
          "tagName": "@preapproved",
          "syntaxKind": "modifier"
        }
      ],
      "supportForTags": {
        "@alpha": true,
        "@beta": true,
        "@defaultValue": true,
        "@decorator": true,
        "@deprecated": true,
        "@eventProperty": true,
        "@example": true,
        "@experimental": true,
        "@inheritDoc": true,
        "@internal": true,
        "@label": true,
        "@link": true,
        "@override": true,
        "@packageDocumentation": true,
        "@param": true,
        "@privateRemarks": true,
        "@public": true,
        "@readonly": true,
        "@remarks": true,
        "@returns": true,
        "@sealed": true,
        "@see": true,
        "@throws": true,
        "@typeParam": true,
        "@virtual": true,
        "@betaDocumentation": true,
        "@internalRemarks": true,
        "@preapproved": true
      }
    }
  },
  "kind": "Package",
  "canonicalReference": "@spartacus/product_variants_components!",
  "docComment": "",
  "name": "@spartacus/product_variants_components",
  "members": [
    {
      "kind": "EntryPoint",
      "canonicalReference": "@spartacus/product_variants_components!",
      "name": "",
      "members": [
        {
          "kind": "Class",
          "canonicalReference": "@spartacus/product_variants_components!ProductVariantColorSelectorComponent:class",
          "docComment": "",
          "excerptTokens": [
            {
              "kind": "Content",
              "text": "export declare class ProductVariantColorSelectorComponent "
            }
          ],
          "releaseTag": "Public",
          "name": "ProductVariantColorSelectorComponent",
          "members": [
            {
              "kind": "Constructor",
              "canonicalReference": "@spartacus/product_variants_components!ProductVariantColorSelectorComponent:constructor(1)",
              "docComment": "/**\n * Constructs a new instance of the `ProductVariantColorSelectorComponent` class\n */\n",
              "excerptTokens": [
                {
                  "kind": "Content",
                  "text": "constructor(routingService: "
                },
                {
                  "kind": "Reference",
                  "text": "RoutingService",
                  "canonicalReference": "@spartacus/product_variants_components!RoutingService:class"
                },
                {
                  "kind": "Content",
                  "text": ");"
                }
              ],
              "releaseTag": "Public",
              "overloadIndex": 1,
              "parameters": [
                {
                  "parameterName": "routingService",
                  "parameterTypeTokenRange": {
                    "startIndex": 1,
                    "endIndex": 2
                  }
                }
              ]
            },
            {
              "kind": "Method",
              "canonicalReference": "@spartacus/product_variants_components!ProductVariantColorSelectorComponent#changeColor:member(1)",
              "docComment": "",
              "excerptTokens": [
                {
                  "kind": "Content",
                  "text": "changeColor(code: "
                },
                {
                  "kind": "Content",
                  "text": "string"
                },
                {
                  "kind": "Content",
                  "text": ", name: "
                },
                {
                  "kind": "Content",
                  "text": "string"
                },
                {
                  "kind": "Content",
                  "text": "): "
                },
                {
                  "kind": "Content",
                  "text": "null"
                },
                {
                  "kind": "Content",
                  "text": ";"
                }
              ],
              "isOptional": false,
              "isStatic": false,
              "returnTypeTokenRange": {
                "startIndex": 5,
                "endIndex": 6
              },
              "releaseTag": "Public",
              "overloadIndex": 1,
              "parameters": [
                {
                  "parameterName": "code",
                  "parameterTypeTokenRange": {
                    "startIndex": 1,
                    "endIndex": 2
                  }
                },
                {
                  "parameterName": "name",
                  "parameterTypeTokenRange": {
                    "startIndex": 3,
                    "endIndex": 4
                  }
                }
              ],
              "name": "changeColor"
            },
            {
              "kind": "Method",
              "canonicalReference": "@spartacus/product_variants_components!ProductVariantColorSelectorComponent#getVariantOptionValue:member(1)",
              "docComment": "",
              "excerptTokens": [
                {
                  "kind": "Content",
                  "text": "getVariantOptionValue(qualifiers: "
                },
                {
                  "kind": "Reference",
                  "text": "VariantOptionQualifier",
                  "canonicalReference": "@spartacus/product_variants_components!VariantOptionQualifier:interface"
                },
                {
                  "kind": "Content",
                  "text": "[]"
                },
                {
                  "kind": "Content",
                  "text": "): "
                },
                {
                  "kind": "Content",
                  "text": "string | undefined"
                },
                {
                  "kind": "Content",
                  "text": ";"
                }
              ],
              "isOptional": false,
              "isStatic": false,
              "returnTypeTokenRange": {
                "startIndex": 4,
                "endIndex": 5
              },
              "releaseTag": "Public",
              "overloadIndex": 1,
              "parameters": [
                {
                  "parameterName": "qualifiers",
                  "parameterTypeTokenRange": {
                    "startIndex": 1,
                    "endIndex": 3
                  }
                }
              ],
              "name": "getVariantOptionValue"
            },
            {
              "kind": "Property",
              "canonicalReference": "@spartacus/product_variants_components!ProductVariantColorSelectorComponent.ɵcmp:member",
              "docComment": "",
              "excerptTokens": [
                {
                  "kind": "Content",
                  "text": "static ɵcmp: "
                },
                {
                  "kind": "Content",
                  "text": "i0."
                },
                {
                  "kind": "Reference",
                  "text": "ɵɵComponentDeclaration",
                  "canonicalReference": "@angular/core!ɵɵComponentDeclaration:type"
                },
                {
                  "kind": "Content",
                  "text": "<"
                },
                {
                  "kind": "Reference",
                  "text": "ProductVariantColorSelectorComponent",
                  "canonicalReference": "@spartacus/product_variants_components!ProductVariantColorSelectorComponent:class"
                },
                {
                  "kind": "Content",
                  "text": ", \"cx-product-variant-color-selector\", never, { \"product\": \"product\"; \"variants\": \"variants\"; }, {}, never, never>"
                },
                {
                  "kind": "Content",
                  "text": ";"
                }
              ],
              "isOptional": false,
              "releaseTag": "Public",
              "name": "ɵcmp",
              "propertyTypeTokenRange": {
                "startIndex": 1,
                "endIndex": 6
              },
              "isStatic": true
            },
            {
              "kind": "Property",
              "canonicalReference": "@spartacus/product_variants_components!ProductVariantColorSelectorComponent.ɵfac:member",
              "docComment": "",
              "excerptTokens": [
                {
                  "kind": "Content",
                  "text": "static ɵfac: "
                },
                {
                  "kind": "Content",
                  "text": "i0."
                },
                {
                  "kind": "Reference",
                  "text": "ɵɵFactoryDeclaration",
                  "canonicalReference": "@angular/core!ɵɵFactoryDeclaration:type"
                },
                {
                  "kind": "Content",
                  "text": "<"
                },
                {
                  "kind": "Reference",
                  "text": "ProductVariantColorSelectorComponent",
                  "canonicalReference": "@spartacus/product_variants_components!ProductVariantColorSelectorComponent:class"
                },
                {
                  "kind": "Content",
                  "text": ", never>"
                },
                {
                  "kind": "Content",
                  "text": ";"
                }
              ],
              "isOptional": false,
              "releaseTag": "Public",
              "name": "ɵfac",
              "propertyTypeTokenRange": {
                "startIndex": 1,
                "endIndex": 6
              },
              "isStatic": true
            },
            {
              "kind": "Property",
              "canonicalReference": "@spartacus/product_variants_components!ProductVariantColorSelectorComponent#product:member",
              "docComment": "",
              "excerptTokens": [
                {
                  "kind": "Content",
                  "text": "product: "
                },
                {
                  "kind": "Reference",
                  "text": "Product",
                  "canonicalReference": "@spartacus/product_variants_components!Product:interface"
                },
                {
                  "kind": "Content",
                  "text": ";"
                }
              ],
              "isOptional": false,
              "releaseTag": "Public",
              "name": "product",
              "propertyTypeTokenRange": {
                "startIndex": 1,
                "endIndex": 2
              },
              "isStatic": false
            },
            {
              "kind": "Property",
              "canonicalReference": "@spartacus/product_variants_components!ProductVariantColorSelectorComponent#variants:member",
              "docComment": "",
              "excerptTokens": [
                {
                  "kind": "Content",
                  "text": "variants: "
                },
                {
                  "kind": "Reference",
                  "text": "BaseOption",
                  "canonicalReference": "@spartacus/product_variants_components!BaseOption:interface"
                },
                {
                  "kind": "Content",
                  "text": ";"
                }
              ],
              "isOptional": false,
              "releaseTag": "Public",
              "name": "variants",
              "propertyTypeTokenRange": {
                "startIndex": 1,
                "endIndex": 2
              },
              "isStatic": false
            }
          ],
          "implementsTokenRanges": []
        },
        {
          "kind": "Class",
          "canonicalReference": "@spartacus/product_variants_components!ProductVariantColorSelectorModule:class",
          "docComment": "",
          "excerptTokens": [
            {
              "kind": "Content",
              "text": "export declare class ProductVariantColorSelectorModule "
            }
          ],
          "releaseTag": "Public",
          "name": "ProductVariantColorSelectorModule",
          "members": [
            {
              "kind": "Property",
              "canonicalReference": "@spartacus/product_variants_components!ProductVariantColorSelectorModule.ɵfac:member",
              "docComment": "",
              "excerptTokens": [
                {
                  "kind": "Content",
                  "text": "static ɵfac: "
                },
                {
                  "kind": "Content",
                  "text": "i0."
                },
                {
                  "kind": "Reference",
                  "text": "ɵɵFactoryDeclaration",
                  "canonicalReference": "@angular/core!ɵɵFactoryDeclaration:type"
                },
                {
                  "kind": "Content",
                  "text": "<"
                },
                {
                  "kind": "Reference",
                  "text": "ProductVariantColorSelectorModule",
                  "canonicalReference": "@spartacus/product_variants_components!ProductVariantColorSelectorModule:class"
                },
                {
                  "kind": "Content",
                  "text": ", never>"
                },
                {
                  "kind": "Content",
                  "text": ";"
                }
              ],
              "isOptional": false,
              "releaseTag": "Public",
              "name": "ɵfac",
              "propertyTypeTokenRange": {
                "startIndex": 1,
                "endIndex": 6
              },
              "isStatic": true
            },
            {
              "kind": "Property",
              "canonicalReference": "@spartacus/product_variants_components!ProductVariantColorSelectorModule.ɵinj:member",
              "docComment": "",
              "excerptTokens": [
                {
                  "kind": "Content",
                  "text": "static ɵinj: "
                },
                {
                  "kind": "Content",
                  "text": "i0."
                },
                {
                  "kind": "Reference",
                  "text": "ɵɵInjectorDeclaration",
                  "canonicalReference": "@angular/core!ɵɵInjectorDeclaration:type"
                },
                {
                  "kind": "Content",
                  "text": "<"
                },
                {
                  "kind": "Reference",
                  "text": "ProductVariantColorSelectorModule",
                  "canonicalReference": "@spartacus/product_variants_components!ProductVariantColorSelectorModule:class"
                },
                {
                  "kind": "Content",
                  "text": ">"
                },
                {
                  "kind": "Content",
                  "text": ";"
                }
              ],
              "isOptional": false,
              "releaseTag": "Public",
              "name": "ɵinj",
              "propertyTypeTokenRange": {
                "startIndex": 1,
                "endIndex": 6
              },
              "isStatic": true
            },
            {
              "kind": "Property",
              "canonicalReference": "@spartacus/product_variants_components!ProductVariantColorSelectorModule.ɵmod:member",
              "docComment": "",
              "excerptTokens": [
                {
                  "kind": "Content",
                  "text": "static ɵmod: "
                },
                {
                  "kind": "Content",
                  "text": "i0."
                },
                {
                  "kind": "Reference",
                  "text": "ɵɵNgModuleDeclaration",
                  "canonicalReference": "@angular/core!ɵɵNgModuleDeclaration:type"
                },
                {
                  "kind": "Content",
                  "text": "<"
                },
                {
                  "kind": "Reference",
                  "text": "ProductVariantColorSelectorModule",
                  "canonicalReference": "@spartacus/product_variants_components!ProductVariantColorSelectorModule:class"
                },
                {
                  "kind": "Content",
                  "text": ", [typeof i1."
                },
                {
                  "kind": "Reference",
                  "text": "ProductVariantColorSelectorComponent",
                  "canonicalReference": "@spartacus/product_variants_components!ProductVariantColorSelectorComponent:class"
                },
                {
                  "kind": "Content",
                  "text": "], [typeof i2."
                },
                {
                  "kind": "Reference",
                  "text": "CommonModule",
                  "canonicalReference": "@angular/common!CommonModule:class"
                },
                {
                  "kind": "Content",
                  "text": ", typeof i3."
                },
                {
                  "kind": "Reference",
                  "text": "RouterModule",
                  "canonicalReference": "@angular/router!RouterModule:class"
                },
                {
                  "kind": "Content",
                  "text": ", typeof i4."
                },
                {
                  "kind": "Reference",
                  "text": "UrlModule",
                  "canonicalReference": "@spartacus/product_variants_components!UrlModule:class"
                },
                {
                  "kind": "Content",
                  "text": ", typeof i4."
                },
                {
                  "kind": "Reference",
                  "text": "I18nModule",
                  "canonicalReference": "@spartacus/product_variants_components!I18nModule:class"
                },
                {
                  "kind": "Content",
                  "text": "], [typeof i1."
                },
                {
                  "kind": "Reference",
                  "text": "ProductVariantColorSelectorComponent",
                  "canonicalReference": "@spartacus/product_variants_components!ProductVariantColorSelectorComponent:class"
                },
                {
                  "kind": "Content",
                  "text": "]>"
                },
                {
                  "kind": "Content",
                  "text": ";"
                }
              ],
              "isOptional": false,
              "releaseTag": "Public",
              "name": "ɵmod",
              "propertyTypeTokenRange": {
                "startIndex": 1,
                "endIndex": 18
              },
              "isStatic": true
            }
          ],
          "implementsTokenRanges": []
        },
        {
          "kind": "Class",
          "canonicalReference": "@spartacus/product_variants_components!ProductVariantsComponentsModule:class",
          "docComment": "",
          "excerptTokens": [
            {
              "kind": "Content",
              "text": "export declare class ProductVariantsComponentsModule "
            }
          ],
          "releaseTag": "Public",
          "name": "ProductVariantsComponentsModule",
          "members": [
            {
              "kind": "Property",
              "canonicalReference": "@spartacus/product_variants_components!ProductVariantsComponentsModule.ɵfac:member",
              "docComment": "",
              "excerptTokens": [
                {
                  "kind": "Content",
                  "text": "static ɵfac: "
                },
                {
                  "kind": "Content",
                  "text": "i0."
                },
                {
                  "kind": "Reference",
                  "text": "ɵɵFactoryDeclaration",
                  "canonicalReference": "@angular/core!ɵɵFactoryDeclaration:type"
                },
                {
                  "kind": "Content",
                  "text": "<"
                },
                {
                  "kind": "Reference",
                  "text": "ProductVariantsComponentsModule",
                  "canonicalReference": "@spartacus/product_variants_components!ProductVariantsComponentsModule:class"
                },
                {
                  "kind": "Content",
                  "text": ", never>"
                },
                {
                  "kind": "Content",
                  "text": ";"
                }
              ],
              "isOptional": false,
              "releaseTag": "Public",
              "name": "ɵfac",
              "propertyTypeTokenRange": {
                "startIndex": 1,
                "endIndex": 6
              },
              "isStatic": true
            },
            {
              "kind": "Property",
              "canonicalReference": "@spartacus/product_variants_components!ProductVariantsComponentsModule.ɵinj:member",
              "docComment": "",
              "excerptTokens": [
                {
                  "kind": "Content",
                  "text": "static ɵinj: "
                },
                {
                  "kind": "Content",
                  "text": "i0."
                },
                {
                  "kind": "Reference",
                  "text": "ɵɵInjectorDeclaration",
                  "canonicalReference": "@angular/core!ɵɵInjectorDeclaration:type"
                },
                {
                  "kind": "Content",
                  "text": "<"
                },
                {
                  "kind": "Reference",
                  "text": "ProductVariantsComponentsModule",
                  "canonicalReference": "@spartacus/product_variants_components!ProductVariantsComponentsModule:class"
                },
                {
                  "kind": "Content",
                  "text": ">"
                },
                {
                  "kind": "Content",
                  "text": ";"
                }
              ],
              "isOptional": false,
              "releaseTag": "Public",
              "name": "ɵinj",
              "propertyTypeTokenRange": {
                "startIndex": 1,
                "endIndex": 6
              },
              "isStatic": true
            },
            {
              "kind": "Property",
              "canonicalReference": "@spartacus/product_variants_components!ProductVariantsComponentsModule.ɵmod:member",
              "docComment": "",
              "excerptTokens": [
                {
                  "kind": "Content",
                  "text": "static ɵmod: "
                },
                {
                  "kind": "Content",
                  "text": "i0."
                },
                {
                  "kind": "Reference",
                  "text": "ɵɵNgModuleDeclaration",
                  "canonicalReference": "@angular/core!ɵɵNgModuleDeclaration:type"
                },
                {
                  "kind": "Content",
                  "text": "<"
                },
                {
                  "kind": "Reference",
                  "text": "ProductVariantsComponentsModule",
                  "canonicalReference": "@spartacus/product_variants_components!ProductVariantsComponentsModule:class"
                },
                {
                  "kind": "Content",
                  "text": ", never, [typeof i1."
                },
                {
                  "kind": "Reference",
                  "text": "ProductVariantsContainerModule",
                  "canonicalReference": "@spartacus/product_variants_components!ProductVariantsContainerModule:class"
                },
                {
                  "kind": "Content",
                  "text": ", typeof i2."
                },
                {
                  "kind": "Reference",
                  "text": "ProductVariantColorSelectorModule",
                  "canonicalReference": "@spartacus/product_variants_components!ProductVariantColorSelectorModule:class"
                },
                {
                  "kind": "Content",
                  "text": ", typeof i3."
                },
                {
                  "kind": "Reference",
                  "text": "ProductVariantSizeSelectorModule",
                  "canonicalReference": "@spartacus/product_variants_components!ProductVariantSizeSelectorModule:class"
                },
                {
                  "kind": "Content",
                  "text": ", typeof i4."
                },
                {
                  "kind": "Reference",
                  "text": "ProductVariantStyleSelectorModule",
                  "canonicalReference": "@spartacus/product_variants_components!ProductVariantStyleSelectorModule:class"
                },
                {
                  "kind": "Content",
                  "text": "], never>"
                },
                {
                  "kind": "Content",
                  "text": ";"
                }
              ],
              "isOptional": false,
              "releaseTag": "Public",
              "name": "ɵmod",
              "propertyTypeTokenRange": {
                "startIndex": 1,
                "endIndex": 14
              },
              "isStatic": true
            }
          ],
          "implementsTokenRanges": []
        },
        {
          "kind": "Class",
          "canonicalReference": "@spartacus/product_variants_components!ProductVariantsContainerComponent:class",
          "docComment": "",
          "excerptTokens": [
            {
              "kind": "Content",
              "text": "export declare class ProductVariantsContainerComponent implements "
            },
            {
              "kind": "Reference",
              "text": "OnInit",
              "canonicalReference": "@angular/core!OnInit:interface"
            },
            {
              "kind": "Content",
              "text": " "
            }
          ],
          "releaseTag": "Public",
          "name": "ProductVariantsContainerComponent",
          "members": [
            {
              "kind": "Constructor",
              "canonicalReference": "@spartacus/product_variants_components!ProductVariantsContainerComponent:constructor(1)",
              "docComment": "/**\n * Constructs a new instance of the `ProductVariantsContainerComponent` class\n */\n",
              "excerptTokens": [
                {
                  "kind": "Content",
                  "text": "constructor(currentProductService: "
                },
                {
                  "kind": "Reference",
                  "text": "CurrentProductService",
                  "canonicalReference": "@spartacus/product_variants_components!CurrentProductService:class"
                },
                {
                  "kind": "Content",
                  "text": ");"
                }
              ],
              "releaseTag": "Public",
              "overloadIndex": 1,
              "parameters": [
                {
                  "parameterName": "currentProductService",
                  "parameterTypeTokenRange": {
                    "startIndex": 1,
                    "endIndex": 2
                  }
                }
              ]
            },
            {
              "kind": "Method",
              "canonicalReference": "@spartacus/product_variants_components!ProductVariantsContainerComponent#ngOnInit:member(1)",
              "docComment": "",
              "excerptTokens": [
                {
                  "kind": "Content",
                  "text": "ngOnInit(): "
                },
                {
                  "kind": "Content",
                  "text": "void"
                },
                {
                  "kind": "Content",
                  "text": ";"
                }
              ],
              "isOptional": false,
              "isStatic": false,
              "returnTypeTokenRange": {
                "startIndex": 1,
                "endIndex": 2
              },
              "releaseTag": "Public",
              "overloadIndex": 1,
              "parameters": [],
              "name": "ngOnInit"
            },
            {
              "kind": "Property",
              "canonicalReference": "@spartacus/product_variants_components!ProductVariantsContainerComponent.ɵcmp:member",
              "docComment": "",
              "excerptTokens": [
                {
                  "kind": "Content",
                  "text": "static ɵcmp: "
                },
                {
                  "kind": "Content",
                  "text": "i0."
                },
                {
                  "kind": "Reference",
                  "text": "ɵɵComponentDeclaration",
                  "canonicalReference": "@angular/core!ɵɵComponentDeclaration:type"
                },
                {
                  "kind": "Content",
                  "text": "<"
                },
                {
                  "kind": "Reference",
                  "text": "ProductVariantsContainerComponent",
                  "canonicalReference": "@spartacus/product_variants_components!ProductVariantsContainerComponent:class"
                },
                {
                  "kind": "Content",
                  "text": ", \"cx-product-variants-container\", never, {}, {}, never, never>"
                },
                {
                  "kind": "Content",
                  "text": ";"
                }
              ],
              "isOptional": false,
              "releaseTag": "Public",
              "name": "ɵcmp",
              "propertyTypeTokenRange": {
                "startIndex": 1,
                "endIndex": 6
              },
              "isStatic": true
            },
            {
              "kind": "Property",
              "canonicalReference": "@spartacus/product_variants_components!ProductVariantsContainerComponent.ɵfac:member",
              "docComment": "",
              "excerptTokens": [
                {
                  "kind": "Content",
                  "text": "static ɵfac: "
                },
                {
                  "kind": "Content",
                  "text": "i0."
                },
                {
                  "kind": "Reference",
                  "text": "ɵɵFactoryDeclaration",
                  "canonicalReference": "@angular/core!ɵɵFactoryDeclaration:type"
                },
                {
                  "kind": "Content",
                  "text": "<"
                },
                {
                  "kind": "Reference",
                  "text": "ProductVariantsContainerComponent",
                  "canonicalReference": "@spartacus/product_variants_components!ProductVariantsContainerComponent:class"
                },
                {
                  "kind": "Content",
                  "text": ", never>"
                },
                {
                  "kind": "Content",
                  "text": ";"
                }
              ],
              "isOptional": false,
              "releaseTag": "Public",
              "name": "ɵfac",
              "propertyTypeTokenRange": {
                "startIndex": 1,
                "endIndex": 6
              },
              "isStatic": true
            },
            {
              "kind": "Property",
              "canonicalReference": "@spartacus/product_variants_components!ProductVariantsContainerComponent#product$:member",
              "docComment": "",
              "excerptTokens": [
                {
                  "kind": "Content",
                  "text": "product$: "
                },
                {
                  "kind": "Reference",
                  "text": "Observable",
                  "canonicalReference": "rxjs!Observable:class"
                },
                {
                  "kind": "Content",
                  "text": "<"
                },
                {
                  "kind": "Reference",
                  "text": "Product",
                  "canonicalReference": "@spartacus/product_variants_components!Product:interface"
                },
                {
                  "kind": "Content",
                  "text": " | null>"
                },
                {
                  "kind": "Content",
                  "text": ";"
                }
              ],
              "isOptional": false,
              "releaseTag": "Public",
              "name": "product$",
              "propertyTypeTokenRange": {
                "startIndex": 1,
                "endIndex": 5
              },
              "isStatic": false
            },
            {
              "kind": "Property",
              "canonicalReference": "@spartacus/product_variants_components!ProductVariantsContainerComponent#variants:member",
              "docComment": "",
              "excerptTokens": [
                {
                  "kind": "Content",
                  "text": "variants: "
                },
                {
                  "kind": "Content",
                  "text": "{\n        [key: string]: "
                },
                {
                  "kind": "Reference",
                  "text": "BaseOption",
                  "canonicalReference": "@spartacus/product_variants_components!BaseOption:interface"
                },
                {
                  "kind": "Content",
                  "text": ";\n    }"
                },
                {
                  "kind": "Content",
                  "text": ";"
                }
              ],
              "isOptional": false,
              "releaseTag": "Public",
              "name": "variants",
              "propertyTypeTokenRange": {
                "startIndex": 1,
                "endIndex": 4
              },
              "isStatic": false
            },
            {
              "kind": "Property",
              "canonicalReference": "@spartacus/product_variants_components!ProductVariantsContainerComponent#variantType:member",
              "docComment": "",
              "excerptTokens": [
                {
                  "kind": "Content",
                  "text": "variantType: "
                },
                {
                  "kind": "Content",
                  "text": "typeof "
                },
                {
                  "kind": "Reference",
                  "text": "VariantType",
                  "canonicalReference": "@spartacus/product_variants_components!VariantType:enum"
                },
                {
                  "kind": "Content",
                  "text": ";"
                }
              ],
              "isOptional": false,
              "releaseTag": "Public",
              "name": "variantType",
              "propertyTypeTokenRange": {
                "startIndex": 1,
                "endIndex": 3
              },
              "isStatic": false
            }
          ],
          "implementsTokenRanges": [
            {
              "startIndex": 1,
              "endIndex": 3
            }
          ]
        },
        {
          "kind": "Class",
          "canonicalReference": "@spartacus/product_variants_components!ProductVariantsContainerModule:class",
          "docComment": "",
          "excerptTokens": [
            {
              "kind": "Content",
              "text": "export declare class ProductVariantsContainerModule "
            }
          ],
          "releaseTag": "Public",
          "name": "ProductVariantsContainerModule",
          "members": [
            {
              "kind": "Property",
              "canonicalReference": "@spartacus/product_variants_components!ProductVariantsContainerModule.ɵfac:member",
              "docComment": "",
              "excerptTokens": [
                {
                  "kind": "Content",
                  "text": "static ɵfac: "
                },
                {
                  "kind": "Content",
                  "text": "i0."
                },
                {
                  "kind": "Reference",
                  "text": "ɵɵFactoryDeclaration",
                  "canonicalReference": "@angular/core!ɵɵFactoryDeclaration:type"
                },
                {
                  "kind": "Content",
                  "text": "<"
                },
                {
                  "kind": "Reference",
                  "text": "ProductVariantsContainerModule",
                  "canonicalReference": "@spartacus/product_variants_components!ProductVariantsContainerModule:class"
                },
                {
                  "kind": "Content",
                  "text": ", never>"
                },
                {
                  "kind": "Content",
                  "text": ";"
                }
              ],
              "isOptional": false,
              "releaseTag": "Public",
              "name": "ɵfac",
              "propertyTypeTokenRange": {
                "startIndex": 1,
                "endIndex": 6
              },
              "isStatic": true
            },
            {
              "kind": "Property",
              "canonicalReference": "@spartacus/product_variants_components!ProductVariantsContainerModule.ɵinj:member",
              "docComment": "",
              "excerptTokens": [
                {
                  "kind": "Content",
                  "text": "static ɵinj: "
                },
                {
                  "kind": "Content",
                  "text": "i0."
                },
                {
                  "kind": "Reference",
                  "text": "ɵɵInjectorDeclaration",
                  "canonicalReference": "@angular/core!ɵɵInjectorDeclaration:type"
                },
                {
                  "kind": "Content",
                  "text": "<"
                },
                {
                  "kind": "Reference",
                  "text": "ProductVariantsContainerModule",
                  "canonicalReference": "@spartacus/product_variants_components!ProductVariantsContainerModule:class"
                },
                {
                  "kind": "Content",
                  "text": ">"
                },
                {
                  "kind": "Content",
                  "text": ";"
                }
              ],
              "isOptional": false,
              "releaseTag": "Public",
              "name": "ɵinj",
              "propertyTypeTokenRange": {
                "startIndex": 1,
                "endIndex": 6
              },
              "isStatic": true
            },
            {
              "kind": "Property",
              "canonicalReference": "@spartacus/product_variants_components!ProductVariantsContainerModule.ɵmod:member",
              "docComment": "",
              "excerptTokens": [
                {
                  "kind": "Content",
                  "text": "static ɵmod: "
                },
                {
                  "kind": "Content",
                  "text": "i0."
                },
                {
                  "kind": "Reference",
                  "text": "ɵɵNgModuleDeclaration",
                  "canonicalReference": "@angular/core!ɵɵNgModuleDeclaration:type"
                },
                {
                  "kind": "Content",
                  "text": "<"
                },
                {
                  "kind": "Reference",
                  "text": "ProductVariantsContainerModule",
                  "canonicalReference": "@spartacus/product_variants_components!ProductVariantsContainerModule:class"
                },
                {
                  "kind": "Content",
                  "text": ", [typeof i1."
                },
                {
                  "kind": "Reference",
                  "text": "ProductVariantsContainerComponent",
                  "canonicalReference": "@spartacus/product_variants_components!ProductVariantsContainerComponent:class"
                },
                {
                  "kind": "Content",
                  "text": "], [typeof i2."
                },
                {
                  "kind": "Reference",
                  "text": "CommonModule",
                  "canonicalReference": "@angular/common!CommonModule:class"
                },
                {
                  "kind": "Content",
                  "text": ", typeof i3."
                },
                {
                  "kind": "Reference",
                  "text": "RouterModule",
                  "canonicalReference": "@angular/router!RouterModule:class"
                },
                {
                  "kind": "Content",
                  "text": ", typeof i4."
                },
                {
                  "kind": "Reference",
                  "text": "UrlModule",
                  "canonicalReference": "@spartacus/product_variants_components!UrlModule:class"
                },
                {
                  "kind": "Content",
                  "text": ", typeof i4."
                },
                {
                  "kind": "Reference",
                  "text": "I18nModule",
                  "canonicalReference": "@spartacus/product_variants_components!I18nModule:class"
                },
                {
                  "kind": "Content",
                  "text": ", typeof i5."
                },
                {
                  "kind": "Reference",
                  "text": "ProductVariantStyleSelectorModule",
                  "canonicalReference": "@spartacus/product_variants_components!ProductVariantStyleSelectorModule:class"
                },
                {
                  "kind": "Content",
                  "text": ", typeof i6."
                },
                {
                  "kind": "Reference",
                  "text": "ProductVariantSizeSelectorModule",
                  "canonicalReference": "@spartacus/product_variants_components!ProductVariantSizeSelectorModule:class"
                },
                {
                  "kind": "Content",
                  "text": ", typeof i7."
                },
                {
                  "kind": "Reference",
                  "text": "ProductVariantColorSelectorModule",
                  "canonicalReference": "@spartacus/product_variants_components!ProductVariantColorSelectorModule:class"
                },
                {
                  "kind": "Content",
                  "text": "], never>"
                },
                {
                  "kind": "Content",
                  "text": ";"
                }
              ],
              "isOptional": false,
              "releaseTag": "Public",
              "name": "ɵmod",
              "propertyTypeTokenRange": {
                "startIndex": 1,
                "endIndex": 22
              },
              "isStatic": true
            }
          ],
          "implementsTokenRanges": []
        },
        {
          "kind": "Class",
          "canonicalReference": "@spartacus/product_variants_components!ProductVariantsGuard:class",
          "docComment": "/**\n * Guard that will redirect to purchasable variant of product, if the navigation is for the non-purchasable one\n */\n",
          "excerptTokens": [
            {
              "kind": "Content",
              "text": "export declare class ProductVariantsGuard implements "
            },
            {
              "kind": "Reference",
              "text": "CanActivate",
              "canonicalReference": "@angular/router!CanActivate:interface"
            },
            {
              "kind": "Content",
              "text": " "
            }
          ],
          "releaseTag": "Public",
          "name": "ProductVariantsGuard",
          "members": [
            {
              "kind": "Constructor",
              "canonicalReference": "@spartacus/product_variants_components!ProductVariantsGuard:constructor(1)",
              "docComment": "/**\n * Constructs a new instance of the `ProductVariantsGuard` class\n */\n",
              "excerptTokens": [
                {
                  "kind": "Content",
                  "text": "constructor(productService: "
                },
                {
                  "kind": "Reference",
                  "text": "ProductService",
                  "canonicalReference": "@spartacus/product_variants_components!ProductService:class"
                },
                {
                  "kind": "Content",
                  "text": ", semanticPathService: "
                },
                {
                  "kind": "Reference",
                  "text": "SemanticPathService",
                  "canonicalReference": "@spartacus/product_variants_components!SemanticPathService:class"
                },
                {
                  "kind": "Content",
                  "text": ", router: "
                },
                {
                  "kind": "Reference",
                  "text": "Router",
                  "canonicalReference": "@angular/router!Router:class"
                },
                {
                  "kind": "Content",
                  "text": ");"
                }
              ],
              "releaseTag": "Public",
              "overloadIndex": 1,
              "parameters": [
                {
                  "parameterName": "productService",
                  "parameterTypeTokenRange": {
                    "startIndex": 1,
                    "endIndex": 2
                  }
                },
                {
                  "parameterName": "semanticPathService",
                  "parameterTypeTokenRange": {
                    "startIndex": 3,
                    "endIndex": 4
                  }
                },
                {
                  "parameterName": "router",
                  "parameterTypeTokenRange": {
                    "startIndex": 5,
                    "endIndex": 6
                  }
                }
              ]
            },
            {
              "kind": "Method",
              "canonicalReference": "@spartacus/product_variants_components!ProductVariantsGuard#canActivate:member(1)",
              "docComment": "",
              "excerptTokens": [
                {
                  "kind": "Content",
                  "text": "canActivate(activatedRoute: "
                },
                {
                  "kind": "Reference",
                  "text": "ActivatedRouteSnapshot",
                  "canonicalReference": "@angular/router!ActivatedRouteSnapshot:class"
                },
                {
                  "kind": "Content",
                  "text": "): "
                },
                {
                  "kind": "Reference",
                  "text": "Observable",
                  "canonicalReference": "rxjs!Observable:class"
                },
                {
                  "kind": "Content",
                  "text": "<boolean | "
                },
                {
                  "kind": "Reference",
                  "text": "UrlTree",
                  "canonicalReference": "@angular/router!UrlTree:class"
                },
                {
                  "kind": "Content",
                  "text": ">"
                },
                {
                  "kind": "Content",
                  "text": ";"
                }
              ],
              "isOptional": false,
              "isStatic": false,
              "returnTypeTokenRange": {
                "startIndex": 3,
                "endIndex": 7
              },
              "releaseTag": "Public",
              "overloadIndex": 1,
              "parameters": [
                {
                  "parameterName": "activatedRoute",
                  "parameterTypeTokenRange": {
                    "startIndex": 1,
                    "endIndex": 2
                  }
                }
              ],
              "name": "canActivate"
            },
            {
              "kind": "Method",
              "canonicalReference": "@spartacus/product_variants_components!ProductVariantsGuard#findPurchasableProductCode:member(1)",
              "docComment": "/**\n * Finds a purchasable product code looking at variant options, if any\n *\n * @param product - \n */\n",
              "excerptTokens": [
                {
                  "kind": "Content",
                  "text": "protected findPurchasableProductCode(product: "
                },
                {
                  "kind": "Reference",
                  "text": "Product",
                  "canonicalReference": "@spartacus/product_variants_components!Product:interface"
                },
                {
                  "kind": "Content",
                  "text": "): "
                },
                {
                  "kind": "Content",
                  "text": "string | undefined"
                },
                {
                  "kind": "Content",
                  "text": ";"
                }
              ],
              "isOptional": false,
              "isStatic": false,
              "returnTypeTokenRange": {
                "startIndex": 3,
                "endIndex": 4
              },
              "releaseTag": "Public",
              "overloadIndex": 1,
              "parameters": [
                {
                  "parameterName": "product",
                  "parameterTypeTokenRange": {
                    "startIndex": 1,
                    "endIndex": 2
                  }
                }
              ],
              "name": "findPurchasableProductCode"
            },
            {
              "kind": "Property",
              "canonicalReference": "@spartacus/product_variants_components!ProductVariantsGuard.ɵfac:member",
              "docComment": "",
              "excerptTokens": [
                {
                  "kind": "Content",
                  "text": "static ɵfac: "
                },
                {
                  "kind": "Content",
                  "text": "i0."
                },
                {
                  "kind": "Reference",
                  "text": "ɵɵFactoryDeclaration",
                  "canonicalReference": "@angular/core!ɵɵFactoryDeclaration:type"
                },
                {
                  "kind": "Content",
                  "text": "<"
                },
                {
                  "kind": "Reference",
                  "text": "ProductVariantsGuard",
                  "canonicalReference": "@spartacus/product_variants_components!ProductVariantsGuard:class"
                },
                {
                  "kind": "Content",
                  "text": ", never>"
                },
                {
                  "kind": "Content",
                  "text": ";"
                }
              ],
              "isOptional": false,
              "releaseTag": "Public",
              "name": "ɵfac",
              "propertyTypeTokenRange": {
                "startIndex": 1,
                "endIndex": 6
              },
              "isStatic": true
            },
            {
              "kind": "Property",
              "canonicalReference": "@spartacus/product_variants_components!ProductVariantsGuard.ɵprov:member",
              "docComment": "",
              "excerptTokens": [
                {
                  "kind": "Content",
                  "text": "static ɵprov: "
                },
                {
                  "kind": "Content",
                  "text": "i0."
                },
                {
                  "kind": "Reference",
                  "text": "ɵɵInjectableDeclaration",
                  "canonicalReference": "@angular/core!ɵɵInjectableDeclaration:interface"
                },
                {
                  "kind": "Content",
                  "text": "<"
                },
                {
                  "kind": "Reference",
                  "text": "ProductVariantsGuard",
                  "canonicalReference": "@spartacus/product_variants_components!ProductVariantsGuard:class"
                },
                {
                  "kind": "Content",
                  "text": ">"
                },
                {
                  "kind": "Content",
                  "text": ";"
                }
              ],
              "isOptional": false,
              "releaseTag": "Public",
              "name": "ɵprov",
              "propertyTypeTokenRange": {
                "startIndex": 1,
                "endIndex": 6
              },
              "isStatic": true
            },
            {
              "kind": "Property",
              "canonicalReference": "@spartacus/product_variants_components!ProductVariantsGuard#productService:member",
              "docComment": "",
              "excerptTokens": [
                {
                  "kind": "Content",
                  "text": "protected productService: "
                },
                {
                  "kind": "Reference",
                  "text": "ProductService",
                  "canonicalReference": "@spartacus/product_variants_components!ProductService:class"
                },
                {
                  "kind": "Content",
                  "text": ";"
                }
              ],
              "isOptional": false,
              "releaseTag": "Public",
              "name": "productService",
              "propertyTypeTokenRange": {
                "startIndex": 1,
                "endIndex": 2
              },
              "isStatic": false
            },
            {
              "kind": "Property",
              "canonicalReference": "@spartacus/product_variants_components!ProductVariantsGuard#router:member",
              "docComment": "",
              "excerptTokens": [
                {
                  "kind": "Content",
                  "text": "protected router: "
                },
                {
                  "kind": "Reference",
                  "text": "Router",
                  "canonicalReference": "@angular/router!Router:class"
                },
                {
                  "kind": "Content",
                  "text": ";"
                }
              ],
              "isOptional": false,
              "releaseTag": "Public",
              "name": "router",
              "propertyTypeTokenRange": {
                "startIndex": 1,
                "endIndex": 2
              },
              "isStatic": false
            },
            {
              "kind": "Property",
              "canonicalReference": "@spartacus/product_variants_components!ProductVariantsGuard#semanticPathService:member",
              "docComment": "",
              "excerptTokens": [
                {
                  "kind": "Content",
                  "text": "protected semanticPathService: "
                },
                {
                  "kind": "Reference",
                  "text": "SemanticPathService",
                  "canonicalReference": "@spartacus/product_variants_components!SemanticPathService:class"
                },
                {
                  "kind": "Content",
                  "text": ";"
                }
              ],
              "isOptional": false,
              "releaseTag": "Public",
              "name": "semanticPathService",
              "propertyTypeTokenRange": {
                "startIndex": 1,
                "endIndex": 2
              },
              "isStatic": false
            }
          ],
          "implementsTokenRanges": [
            {
              "startIndex": 1,
              "endIndex": 3
            }
          ]
        },
        {
          "kind": "Class",
          "canonicalReference": "@spartacus/product_variants_components!ProductVariantSizeSelectorComponent:class",
          "docComment": "",
          "excerptTokens": [
            {
              "kind": "Content",
              "text": "export declare class ProductVariantSizeSelectorComponent "
            }
          ],
          "releaseTag": "Public",
          "name": "ProductVariantSizeSelectorComponent",
          "members": [
            {
              "kind": "Constructor",
              "canonicalReference": "@spartacus/product_variants_components!ProductVariantSizeSelectorComponent:constructor(1)",
              "docComment": "/**\n * Constructs a new instance of the `ProductVariantSizeSelectorComponent` class\n */\n",
              "excerptTokens": [
                {
                  "kind": "Content",
                  "text": "constructor(productService: "
                },
                {
                  "kind": "Reference",
                  "text": "ProductService",
                  "canonicalReference": "@spartacus/product_variants_components!ProductService:class"
                },
                {
                  "kind": "Content",
                  "text": ", routingService: "
                },
                {
                  "kind": "Reference",
                  "text": "RoutingService",
                  "canonicalReference": "@spartacus/product_variants_components!RoutingService:class"
                },
                {
                  "kind": "Content",
                  "text": ");"
                }
              ],
              "releaseTag": "Public",
              "overloadIndex": 1,
              "parameters": [
                {
                  "parameterName": "productService",
                  "parameterTypeTokenRange": {
                    "startIndex": 1,
                    "endIndex": 2
                  }
                },
                {
                  "parameterName": "routingService",
                  "parameterTypeTokenRange": {
                    "startIndex": 3,
                    "endIndex": 4
                  }
                }
              ]
            },
            {
              "kind": "Method",
              "canonicalReference": "@spartacus/product_variants_components!ProductVariantSizeSelectorComponent#changeSize:member(1)",
              "docComment": "",
              "excerptTokens": [
                {
                  "kind": "Content",
                  "text": "changeSize(code: "
                },
                {
                  "kind": "Content",
                  "text": "string"
                },
                {
                  "kind": "Content",
                  "text": "): "
                },
                {
                  "kind": "Content",
                  "text": "null"
                },
                {
                  "kind": "Content",
                  "text": ";"
                }
              ],
              "isOptional": false,
              "isStatic": false,
              "returnTypeTokenRange": {
                "startIndex": 3,
                "endIndex": 4
              },
              "releaseTag": "Public",
              "overloadIndex": 1,
              "parameters": [
                {
                  "parameterName": "code",
                  "parameterTypeTokenRange": {
                    "startIndex": 1,
                    "endIndex": 2
                  }
                }
              ],
              "name": "changeSize"
            },
            {
              "kind": "Method",
              "canonicalReference": "@spartacus/product_variants_components!ProductVariantSizeSelectorComponent#getVariantOptionValue:member(1)",
              "docComment": "",
              "excerptTokens": [
                {
                  "kind": "Content",
                  "text": "getVariantOptionValue(qualifiers: "
                },
                {
                  "kind": "Reference",
                  "text": "VariantOptionQualifier",
                  "canonicalReference": "@spartacus/product_variants_components!VariantOptionQualifier:interface"
                },
                {
                  "kind": "Content",
                  "text": "[]"
                },
                {
                  "kind": "Content",
                  "text": "): "
                },
                {
                  "kind": "Content",
                  "text": "string | undefined"
                },
                {
                  "kind": "Content",
                  "text": ";"
                }
              ],
              "isOptional": false,
              "isStatic": false,
              "returnTypeTokenRange": {
                "startIndex": 4,
                "endIndex": 5
              },
              "releaseTag": "Public",
              "overloadIndex": 1,
              "parameters": [
                {
                  "parameterName": "qualifiers",
                  "parameterTypeTokenRange": {
                    "startIndex": 1,
                    "endIndex": 3
                  }
                }
              ],
              "name": "getVariantOptionValue"
            },
            {
              "kind": "Property",
              "canonicalReference": "@spartacus/product_variants_components!ProductVariantSizeSelectorComponent.ɵcmp:member",
              "docComment": "",
              "excerptTokens": [
                {
                  "kind": "Content",
                  "text": "static ɵcmp: "
                },
                {
                  "kind": "Content",
                  "text": "i0."
                },
                {
                  "kind": "Reference",
                  "text": "ɵɵComponentDeclaration",
                  "canonicalReference": "@angular/core!ɵɵComponentDeclaration:type"
                },
                {
                  "kind": "Content",
                  "text": "<"
                },
                {
                  "kind": "Reference",
                  "text": "ProductVariantSizeSelectorComponent",
                  "canonicalReference": "@spartacus/product_variants_components!ProductVariantSizeSelectorComponent:class"
                },
                {
                  "kind": "Content",
                  "text": ", \"cx-product-variant-size-selector\", never, { \"product\": \"product\"; \"variants\": \"variants\"; }, {}, never, never>"
                },
                {
                  "kind": "Content",
                  "text": ";"
                }
              ],
              "isOptional": false,
              "releaseTag": "Public",
              "name": "ɵcmp",
              "propertyTypeTokenRange": {
                "startIndex": 1,
                "endIndex": 6
              },
              "isStatic": true
            },
            {
              "kind": "Property",
              "canonicalReference": "@spartacus/product_variants_components!ProductVariantSizeSelectorComponent.ɵfac:member",
              "docComment": "",
              "excerptTokens": [
                {
                  "kind": "Content",
                  "text": "static ɵfac: "
                },
                {
                  "kind": "Content",
                  "text": "i0."
                },
                {
                  "kind": "Reference",
                  "text": "ɵɵFactoryDeclaration",
                  "canonicalReference": "@angular/core!ɵɵFactoryDeclaration:type"
                },
                {
                  "kind": "Content",
                  "text": "<"
                },
                {
                  "kind": "Reference",
                  "text": "ProductVariantSizeSelectorComponent",
                  "canonicalReference": "@spartacus/product_variants_components!ProductVariantSizeSelectorComponent:class"
                },
                {
                  "kind": "Content",
                  "text": ", never>"
                },
                {
                  "kind": "Content",
                  "text": ";"
                }
              ],
              "isOptional": false,
              "releaseTag": "Public",
              "name": "ɵfac",
              "propertyTypeTokenRange": {
                "startIndex": 1,
                "endIndex": 6
              },
              "isStatic": true
            },
            {
              "kind": "Property",
              "canonicalReference": "@spartacus/product_variants_components!ProductVariantSizeSelectorComponent#product:member",
              "docComment": "",
              "excerptTokens": [
                {
                  "kind": "Content",
                  "text": "product: "
                },
                {
                  "kind": "Reference",
                  "text": "Product",
                  "canonicalReference": "@spartacus/product_variants_components!Product:interface"
                },
                {
                  "kind": "Content",
                  "text": ";"
                }
              ],
              "isOptional": false,
              "releaseTag": "Public",
              "name": "product",
              "propertyTypeTokenRange": {
                "startIndex": 1,
                "endIndex": 2
              },
              "isStatic": false
            },
            {
              "kind": "Property",
              "canonicalReference": "@spartacus/product_variants_components!ProductVariantSizeSelectorComponent#variants:member",
              "docComment": "",
              "excerptTokens": [
                {
                  "kind": "Content",
                  "text": "variants: "
                },
                {
                  "kind": "Reference",
                  "text": "BaseOption",
                  "canonicalReference": "@spartacus/product_variants_components!BaseOption:interface"
                },
                {
                  "kind": "Content",
                  "text": ";"
                }
              ],
              "isOptional": false,
              "releaseTag": "Public",
              "name": "variants",
              "propertyTypeTokenRange": {
                "startIndex": 1,
                "endIndex": 2
              },
              "isStatic": false
            }
          ],
          "implementsTokenRanges": []
        },
        {
          "kind": "Class",
          "canonicalReference": "@spartacus/product_variants_components!ProductVariantSizeSelectorModule:class",
          "docComment": "",
          "excerptTokens": [
            {
              "kind": "Content",
              "text": "export declare class ProductVariantSizeSelectorModule "
            }
          ],
          "releaseTag": "Public",
          "name": "ProductVariantSizeSelectorModule",
          "members": [
            {
              "kind": "Property",
              "canonicalReference": "@spartacus/product_variants_components!ProductVariantSizeSelectorModule.ɵfac:member",
              "docComment": "",
              "excerptTokens": [
                {
                  "kind": "Content",
                  "text": "static ɵfac: "
                },
                {
                  "kind": "Content",
                  "text": "i0."
                },
                {
                  "kind": "Reference",
                  "text": "ɵɵFactoryDeclaration",
                  "canonicalReference": "@angular/core!ɵɵFactoryDeclaration:type"
                },
                {
                  "kind": "Content",
                  "text": "<"
                },
                {
                  "kind": "Reference",
                  "text": "ProductVariantSizeSelectorModule",
                  "canonicalReference": "@spartacus/product_variants_components!ProductVariantSizeSelectorModule:class"
                },
                {
                  "kind": "Content",
                  "text": ", never>"
                },
                {
                  "kind": "Content",
                  "text": ";"
                }
              ],
              "isOptional": false,
              "releaseTag": "Public",
              "name": "ɵfac",
              "propertyTypeTokenRange": {
                "startIndex": 1,
                "endIndex": 6
              },
              "isStatic": true
            },
            {
              "kind": "Property",
              "canonicalReference": "@spartacus/product_variants_components!ProductVariantSizeSelectorModule.ɵinj:member",
              "docComment": "",
              "excerptTokens": [
                {
                  "kind": "Content",
                  "text": "static ɵinj: "
                },
                {
                  "kind": "Content",
                  "text": "i0."
                },
                {
                  "kind": "Reference",
                  "text": "ɵɵInjectorDeclaration",
                  "canonicalReference": "@angular/core!ɵɵInjectorDeclaration:type"
                },
                {
                  "kind": "Content",
                  "text": "<"
                },
                {
                  "kind": "Reference",
                  "text": "ProductVariantSizeSelectorModule",
                  "canonicalReference": "@spartacus/product_variants_components!ProductVariantSizeSelectorModule:class"
                },
                {
                  "kind": "Content",
                  "text": ">"
                },
                {
                  "kind": "Content",
                  "text": ";"
                }
              ],
              "isOptional": false,
              "releaseTag": "Public",
              "name": "ɵinj",
              "propertyTypeTokenRange": {
                "startIndex": 1,
                "endIndex": 6
              },
              "isStatic": true
            },
            {
              "kind": "Property",
              "canonicalReference": "@spartacus/product_variants_components!ProductVariantSizeSelectorModule.ɵmod:member",
              "docComment": "",
              "excerptTokens": [
                {
                  "kind": "Content",
                  "text": "static ɵmod: "
                },
                {
                  "kind": "Content",
                  "text": "i0."
                },
                {
                  "kind": "Reference",
                  "text": "ɵɵNgModuleDeclaration",
                  "canonicalReference": "@angular/core!ɵɵNgModuleDeclaration:type"
                },
                {
                  "kind": "Content",
                  "text": "<"
                },
                {
                  "kind": "Reference",
                  "text": "ProductVariantSizeSelectorModule",
                  "canonicalReference": "@spartacus/product_variants_components!ProductVariantSizeSelectorModule:class"
                },
                {
                  "kind": "Content",
                  "text": ", [typeof i1."
                },
                {
                  "kind": "Reference",
                  "text": "ProductVariantSizeSelectorComponent",
                  "canonicalReference": "@spartacus/product_variants_components!ProductVariantSizeSelectorComponent:class"
                },
                {
                  "kind": "Content",
                  "text": "], [typeof i2."
                },
                {
                  "kind": "Reference",
                  "text": "CommonModule",
                  "canonicalReference": "@angular/common!CommonModule:class"
                },
                {
                  "kind": "Content",
                  "text": ", typeof i3."
                },
                {
                  "kind": "Reference",
                  "text": "RouterModule",
                  "canonicalReference": "@angular/router!RouterModule:class"
                },
                {
                  "kind": "Content",
                  "text": ", typeof i4."
                },
                {
                  "kind": "Reference",
                  "text": "UrlModule",
                  "canonicalReference": "@spartacus/product_variants_components!UrlModule:class"
                },
                {
                  "kind": "Content",
                  "text": ", typeof i4."
                },
                {
                  "kind": "Reference",
                  "text": "I18nModule",
                  "canonicalReference": "@spartacus/product_variants_components!I18nModule:class"
                },
                {
                  "kind": "Content",
                  "text": "], [typeof i1."
                },
                {
                  "kind": "Reference",
                  "text": "ProductVariantSizeSelectorComponent",
                  "canonicalReference": "@spartacus/product_variants_components!ProductVariantSizeSelectorComponent:class"
                },
                {
                  "kind": "Content",
                  "text": "]>"
                },
                {
                  "kind": "Content",
                  "text": ";"
                }
              ],
              "isOptional": false,
              "releaseTag": "Public",
              "name": "ɵmod",
              "propertyTypeTokenRange": {
                "startIndex": 1,
                "endIndex": 18
              },
              "isStatic": true
            }
          ],
          "implementsTokenRanges": []
        },
        {
          "kind": "Class",
          "canonicalReference": "@spartacus/product_variants_components!ProductVariantStyleSelectorComponent:class",
          "docComment": "",
          "excerptTokens": [
            {
              "kind": "Content",
              "text": "export declare class ProductVariantStyleSelectorComponent "
            }
          ],
          "releaseTag": "Public",
          "name": "ProductVariantStyleSelectorComponent",
          "members": [
            {
              "kind": "Constructor",
              "canonicalReference": "@spartacus/product_variants_components!ProductVariantStyleSelectorComponent:constructor(1)",
              "docComment": "/**\n * Constructs a new instance of the `ProductVariantStyleSelectorComponent` class\n */\n",
              "excerptTokens": [
                {
                  "kind": "Content",
                  "text": "constructor(config: "
                },
                {
                  "kind": "Reference",
                  "text": "OccConfig",
                  "canonicalReference": "@spartacus/product_variants_components!OccConfig:class"
                },
                {
                  "kind": "Content",
                  "text": ", productService: "
                },
                {
                  "kind": "Reference",
                  "text": "ProductService",
                  "canonicalReference": "@spartacus/product_variants_components!ProductService:class"
                },
                {
                  "kind": "Content",
                  "text": ", routingService: "
                },
                {
                  "kind": "Reference",
                  "text": "RoutingService",
                  "canonicalReference": "@spartacus/product_variants_components!RoutingService:class"
                },
                {
                  "kind": "Content",
                  "text": ");"
                }
              ],
              "releaseTag": "Public",
              "overloadIndex": 1,
              "parameters": [
                {
                  "parameterName": "config",
                  "parameterTypeTokenRange": {
                    "startIndex": 1,
                    "endIndex": 2
                  }
                },
                {
                  "parameterName": "productService",
                  "parameterTypeTokenRange": {
                    "startIndex": 3,
                    "endIndex": 4
                  }
                },
                {
                  "parameterName": "routingService",
                  "parameterTypeTokenRange": {
                    "startIndex": 5,
                    "endIndex": 6
                  }
                }
              ]
            },
            {
              "kind": "Method",
              "canonicalReference": "@spartacus/product_variants_components!ProductVariantStyleSelectorComponent#changeStyle:member(1)",
              "docComment": "",
              "excerptTokens": [
                {
                  "kind": "Content",
                  "text": "changeStyle(code: "
                },
                {
                  "kind": "Content",
                  "text": "string"
                },
                {
                  "kind": "Content",
                  "text": "): "
                },
                {
                  "kind": "Content",
                  "text": "null"
                },
                {
                  "kind": "Content",
                  "text": ";"
                }
              ],
              "isOptional": false,
              "isStatic": false,
              "returnTypeTokenRange": {
                "startIndex": 3,
                "endIndex": 4
              },
              "releaseTag": "Public",
              "overloadIndex": 1,
              "parameters": [
                {
                  "parameterName": "code",
                  "parameterTypeTokenRange": {
                    "startIndex": 1,
                    "endIndex": 2
                  }
                }
              ],
              "name": "changeStyle"
            },
            {
              "kind": "Method",
              "canonicalReference": "@spartacus/product_variants_components!ProductVariantStyleSelectorComponent#getVariantOptionValue:member(1)",
              "docComment": "",
              "excerptTokens": [
                {
                  "kind": "Content",
                  "text": "getVariantOptionValue(qualifiers: "
                },
                {
                  "kind": "Reference",
                  "text": "VariantOptionQualifier",
                  "canonicalReference": "@spartacus/product_variants_components!VariantOptionQualifier:interface"
                },
                {
                  "kind": "Content",
                  "text": "[]"
                },
                {
                  "kind": "Content",
                  "text": "): "
                },
                {
                  "kind": "Content",
                  "text": "string | undefined"
                },
                {
                  "kind": "Content",
                  "text": ";"
                }
              ],
              "isOptional": false,
              "isStatic": false,
              "returnTypeTokenRange": {
                "startIndex": 4,
                "endIndex": 5
              },
              "releaseTag": "Public",
              "overloadIndex": 1,
              "parameters": [
                {
                  "parameterName": "qualifiers",
                  "parameterTypeTokenRange": {
                    "startIndex": 1,
                    "endIndex": 3
                  }
                }
              ],
              "name": "getVariantOptionValue"
            },
            {
              "kind": "Method",
              "canonicalReference": "@spartacus/product_variants_components!ProductVariantStyleSelectorComponent#getVariantThumbnailUrl:member(1)",
              "docComment": "",
              "excerptTokens": [
                {
                  "kind": "Content",
                  "text": "getVariantThumbnailUrl(variantOptionQualifiers: "
                },
                {
                  "kind": "Reference",
                  "text": "VariantOptionQualifier",
                  "canonicalReference": "@spartacus/product_variants_components!VariantOptionQualifier:interface"
                },
                {
                  "kind": "Content",
                  "text": "[]"
                },
                {
                  "kind": "Content",
                  "text": "): "
                },
                {
                  "kind": "Content",
                  "text": "string"
                },
                {
                  "kind": "Content",
                  "text": ";"
                }
              ],
              "isOptional": false,
              "isStatic": false,
              "returnTypeTokenRange": {
                "startIndex": 4,
                "endIndex": 5
              },
              "releaseTag": "Public",
              "overloadIndex": 1,
              "parameters": [
                {
                  "parameterName": "variantOptionQualifiers",
                  "parameterTypeTokenRange": {
                    "startIndex": 1,
                    "endIndex": 3
                  }
                }
              ],
              "name": "getVariantThumbnailUrl"
            },
            {
              "kind": "Property",
              "canonicalReference": "@spartacus/product_variants_components!ProductVariantStyleSelectorComponent.ɵcmp:member",
              "docComment": "",
              "excerptTokens": [
                {
                  "kind": "Content",
                  "text": "static ɵcmp: "
                },
                {
                  "kind": "Content",
                  "text": "i0."
                },
                {
                  "kind": "Reference",
                  "text": "ɵɵComponentDeclaration",
                  "canonicalReference": "@angular/core!ɵɵComponentDeclaration:type"
                },
                {
                  "kind": "Content",
                  "text": "<"
                },
                {
                  "kind": "Reference",
                  "text": "ProductVariantStyleSelectorComponent",
                  "canonicalReference": "@spartacus/product_variants_components!ProductVariantStyleSelectorComponent:class"
                },
                {
                  "kind": "Content",
                  "text": ", \"cx-product-variant-style-selector\", never, { \"variants\": \"variants\"; }, {}, never, never>"
                },
                {
                  "kind": "Content",
                  "text": ";"
                }
              ],
              "isOptional": false,
              "releaseTag": "Public",
              "name": "ɵcmp",
              "propertyTypeTokenRange": {
                "startIndex": 1,
                "endIndex": 6
              },
              "isStatic": true
            },
            {
              "kind": "Property",
              "canonicalReference": "@spartacus/product_variants_components!ProductVariantStyleSelectorComponent.ɵfac:member",
              "docComment": "",
              "excerptTokens": [
                {
                  "kind": "Content",
                  "text": "static ɵfac: "
                },
                {
                  "kind": "Content",
                  "text": "i0."
                },
                {
                  "kind": "Reference",
                  "text": "ɵɵFactoryDeclaration",
                  "canonicalReference": "@angular/core!ɵɵFactoryDeclaration:type"
                },
                {
                  "kind": "Content",
                  "text": "<"
                },
                {
                  "kind": "Reference",
                  "text": "ProductVariantStyleSelectorComponent",
                  "canonicalReference": "@spartacus/product_variants_components!ProductVariantStyleSelectorComponent:class"
                },
                {
                  "kind": "Content",
                  "text": ", never>"
                },
                {
                  "kind": "Content",
                  "text": ";"
                }
              ],
              "isOptional": false,
              "releaseTag": "Public",
              "name": "ɵfac",
              "propertyTypeTokenRange": {
                "startIndex": 1,
                "endIndex": 6
              },
              "isStatic": true
            },
            {
              "kind": "Property",
              "canonicalReference": "@spartacus/product_variants_components!ProductVariantStyleSelectorComponent#variantQualifier:member",
              "docComment": "",
              "excerptTokens": [
                {
                  "kind": "Content",
                  "text": "variantQualifier: "
                },
                {
                  "kind": "Content",
                  "text": "typeof "
                },
                {
                  "kind": "Reference",
                  "text": "VariantQualifier",
                  "canonicalReference": "@spartacus/product_variants_components!VariantQualifier:enum"
                },
                {
                  "kind": "Content",
                  "text": ";"
                }
              ],
              "isOptional": false,
              "releaseTag": "Public",
              "name": "variantQualifier",
              "propertyTypeTokenRange": {
                "startIndex": 1,
                "endIndex": 3
              },
              "isStatic": false
            },
            {
              "kind": "Property",
              "canonicalReference": "@spartacus/product_variants_components!ProductVariantStyleSelectorComponent#variants:member",
              "docComment": "",
              "excerptTokens": [
                {
                  "kind": "Content",
                  "text": "variants: "
                },
                {
                  "kind": "Reference",
                  "text": "BaseOption",
                  "canonicalReference": "@spartacus/product_variants_components!BaseOption:interface"
                },
                {
                  "kind": "Content",
                  "text": ";"
                }
              ],
              "isOptional": false,
              "releaseTag": "Public",
              "name": "variants",
              "propertyTypeTokenRange": {
                "startIndex": 1,
                "endIndex": 2
              },
              "isStatic": false
            }
          ],
          "implementsTokenRanges": []
        },
        {
          "kind": "Class",
          "canonicalReference": "@spartacus/product_variants_components!ProductVariantStyleSelectorModule:class",
          "docComment": "",
          "excerptTokens": [
            {
              "kind": "Content",
              "text": "export declare class ProductVariantStyleSelectorModule "
            }
          ],
          "releaseTag": "Public",
          "name": "ProductVariantStyleSelectorModule",
          "members": [
            {
              "kind": "Property",
              "canonicalReference": "@spartacus/product_variants_components!ProductVariantStyleSelectorModule.ɵfac:member",
              "docComment": "",
              "excerptTokens": [
                {
                  "kind": "Content",
                  "text": "static ɵfac: "
                },
                {
                  "kind": "Content",
                  "text": "i0."
                },
                {
                  "kind": "Reference",
                  "text": "ɵɵFactoryDeclaration",
                  "canonicalReference": "@angular/core!ɵɵFactoryDeclaration:type"
                },
                {
                  "kind": "Content",
                  "text": "<"
                },
                {
                  "kind": "Reference",
                  "text": "ProductVariantStyleSelectorModule",
                  "canonicalReference": "@spartacus/product_variants_components!ProductVariantStyleSelectorModule:class"
                },
                {
                  "kind": "Content",
                  "text": ", never>"
                },
                {
                  "kind": "Content",
                  "text": ";"
                }
              ],
              "isOptional": false,
              "releaseTag": "Public",
              "name": "ɵfac",
              "propertyTypeTokenRange": {
                "startIndex": 1,
                "endIndex": 6
              },
              "isStatic": true
            },
            {
              "kind": "Property",
              "canonicalReference": "@spartacus/product_variants_components!ProductVariantStyleSelectorModule.ɵinj:member",
              "docComment": "",
              "excerptTokens": [
                {
                  "kind": "Content",
                  "text": "static ɵinj: "
                },
                {
                  "kind": "Content",
                  "text": "i0."
                },
                {
                  "kind": "Reference",
                  "text": "ɵɵInjectorDeclaration",
                  "canonicalReference": "@angular/core!ɵɵInjectorDeclaration:type"
                },
                {
                  "kind": "Content",
                  "text": "<"
                },
                {
                  "kind": "Reference",
                  "text": "ProductVariantStyleSelectorModule",
                  "canonicalReference": "@spartacus/product_variants_components!ProductVariantStyleSelectorModule:class"
                },
                {
                  "kind": "Content",
                  "text": ">"
                },
                {
                  "kind": "Content",
                  "text": ";"
                }
              ],
              "isOptional": false,
              "releaseTag": "Public",
              "name": "ɵinj",
              "propertyTypeTokenRange": {
                "startIndex": 1,
                "endIndex": 6
              },
              "isStatic": true
            },
            {
              "kind": "Property",
              "canonicalReference": "@spartacus/product_variants_components!ProductVariantStyleSelectorModule.ɵmod:member",
              "docComment": "",
              "excerptTokens": [
                {
                  "kind": "Content",
                  "text": "static ɵmod: "
                },
                {
                  "kind": "Content",
                  "text": "i0."
                },
                {
                  "kind": "Reference",
                  "text": "ɵɵNgModuleDeclaration",
                  "canonicalReference": "@angular/core!ɵɵNgModuleDeclaration:type"
                },
                {
                  "kind": "Content",
                  "text": "<"
                },
                {
                  "kind": "Reference",
                  "text": "ProductVariantStyleSelectorModule",
                  "canonicalReference": "@spartacus/product_variants_components!ProductVariantStyleSelectorModule:class"
                },
                {
                  "kind": "Content",
                  "text": ", [typeof i1."
                },
                {
                  "kind": "Reference",
                  "text": "ProductVariantStyleSelectorComponent",
                  "canonicalReference": "@spartacus/product_variants_components!ProductVariantStyleSelectorComponent:class"
                },
                {
                  "kind": "Content",
                  "text": "], [typeof i2."
                },
                {
                  "kind": "Reference",
                  "text": "CommonModule",
                  "canonicalReference": "@angular/common!CommonModule:class"
                },
                {
                  "kind": "Content",
                  "text": ", typeof i3."
                },
                {
                  "kind": "Reference",
                  "text": "RouterModule",
                  "canonicalReference": "@angular/router!RouterModule:class"
                },
                {
                  "kind": "Content",
                  "text": ", typeof i4."
                },
                {
                  "kind": "Reference",
                  "text": "UrlModule",
                  "canonicalReference": "@spartacus/product_variants_components!UrlModule:class"
                },
                {
                  "kind": "Content",
                  "text": ", typeof i4."
                },
                {
                  "kind": "Reference",
                  "text": "I18nModule",
                  "canonicalReference": "@spartacus/product_variants_components!I18nModule:class"
                },
                {
                  "kind": "Content",
                  "text": "], [typeof i1."
                },
                {
                  "kind": "Reference",
                  "text": "ProductVariantStyleSelectorComponent",
                  "canonicalReference": "@spartacus/product_variants_components!ProductVariantStyleSelectorComponent:class"
                },
                {
                  "kind": "Content",
                  "text": "]>"
                },
                {
                  "kind": "Content",
                  "text": ";"
                }
              ],
              "isOptional": false,
              "releaseTag": "Public",
              "name": "ɵmod",
              "propertyTypeTokenRange": {
                "startIndex": 1,
                "endIndex": 18
              },
              "isStatic": true
            }
          ],
          "implementsTokenRanges": []
        }
      ]
    }
  ]
}
