{
  "metadata": {
    "toolPackage": "@microsoft/api-extractor",
    "toolVersion": "7.19.4",
    "schemaVersion": 1004,
    "oldestForwardsCompatibleVersion": 1001,
    "tsdocConfig": {
      "$schema": "https://developer.microsoft.com/json-schemas/tsdoc/v0/tsdoc.schema.json",
      "noStandardTags": true,
      "tagDefinitions": [
        {
          "tagName": "@alpha",
          "syntaxKind": "modifier"
        },
        {
          "tagName": "@beta",
          "syntaxKind": "modifier"
        },
        {
          "tagName": "@defaultValue",
          "syntaxKind": "block"
        },
        {
          "tagName": "@decorator",
          "syntaxKind": "block",
          "allowMultiple": true
        },
        {
          "tagName": "@deprecated",
          "syntaxKind": "block"
        },
        {
          "tagName": "@eventProperty",
          "syntaxKind": "modifier"
        },
        {
          "tagName": "@example",
          "syntaxKind": "block",
          "allowMultiple": true
        },
        {
          "tagName": "@experimental",
          "syntaxKind": "modifier"
        },
        {
          "tagName": "@inheritDoc",
          "syntaxKind": "inline"
        },
        {
          "tagName": "@internal",
          "syntaxKind": "modifier"
        },
        {
          "tagName": "@label",
          "syntaxKind": "inline"
        },
        {
          "tagName": "@link",
          "syntaxKind": "inline",
          "allowMultiple": true
        },
        {
          "tagName": "@override",
          "syntaxKind": "modifier"
        },
        {
          "tagName": "@packageDocumentation",
          "syntaxKind": "modifier"
        },
        {
          "tagName": "@param",
          "syntaxKind": "block",
          "allowMultiple": true
        },
        {
          "tagName": "@privateRemarks",
          "syntaxKind": "block"
        },
        {
          "tagName": "@public",
          "syntaxKind": "modifier"
        },
        {
          "tagName": "@readonly",
          "syntaxKind": "modifier"
        },
        {
          "tagName": "@remarks",
          "syntaxKind": "block"
        },
        {
          "tagName": "@returns",
          "syntaxKind": "block"
        },
        {
          "tagName": "@sealed",
          "syntaxKind": "modifier"
        },
        {
          "tagName": "@see",
          "syntaxKind": "block"
        },
        {
          "tagName": "@throws",
          "syntaxKind": "block",
          "allowMultiple": true
        },
        {
          "tagName": "@typeParam",
          "syntaxKind": "block",
          "allowMultiple": true
        },
        {
          "tagName": "@virtual",
          "syntaxKind": "modifier"
        },
        {
          "tagName": "@betaDocumentation",
          "syntaxKind": "modifier"
        },
        {
          "tagName": "@internalRemarks",
          "syntaxKind": "block"
        },
        {
          "tagName": "@preapproved",
          "syntaxKind": "modifier"
        }
      ],
      "supportForTags": {
        "@alpha": true,
        "@beta": true,
        "@defaultValue": true,
        "@decorator": true,
        "@deprecated": true,
        "@eventProperty": true,
        "@example": true,
        "@experimental": true,
        "@inheritDoc": true,
        "@internal": true,
        "@label": true,
        "@link": true,
        "@override": true,
        "@packageDocumentation": true,
        "@param": true,
        "@privateRemarks": true,
        "@public": true,
        "@readonly": true,
        "@remarks": true,
        "@returns": true,
        "@sealed": true,
        "@see": true,
        "@throws": true,
        "@typeParam": true,
        "@virtual": true,
        "@betaDocumentation": true,
        "@internalRemarks": true,
        "@preapproved": true
      }
    }
  },
  "kind": "Package",
  "canonicalReference": "@spartacus/setup_ssr!",
  "docComment": "",
  "name": "@spartacus/setup_ssr",
  "members": [
    {
      "kind": "EntryPoint",
      "canonicalReference": "@spartacus/setup_ssr!",
      "name": "",
      "members": [
        {
          "kind": "Variable",
          "canonicalReference": "@spartacus/setup_ssr!getDefaultRenderKey:var",
          "docComment": "/**\n * Returns the full url for the given SSR Request.\n */\n",
          "excerptTokens": [
            {
              "kind": "Content",
              "text": "getDefaultRenderKey: "
            },
            {
              "kind": "Content",
              "text": "typeof "
            },
            {
              "kind": "Reference",
              "text": "getRequestUrl",
              "canonicalReference": "@spartacus/setup_ssr!getRequestUrl:function"
            }
          ],
          "releaseTag": "Public",
          "name": "getDefaultRenderKey",
          "variableTypeTokenRange": {
            "startIndex": 1,
            "endIndex": 3
          }
        },
        {
          "kind": "Function",
          "canonicalReference": "@spartacus/setup_ssr!getServerRequestProviders:function(1)",
          "docComment": "/**\n * Returns Spartacus providers to be passed to the Angular express engine (in SSR)\n *\n * @param options - \n */\n",
          "excerptTokens": [
            {
              "kind": "Content",
              "text": "export declare function getServerRequestProviders(): "
            },
            {
              "kind": "Reference",
              "text": "StaticProvider",
              "canonicalReference": "@angular/core!StaticProvider:type"
            },
            {
              "kind": "Content",
              "text": "[]"
            },
            {
              "kind": "Content",
              "text": ";"
            }
          ],
          "returnTypeTokenRange": {
            "startIndex": 1,
            "endIndex": 3
          },
          "releaseTag": "Public",
          "overloadIndex": 1,
          "parameters": [],
          "name": "getServerRequestProviders"
        },
        {
          "kind": "Class",
          "canonicalReference": "@spartacus/setup_ssr!NgExpressEngineDecorator:class",
          "docComment": "/**\n * The wrapper over the standard ngExpressEngine, that provides tokens for Spartacus\n *\n * @param ngExpressEngine - \n */\n",
          "excerptTokens": [
            {
              "kind": "Content",
              "text": "export declare class NgExpressEngineDecorator "
            }
          ],
          "releaseTag": "Public",
          "name": "NgExpressEngineDecorator",
          "members": [
            {
              "kind": "Method",
              "canonicalReference": "@spartacus/setup_ssr!NgExpressEngineDecorator.get:member(1)",
              "docComment": "/**\n * Returns the higher order ngExpressEngine with provided tokens for Spartacus\n *\n * @param ngExpressEngine - \n */\n",
              "excerptTokens": [
                {
                  "kind": "Content",
                  "text": "static get(ngExpressEngine: "
                },
                {
                  "kind": "Reference",
                  "text": "NgExpressEngine",
                  "canonicalReference": "@spartacus/setup_ssr!NgExpressEngine:type"
                },
                {
                  "kind": "Content",
                  "text": ", optimizationOptions?: "
                },
                {
                  "kind": "Reference",
                  "text": "SsrOptimizationOptions",
                  "canonicalReference": "@spartacus/setup_ssr!SsrOptimizationOptions:interface"
                },
                {
                  "kind": "Content",
                  "text": " | null"
                },
                {
                  "kind": "Content",
                  "text": "): "
                },
                {
                  "kind": "Reference",
                  "text": "NgExpressEngine",
                  "canonicalReference": "@spartacus/setup_ssr!NgExpressEngine:type"
                },
                {
                  "kind": "Content",
                  "text": ";"
                }
              ],
              "isOptional": false,
              "isStatic": true,
              "returnTypeTokenRange": {
                "startIndex": 6,
                "endIndex": 7
              },
              "releaseTag": "Public",
              "overloadIndex": 1,
              "parameters": [
                {
                  "parameterName": "ngExpressEngine",
                  "parameterTypeTokenRange": {
                    "startIndex": 1,
                    "endIndex": 2
                  }
                },
                {
                  "parameterName": "optimizationOptions",
                  "parameterTypeTokenRange": {
                    "startIndex": 3,
                    "endIndex": 5
                  }
                }
              ],
              "name": "get"
            }
          ],
          "implementsTokenRanges": []
        },
        {
          "kind": "Class",
          "canonicalReference": "@spartacus/setup_ssr!OptimizedSsrEngine:class",
          "docComment": "/**\n * The rendered pages are kept in memory to be served on next request. If the `cache` is set to `false`, the response is evicted as soon as the first successful response is successfully returned.\n */\n",
          "excerptTokens": [
            {
              "kind": "Content",
              "text": "export declare class OptimizedSsrEngine "
            }
          ],
          "releaseTag": "Public",
          "name": "OptimizedSsrEngine",
          "members": [
            {
              "kind": "Constructor",
              "canonicalReference": "@spartacus/setup_ssr!OptimizedSsrEngine:constructor(1)",
              "docComment": "/**\n * Constructs a new instance of the `OptimizedSsrEngine` class\n */\n",
              "excerptTokens": [
                {
                  "kind": "Content",
                  "text": "constructor(expressEngine: "
                },
                {
                  "kind": "Reference",
                  "text": "NgExpressEngineInstance",
                  "canonicalReference": "@spartacus/setup_ssr!NgExpressEngineInstance:type"
                },
                {
                  "kind": "Content",
                  "text": ", ssrOptions?: "
                },
                {
                  "kind": "Reference",
                  "text": "SsrOptimizationOptions",
                  "canonicalReference": "@spartacus/setup_ssr!SsrOptimizationOptions:interface"
                },
                {
                  "kind": "Content",
                  "text": " | undefined"
                },
                {
                  "kind": "Content",
                  "text": ");"
                }
              ],
              "releaseTag": "Public",
              "overloadIndex": 1,
              "parameters": [
                {
                  "parameterName": "expressEngine",
                  "parameterTypeTokenRange": {
                    "startIndex": 1,
                    "endIndex": 2
                  }
                },
                {
                  "parameterName": "ssrOptions",
                  "parameterTypeTokenRange": {
                    "startIndex": 3,
                    "endIndex": 5
                  }
                }
              ]
            },
            {
              "kind": "Property",
              "canonicalReference": "@spartacus/setup_ssr!OptimizedSsrEngine#currentConcurrency:member",
              "docComment": "",
              "excerptTokens": [
                {
                  "kind": "Content",
                  "text": "protected currentConcurrency: "
                },
                {
                  "kind": "Content",
                  "text": "number"
                },
                {
                  "kind": "Content",
                  "text": ";"
                }
              ],
              "isOptional": false,
              "releaseTag": "Public",
              "name": "currentConcurrency",
              "propertyTypeTokenRange": {
                "startIndex": 1,
                "endIndex": 2
              },
              "isStatic": false
            },
            {
              "kind": "Property",
              "canonicalReference": "@spartacus/setup_ssr!OptimizedSsrEngine#engineInstance:member",
              "docComment": "",
              "excerptTokens": [
                {
                  "kind": "Content",
                  "text": "get engineInstance(): "
                },
                {
                  "kind": "Reference",
                  "text": "NgExpressEngineInstance",
                  "canonicalReference": "@spartacus/setup_ssr!NgExpressEngineInstance:type"
                },
                {
                  "kind": "Content",
                  "text": ";"
                }
              ],
              "isOptional": false,
              "releaseTag": "Public",
              "name": "engineInstance",
              "propertyTypeTokenRange": {
                "startIndex": 1,
                "endIndex": 2
              },
              "isStatic": false
            },
            {
              "kind": "Property",
              "canonicalReference": "@spartacus/setup_ssr!OptimizedSsrEngine#expressEngine:member",
              "docComment": "",
              "excerptTokens": [
                {
                  "kind": "Content",
                  "text": "protected expressEngine: "
                },
                {
                  "kind": "Reference",
                  "text": "NgExpressEngineInstance",
                  "canonicalReference": "@spartacus/setup_ssr!NgExpressEngineInstance:type"
                },
                {
                  "kind": "Content",
                  "text": ";"
                }
              ],
              "isOptional": false,
              "releaseTag": "Public",
              "name": "expressEngine",
              "propertyTypeTokenRange": {
                "startIndex": 1,
                "endIndex": 2
              },
              "isStatic": false
            },
            {
              "kind": "Method",
              "canonicalReference": "@spartacus/setup_ssr!OptimizedSsrEngine#fallbackToCsr:member(1)",
              "docComment": "/**\n * When SSR page can not be returned in time, we're returning index.html of the CSR application. The CSR application is returned with the \"Cache-Control: no-store\" response-header. This notifies external cache systems to not use the CSR application for the subsequent request.\n */\n",
              "excerptTokens": [
                {
                  "kind": "Content",
                  "text": "protected fallbackToCsr(response: "
                },
                {
                  "kind": "Reference",
                  "text": "Response",
                  "canonicalReference": "@types/express!~e.Response:interface"
                },
                {
                  "kind": "Content",
                  "text": ", filePath: "
                },
                {
                  "kind": "Content",
                  "text": "string"
                },
                {
                  "kind": "Content",
                  "text": ", callback: "
                },
                {
                  "kind": "Reference",
                  "text": "SsrCallbackFn",
                  "canonicalReference": "@spartacus/setup_ssr!SsrCallbackFn:type"
                },
                {
                  "kind": "Content",
                  "text": "): "
                },
                {
                  "kind": "Content",
                  "text": "void"
                },
                {
                  "kind": "Content",
                  "text": ";"
                }
              ],
              "isOptional": false,
              "isStatic": false,
              "returnTypeTokenRange": {
                "startIndex": 7,
                "endIndex": 8
              },
              "releaseTag": "Public",
              "overloadIndex": 1,
              "parameters": [
                {
                  "parameterName": "response",
                  "parameterTypeTokenRange": {
                    "startIndex": 1,
                    "endIndex": 2
                  }
                },
                {
                  "parameterName": "filePath",
                  "parameterTypeTokenRange": {
                    "startIndex": 3,
                    "endIndex": 4
                  }
                },
                {
                  "parameterName": "callback",
                  "parameterTypeTokenRange": {
                    "startIndex": 5,
                    "endIndex": 6
                  }
                }
              ],
              "name": "fallbackToCsr"
            },
            {
              "kind": "Method",
              "canonicalReference": "@spartacus/setup_ssr!OptimizedSsrEngine#getDocument:member(1)",
              "docComment": "/**\n * Retrieve the document from the cache or the filesystem\n */\n",
              "excerptTokens": [
                {
                  "kind": "Content",
                  "text": "protected getDocument(filePath: "
                },
                {
                  "kind": "Content",
                  "text": "string"
                },
                {
                  "kind": "Content",
                  "text": "): "
                },
                {
                  "kind": "Content",
                  "text": "string"
                },
                {
                  "kind": "Content",
                  "text": ";"
                }
              ],
              "isOptional": false,
              "isStatic": false,
              "returnTypeTokenRange": {
                "startIndex": 3,
                "endIndex": 4
              },
              "releaseTag": "Public",
              "overloadIndex": 1,
              "parameters": [
                {
                  "parameterName": "filePath",
                  "parameterTypeTokenRange": {
                    "startIndex": 1,
                    "endIndex": 2
                  }
                }
              ],
              "name": "getDocument"
            },
            {
              "kind": "Method",
              "canonicalReference": "@spartacus/setup_ssr!OptimizedSsrEngine#getRenderingKey:member(1)",
              "docComment": "",
              "excerptTokens": [
                {
                  "kind": "Content",
                  "text": "protected getRenderingKey(request: "
                },
                {
                  "kind": "Reference",
                  "text": "Request",
                  "canonicalReference": "@types/express!~e.Request:interface"
                },
                {
                  "kind": "Content",
                  "text": "): "
                },
                {
                  "kind": "Content",
                  "text": "string"
                },
                {
                  "kind": "Content",
                  "text": ";"
                }
              ],
              "isOptional": false,
              "isStatic": false,
              "returnTypeTokenRange": {
                "startIndex": 3,
                "endIndex": 4
              },
              "releaseTag": "Public",
              "overloadIndex": 1,
              "parameters": [
                {
                  "parameterName": "request",
                  "parameterTypeTokenRange": {
                    "startIndex": 1,
                    "endIndex": 2
                  }
                }
              ],
              "name": "getRenderingKey"
            },
            {
              "kind": "Method",
              "canonicalReference": "@spartacus/setup_ssr!OptimizedSsrEngine#getRenderingStrategy:member(1)",
              "docComment": "",
              "excerptTokens": [
                {
                  "kind": "Content",
                  "text": "protected getRenderingStrategy(request: "
                },
                {
                  "kind": "Reference",
                  "text": "Request",
                  "canonicalReference": "@types/express!~e.Request:interface"
                },
                {
                  "kind": "Content",
                  "text": "): "
                },
                {
                  "kind": "Reference",
                  "text": "RenderingStrategy",
                  "canonicalReference": "@spartacus/setup_ssr!RenderingStrategy:enum"
                },
                {
                  "kind": "Content",
                  "text": ";"
                }
              ],
              "isOptional": false,
              "isStatic": false,
              "returnTypeTokenRange": {
                "startIndex": 3,
                "endIndex": 4
              },
              "releaseTag": "Public",
              "overloadIndex": 1,
              "parameters": [
                {
                  "parameterName": "request",
                  "parameterTypeTokenRange": {
                    "startIndex": 1,
                    "endIndex": 2
                  }
                }
              ],
              "name": "getRenderingStrategy"
            },
            {
              "kind": "Method",
              "canonicalReference": "@spartacus/setup_ssr!OptimizedSsrEngine#getTimeout:member(1)",
              "docComment": "/**\n * Returns the timeout value.\n *\n * In case of the rendering strategy ALWAYS_SSR, it returns the config `forcedSsrTimeout`. Otherwise, it returns the config `timeout`.\n */\n",
              "excerptTokens": [
                {
                  "kind": "Content",
                  "text": "protected getTimeout(request: "
                },
                {
                  "kind": "Reference",
                  "text": "Request",
                  "canonicalReference": "@types/express!~e.Request:interface"
                },
                {
                  "kind": "Content",
                  "text": "): "
                },
                {
                  "kind": "Content",
                  "text": "number"
                },
                {
                  "kind": "Content",
                  "text": ";"
                }
              ],
              "isOptional": false,
              "isStatic": false,
              "returnTypeTokenRange": {
                "startIndex": 3,
                "endIndex": 4
              },
              "releaseTag": "Public",
              "overloadIndex": 1,
              "parameters": [
                {
                  "parameterName": "request",
                  "parameterTypeTokenRange": {
                    "startIndex": 1,
                    "endIndex": 2
                  }
                }
              ],
              "name": "getTimeout"
            },
            {
              "kind": "Method",
              "canonicalReference": "@spartacus/setup_ssr!OptimizedSsrEngine#log:member(1)",
              "docComment": "",
              "excerptTokens": [
                {
                  "kind": "Content",
                  "text": "protected log(message: "
                },
                {
                  "kind": "Content",
                  "text": "string"
                },
                {
                  "kind": "Content",
                  "text": ", debug?: "
                },
                {
                  "kind": "Content",
                  "text": "boolean"
                },
                {
                  "kind": "Content",
                  "text": "): "
                },
                {
                  "kind": "Content",
                  "text": "void"
                },
                {
                  "kind": "Content",
                  "text": ";"
                }
              ],
              "isOptional": false,
              "isStatic": false,
              "returnTypeTokenRange": {
                "startIndex": 5,
                "endIndex": 6
              },
              "releaseTag": "Public",
              "overloadIndex": 1,
              "parameters": [
                {
                  "parameterName": "message",
                  "parameterTypeTokenRange": {
                    "startIndex": 1,
                    "endIndex": 2
                  }
                },
                {
                  "parameterName": "debug",
                  "parameterTypeTokenRange": {
                    "startIndex": 3,
                    "endIndex": 4
                  }
                }
              ],
              "name": "log"
            },
            {
              "kind": "Property",
              "canonicalReference": "@spartacus/setup_ssr!OptimizedSsrEngine#renderingCache:member",
              "docComment": "",
              "excerptTokens": [
                {
                  "kind": "Content",
                  "text": "protected renderingCache: "
                },
                {
                  "kind": "Reference",
                  "text": "RenderingCache",
                  "canonicalReference": "@spartacus/setup_ssr!RenderingCache:class"
                },
                {
                  "kind": "Content",
                  "text": ";"
                }
              ],
              "isOptional": false,
              "releaseTag": "Public",
              "name": "renderingCache",
              "propertyTypeTokenRange": {
                "startIndex": 1,
                "endIndex": 2
              },
              "isStatic": false
            },
            {
              "kind": "Method",
              "canonicalReference": "@spartacus/setup_ssr!OptimizedSsrEngine#renderResponse:member(1)",
              "docComment": "/**\n * Handles the request and invokes the given `callback` with the result html / error.\n *\n * The result might be ether: - a CSR fallback with a basic `index.html` content - a result rendered by the original Angular Universal express engine - a result from the in-memory cache (which was previously rendered by Angular Universal express engine).\n */\n",
              "excerptTokens": [
                {
                  "kind": "Content",
                  "text": "protected renderResponse(filePath: "
                },
                {
                  "kind": "Content",
                  "text": "string"
                },
                {
                  "kind": "Content",
                  "text": ", options: "
                },
                {
                  "kind": "Content",
                  "text": "any"
                },
                {
                  "kind": "Content",
                  "text": ", callback: "
                },
                {
                  "kind": "Reference",
                  "text": "SsrCallbackFn",
                  "canonicalReference": "@spartacus/setup_ssr!SsrCallbackFn:type"
                },
                {
                  "kind": "Content",
                  "text": "): "
                },
                {
                  "kind": "Content",
                  "text": "void"
                },
                {
                  "kind": "Content",
                  "text": ";"
                }
              ],
              "isOptional": false,
              "isStatic": false,
              "returnTypeTokenRange": {
                "startIndex": 7,
                "endIndex": 8
              },
              "releaseTag": "Public",
              "overloadIndex": 1,
              "parameters": [
                {
                  "parameterName": "filePath",
                  "parameterTypeTokenRange": {
                    "startIndex": 1,
                    "endIndex": 2
                  }
                },
                {
                  "parameterName": "options",
                  "parameterTypeTokenRange": {
                    "startIndex": 3,
                    "endIndex": 4
                  }
                },
                {
                  "parameterName": "callback",
                  "parameterTypeTokenRange": {
                    "startIndex": 5,
                    "endIndex": 6
                  }
                }
              ],
              "name": "renderResponse"
            },
            {
              "kind": "Method",
              "canonicalReference": "@spartacus/setup_ssr!OptimizedSsrEngine#returnCachedRender:member(1)",
              "docComment": "/**\n * If there is an available cached response for this rendering key, it invokes the given render callback with the response and returns true.\n *\n * Otherwise, it returns false.\n */\n",
              "excerptTokens": [
                {
                  "kind": "Content",
                  "text": "protected returnCachedRender(request: "
                },
                {
                  "kind": "Reference",
                  "text": "Request",
                  "canonicalReference": "@types/express!~e.Request:interface"
                },
                {
                  "kind": "Content",
                  "text": ", callback: "
                },
                {
                  "kind": "Reference",
                  "text": "SsrCallbackFn",
                  "canonicalReference": "@spartacus/setup_ssr!SsrCallbackFn:type"
                },
                {
                  "kind": "Content",
                  "text": "): "
                },
                {
                  "kind": "Content",
                  "text": "boolean"
                },
                {
                  "kind": "Content",
                  "text": ";"
                }
              ],
              "isOptional": false,
              "isStatic": false,
              "returnTypeTokenRange": {
                "startIndex": 5,
                "endIndex": 6
              },
              "releaseTag": "Public",
              "overloadIndex": 1,
              "parameters": [
                {
                  "parameterName": "request",
                  "parameterTypeTokenRange": {
                    "startIndex": 1,
                    "endIndex": 2
                  }
                },
                {
                  "parameterName": "callback",
                  "parameterTypeTokenRange": {
                    "startIndex": 3,
                    "endIndex": 4
                  }
                }
              ],
              "name": "returnCachedRender"
            },
            {
              "kind": "Method",
              "canonicalReference": "@spartacus/setup_ssr!OptimizedSsrEngine#shouldRender:member(1)",
              "docComment": "/**\n * When returns true, the server side rendering should be performed. When returns false, the CSR fallback should be returned.\n *\n * We should not render, when there is already a pending rendering for the same rendering key (unless the `reuseCurrentRendering` config option is enabled) OR when the concurrency limit is exceeded.\n */\n",
              "excerptTokens": [
                {
                  "kind": "Content",
                  "text": "protected shouldRender(request: "
                },
                {
                  "kind": "Reference",
                  "text": "Request",
                  "canonicalReference": "@types/express!~e.Request:interface"
                },
                {
                  "kind": "Content",
                  "text": "): "
                },
                {
                  "kind": "Content",
                  "text": "boolean"
                },
                {
                  "kind": "Content",
                  "text": ";"
                }
              ],
              "isOptional": false,
              "isStatic": false,
              "returnTypeTokenRange": {
                "startIndex": 3,
                "endIndex": 4
              },
              "releaseTag": "Public",
              "overloadIndex": 1,
              "parameters": [
                {
                  "parameterName": "request",
                  "parameterTypeTokenRange": {
                    "startIndex": 1,
                    "endIndex": 2
                  }
                }
              ],
              "name": "shouldRender"
            },
            {
              "kind": "Method",
              "canonicalReference": "@spartacus/setup_ssr!OptimizedSsrEngine#shouldTimeout:member(1)",
              "docComment": "/**\n * Returns true, when the `timeout` option has been configured to non-zero value OR when the rendering strategy for the given request is ALWAYS_SSR. Otherwise, it returns false.\n */\n",
              "excerptTokens": [
                {
                  "kind": "Content",
                  "text": "protected shouldTimeout(request: "
                },
                {
                  "kind": "Reference",
                  "text": "Request",
                  "canonicalReference": "@types/express!~e.Request:interface"
                },
                {
                  "kind": "Content",
                  "text": "): "
                },
                {
                  "kind": "Content",
                  "text": "boolean"
                },
                {
                  "kind": "Content",
                  "text": ";"
                }
              ],
              "isOptional": false,
              "isStatic": false,
              "returnTypeTokenRange": {
                "startIndex": 3,
                "endIndex": 4
              },
              "releaseTag": "Public",
              "overloadIndex": 1,
              "parameters": [
                {
                  "parameterName": "request",
                  "parameterTypeTokenRange": {
                    "startIndex": 1,
                    "endIndex": 2
                  }
                }
              ],
              "name": "shouldTimeout"
            },
            {
              "kind": "Property",
              "canonicalReference": "@spartacus/setup_ssr!OptimizedSsrEngine#ssrOptions:member",
              "docComment": "",
              "excerptTokens": [
                {
                  "kind": "Content",
                  "text": "protected ssrOptions?: "
                },
                {
                  "kind": "Reference",
                  "text": "SsrOptimizationOptions",
                  "canonicalReference": "@spartacus/setup_ssr!SsrOptimizationOptions:interface"
                },
                {
                  "kind": "Content",
                  "text": " | undefined"
                },
                {
                  "kind": "Content",
                  "text": ";"
                }
              ],
              "isOptional": true,
              "releaseTag": "Public",
              "name": "ssrOptions",
              "propertyTypeTokenRange": {
                "startIndex": 1,
                "endIndex": 3
              },
              "isStatic": false
            }
          ],
          "implementsTokenRanges": []
        },
        {
          "kind": "Class",
          "canonicalReference": "@spartacus/setup_ssr!RenderingCache:class",
          "docComment": "",
          "excerptTokens": [
            {
              "kind": "Content",
              "text": "export declare class RenderingCache "
            }
          ],
          "releaseTag": "Public",
          "name": "RenderingCache",
          "members": [
            {
              "kind": "Constructor",
              "canonicalReference": "@spartacus/setup_ssr!RenderingCache:constructor(1)",
              "docComment": "/**\n * Constructs a new instance of the `RenderingCache` class\n */\n",
              "excerptTokens": [
                {
                  "kind": "Content",
                  "text": "constructor(options?: "
                },
                {
                  "kind": "Reference",
                  "text": "SsrOptimizationOptions",
                  "canonicalReference": "@spartacus/setup_ssr!SsrOptimizationOptions:interface"
                },
                {
                  "kind": "Content",
                  "text": " | undefined"
                },
                {
                  "kind": "Content",
                  "text": ");"
                }
              ],
              "releaseTag": "Public",
              "overloadIndex": 1,
              "parameters": [
                {
                  "parameterName": "options",
                  "parameterTypeTokenRange": {
                    "startIndex": 1,
                    "endIndex": 3
                  }
                }
              ]
            },
            {
              "kind": "Method",
              "canonicalReference": "@spartacus/setup_ssr!RenderingCache#clear:member(1)",
              "docComment": "",
              "excerptTokens": [
                {
                  "kind": "Content",
                  "text": "clear(key: "
                },
                {
                  "kind": "Content",
                  "text": "string"
                },
                {
                  "kind": "Content",
                  "text": "): "
                },
                {
                  "kind": "Content",
                  "text": "void"
                },
                {
                  "kind": "Content",
                  "text": ";"
                }
              ],
              "isOptional": false,
              "isStatic": false,
              "returnTypeTokenRange": {
                "startIndex": 3,
                "endIndex": 4
              },
              "releaseTag": "Public",
              "overloadIndex": 1,
              "parameters": [
                {
                  "parameterName": "key",
                  "parameterTypeTokenRange": {
                    "startIndex": 1,
                    "endIndex": 2
                  }
                }
              ],
              "name": "clear"
            },
            {
              "kind": "Method",
              "canonicalReference": "@spartacus/setup_ssr!RenderingCache#get:member(1)",
              "docComment": "",
              "excerptTokens": [
                {
                  "kind": "Content",
                  "text": "get(key: "
                },
                {
                  "kind": "Content",
                  "text": "string"
                },
                {
                  "kind": "Content",
                  "text": "): "
                },
                {
                  "kind": "Reference",
                  "text": "RenderingEntry",
                  "canonicalReference": "@spartacus/setup_ssr!RenderingEntry:interface"
                },
                {
                  "kind": "Content",
                  "text": " | undefined"
                },
                {
                  "kind": "Content",
                  "text": ";"
                }
              ],
              "isOptional": false,
              "isStatic": false,
              "returnTypeTokenRange": {
                "startIndex": 3,
                "endIndex": 5
              },
              "releaseTag": "Public",
              "overloadIndex": 1,
              "parameters": [
                {
                  "parameterName": "key",
                  "parameterTypeTokenRange": {
                    "startIndex": 1,
                    "endIndex": 2
                  }
                }
              ],
              "name": "get"
            },
            {
              "kind": "Method",
              "canonicalReference": "@spartacus/setup_ssr!RenderingCache#isFresh:member(1)",
              "docComment": "",
              "excerptTokens": [
                {
                  "kind": "Content",
                  "text": "isFresh(key: "
                },
                {
                  "kind": "Content",
                  "text": "string"
                },
                {
                  "kind": "Content",
                  "text": "): "
                },
                {
                  "kind": "Content",
                  "text": "boolean"
                },
                {
                  "kind": "Content",
                  "text": ";"
                }
              ],
              "isOptional": false,
              "isStatic": false,
              "returnTypeTokenRange": {
                "startIndex": 3,
                "endIndex": 4
              },
              "releaseTag": "Public",
              "overloadIndex": 1,
              "parameters": [
                {
                  "parameterName": "key",
                  "parameterTypeTokenRange": {
                    "startIndex": 1,
                    "endIndex": 2
                  }
                }
              ],
              "name": "isFresh"
            },
            {
              "kind": "Method",
              "canonicalReference": "@spartacus/setup_ssr!RenderingCache#isReady:member(1)",
              "docComment": "",
              "excerptTokens": [
                {
                  "kind": "Content",
                  "text": "isReady(key: "
                },
                {
                  "kind": "Content",
                  "text": "string"
                },
                {
                  "kind": "Content",
                  "text": "): "
                },
                {
                  "kind": "Content",
                  "text": "boolean"
                },
                {
                  "kind": "Content",
                  "text": ";"
                }
              ],
              "isOptional": false,
              "isStatic": false,
              "returnTypeTokenRange": {
                "startIndex": 3,
                "endIndex": 4
              },
              "releaseTag": "Public",
              "overloadIndex": 1,
              "parameters": [
                {
                  "parameterName": "key",
                  "parameterTypeTokenRange": {
                    "startIndex": 1,
                    "endIndex": 2
                  }
                }
              ],
              "name": "isReady"
            },
            {
              "kind": "Method",
              "canonicalReference": "@spartacus/setup_ssr!RenderingCache#isRendering:member(1)",
              "docComment": "",
              "excerptTokens": [
                {
                  "kind": "Content",
                  "text": "isRendering(key: "
                },
                {
                  "kind": "Content",
                  "text": "string"
                },
                {
                  "kind": "Content",
                  "text": "): "
                },
                {
                  "kind": "Content",
                  "text": "boolean"
                },
                {
                  "kind": "Content",
                  "text": ";"
                }
              ],
              "isOptional": false,
              "isStatic": false,
              "returnTypeTokenRange": {
                "startIndex": 3,
                "endIndex": 4
              },
              "releaseTag": "Public",
              "overloadIndex": 1,
              "parameters": [
                {
                  "parameterName": "key",
                  "parameterTypeTokenRange": {
                    "startIndex": 1,
                    "endIndex": 2
                  }
                }
              ],
              "name": "isRendering"
            },
            {
              "kind": "Property",
              "canonicalReference": "@spartacus/setup_ssr!RenderingCache#renders:member",
              "docComment": "",
              "excerptTokens": [
                {
                  "kind": "Content",
                  "text": "protected renders: "
                },
                {
                  "kind": "Reference",
                  "text": "Map",
                  "canonicalReference": "!Map:interface"
                },
                {
                  "kind": "Content",
                  "text": "<string, "
                },
                {
                  "kind": "Reference",
                  "text": "RenderingEntry",
                  "canonicalReference": "@spartacus/setup_ssr!RenderingEntry:interface"
                },
                {
                  "kind": "Content",
                  "text": ">"
                },
                {
                  "kind": "Content",
                  "text": ";"
                }
              ],
              "isOptional": false,
              "releaseTag": "Public",
              "name": "renders",
              "propertyTypeTokenRange": {
                "startIndex": 1,
                "endIndex": 5
              },
              "isStatic": false
            },
            {
              "kind": "Method",
              "canonicalReference": "@spartacus/setup_ssr!RenderingCache#setAsRendering:member(1)",
              "docComment": "",
              "excerptTokens": [
                {
                  "kind": "Content",
                  "text": "setAsRendering(key: "
                },
                {
                  "kind": "Content",
                  "text": "string"
                },
                {
                  "kind": "Content",
                  "text": "): "
                },
                {
                  "kind": "Content",
                  "text": "void"
                },
                {
                  "kind": "Content",
                  "text": ";"
                }
              ],
              "isOptional": false,
              "isStatic": false,
              "returnTypeTokenRange": {
                "startIndex": 3,
                "endIndex": 4
              },
              "releaseTag": "Public",
              "overloadIndex": 1,
              "parameters": [
                {
                  "parameterName": "key",
                  "parameterTypeTokenRange": {
                    "startIndex": 1,
                    "endIndex": 2
                  }
                }
              ],
              "name": "setAsRendering"
            },
            {
              "kind": "Method",
              "canonicalReference": "@spartacus/setup_ssr!RenderingCache#store:member(1)",
              "docComment": "",
              "excerptTokens": [
                {
                  "kind": "Content",
                  "text": "store(key: "
                },
                {
                  "kind": "Content",
                  "text": "string"
                },
                {
                  "kind": "Content",
                  "text": ", err?: "
                },
                {
                  "kind": "Reference",
                  "text": "Error",
                  "canonicalReference": "!Error:interface"
                },
                {
                  "kind": "Content",
                  "text": " | null"
                },
                {
                  "kind": "Content",
                  "text": ", html?: "
                },
                {
                  "kind": "Content",
                  "text": "string"
                },
                {
                  "kind": "Content",
                  "text": "): "
                },
                {
                  "kind": "Content",
                  "text": "void"
                },
                {
                  "kind": "Content",
                  "text": ";"
                }
              ],
              "isOptional": false,
              "isStatic": false,
              "returnTypeTokenRange": {
                "startIndex": 8,
                "endIndex": 9
              },
              "releaseTag": "Public",
              "overloadIndex": 1,
              "parameters": [
                {
                  "parameterName": "key",
                  "parameterTypeTokenRange": {
                    "startIndex": 1,
                    "endIndex": 2
                  }
                },
                {
                  "parameterName": "err",
                  "parameterTypeTokenRange": {
                    "startIndex": 3,
                    "endIndex": 5
                  }
                },
                {
                  "parameterName": "html",
                  "parameterTypeTokenRange": {
                    "startIndex": 6,
                    "endIndex": 7
                  }
                }
              ],
              "name": "store"
            }
          ],
          "implementsTokenRanges": []
        },
        {
          "kind": "Interface",
          "canonicalReference": "@spartacus/setup_ssr!RenderingEntry:interface",
          "docComment": "",
          "excerptTokens": [
            {
              "kind": "Content",
              "text": "export interface RenderingEntry "
            }
          ],
          "releaseTag": "Public",
          "name": "RenderingEntry",
          "members": [
            {
              "kind": "PropertySignature",
              "canonicalReference": "@spartacus/setup_ssr!RenderingEntry#err:member",
              "docComment": "",
              "excerptTokens": [
                {
                  "kind": "Content",
                  "text": "err?: "
                },
                {
                  "kind": "Content",
                  "text": "any"
                },
                {
                  "kind": "Content",
                  "text": ";"
                }
              ],
              "isOptional": true,
              "releaseTag": "Public",
              "name": "err",
              "propertyTypeTokenRange": {
                "startIndex": 1,
                "endIndex": 2
              }
            },
            {
              "kind": "PropertySignature",
              "canonicalReference": "@spartacus/setup_ssr!RenderingEntry#html:member",
              "docComment": "",
              "excerptTokens": [
                {
                  "kind": "Content",
                  "text": "html?: "
                },
                {
                  "kind": "Content",
                  "text": "any"
                },
                {
                  "kind": "Content",
                  "text": ";"
                }
              ],
              "isOptional": true,
              "releaseTag": "Public",
              "name": "html",
              "propertyTypeTokenRange": {
                "startIndex": 1,
                "endIndex": 2
              }
            },
            {
              "kind": "PropertySignature",
              "canonicalReference": "@spartacus/setup_ssr!RenderingEntry#rendering:member",
              "docComment": "",
              "excerptTokens": [
                {
                  "kind": "Content",
                  "text": "rendering?: "
                },
                {
                  "kind": "Content",
                  "text": "boolean"
                },
                {
                  "kind": "Content",
                  "text": ";"
                }
              ],
              "isOptional": true,
              "releaseTag": "Public",
              "name": "rendering",
              "propertyTypeTokenRange": {
                "startIndex": 1,
                "endIndex": 2
              }
            },
            {
              "kind": "PropertySignature",
              "canonicalReference": "@spartacus/setup_ssr!RenderingEntry#time:member",
              "docComment": "",
              "excerptTokens": [
                {
                  "kind": "Content",
                  "text": "time?: "
                },
                {
                  "kind": "Content",
                  "text": "number"
                },
                {
                  "kind": "Content",
                  "text": ";"
                }
              ],
              "isOptional": true,
              "releaseTag": "Public",
              "name": "time",
              "propertyTypeTokenRange": {
                "startIndex": 1,
                "endIndex": 2
              }
            }
          ],
          "extendsTokenRanges": []
        },
        {
          "kind": "Enum",
          "canonicalReference": "@spartacus/setup_ssr!RenderingStrategy:enum",
          "docComment": "",
          "excerptTokens": [
            {
              "kind": "Content",
              "text": "export declare enum RenderingStrategy "
            }
          ],
          "releaseTag": "Public",
          "name": "RenderingStrategy",
          "members": [
            {
              "kind": "EnumMember",
              "canonicalReference": "@spartacus/setup_ssr!RenderingStrategy.ALWAYS_CSR:member",
              "docComment": "",
              "excerptTokens": [
                {
                  "kind": "Content",
                  "text": "ALWAYS_CSR = "
                },
                {
                  "kind": "Content",
                  "text": "-1"
                }
              ],
              "releaseTag": "Public",
              "name": "ALWAYS_CSR",
              "initializerTokenRange": {
                "startIndex": 1,
                "endIndex": 2
              }
            },
            {
              "kind": "EnumMember",
              "canonicalReference": "@spartacus/setup_ssr!RenderingStrategy.ALWAYS_SSR:member",
              "docComment": "",
              "excerptTokens": [
                {
                  "kind": "Content",
                  "text": "ALWAYS_SSR = "
                },
                {
                  "kind": "Content",
                  "text": "1"
                }
              ],
              "releaseTag": "Public",
              "name": "ALWAYS_SSR",
              "initializerTokenRange": {
                "startIndex": 1,
                "endIndex": 2
              }
            },
            {
              "kind": "EnumMember",
              "canonicalReference": "@spartacus/setup_ssr!RenderingStrategy.DEFAULT:member",
              "docComment": "",
              "excerptTokens": [
                {
                  "kind": "Content",
                  "text": "DEFAULT = "
                },
                {
                  "kind": "Content",
                  "text": "0"
                }
              ],
              "releaseTag": "Public",
              "name": "DEFAULT",
              "initializerTokenRange": {
                "startIndex": 1,
                "endIndex": 2
              }
            }
          ]
        },
        {
          "kind": "TypeAlias",
          "canonicalReference": "@spartacus/setup_ssr!SsrCallbackFn:type",
          "docComment": "",
          "excerptTokens": [
            {
              "kind": "Content",
              "text": "export declare type SsrCallbackFn = "
            },
            {
              "kind": "Content",
              "text": "(\nerr?: "
            },
            {
              "kind": "Reference",
              "text": "Error",
              "canonicalReference": "!Error:interface"
            },
            {
              "kind": "Content",
              "text": " | null | undefined, \nhtml?: string | undefined) => void"
            },
            {
              "kind": "Content",
              "text": ";"
            }
          ],
          "releaseTag": "Public",
          "name": "SsrCallbackFn",
          "typeTokenRange": {
            "startIndex": 1,
            "endIndex": 4
          }
        },
        {
          "kind": "Interface",
          "canonicalReference": "@spartacus/setup_ssr!SsrOptimizationOptions:interface",
          "docComment": "",
          "excerptTokens": [
            {
              "kind": "Content",
              "text": "export interface SsrOptimizationOptions "
            }
          ],
          "releaseTag": "Public",
          "name": "SsrOptimizationOptions",
          "members": [
            {
              "kind": "PropertySignature",
              "canonicalReference": "@spartacus/setup_ssr!SsrOptimizationOptions#cache:member",
              "docComment": "/**\n * Enable in-memory cache for pre-rendered urls.\n *\n * If disabled, the cache will still be used to temporarily store renders finished after csr fallback in order to serve them with next request only.\n */\n",
              "excerptTokens": [
                {
                  "kind": "Content",
                  "text": "cache?: "
                },
                {
                  "kind": "Content",
                  "text": "boolean"
                },
                {
                  "kind": "Content",
                  "text": ";"
                }
              ],
              "isOptional": true,
              "releaseTag": "Public",
              "name": "cache",
              "propertyTypeTokenRange": {
                "startIndex": 1,
                "endIndex": 2
              }
            },
            {
              "kind": "PropertySignature",
              "canonicalReference": "@spartacus/setup_ssr!SsrOptimizationOptions#cacheSize:member",
              "docComment": "/**\n * Limit the cache size\n *\n * Specified number of entries that will be kept in cache, allows to keep memory usage under control.\n *\n * Can also be use when `cache` option is set to false. It will then limit the number of renders that timeouts and are kept in temporary cache, waiting to be served with next request.\n */\n",
              "excerptTokens": [
                {
                  "kind": "Content",
                  "text": "cacheSize?: "
                },
                {
                  "kind": "Content",
                  "text": "number"
                },
                {
                  "kind": "Content",
                  "text": ";"
                }
              ],
              "isOptional": true,
              "releaseTag": "Public",
              "name": "cacheSize",
              "propertyTypeTokenRange": {
                "startIndex": 1,
                "endIndex": 2
              }
            },
            {
              "kind": "PropertySignature",
              "canonicalReference": "@spartacus/setup_ssr!SsrOptimizationOptions#concurrency:member",
              "docComment": "/**\n * Limit number of concurrent rendering\n */\n",
              "excerptTokens": [
                {
                  "kind": "Content",
                  "text": "concurrency?: "
                },
                {
                  "kind": "Content",
                  "text": "number"
                },
                {
                  "kind": "Content",
                  "text": ";"
                }
              ],
              "isOptional": true,
              "releaseTag": "Public",
              "name": "concurrency",
              "propertyTypeTokenRange": {
                "startIndex": 1,
                "endIndex": 2
              }
            },
            {
              "kind": "PropertySignature",
              "canonicalReference": "@spartacus/setup_ssr!SsrOptimizationOptions#debug:member",
              "docComment": "/**\n * Enable detailed logs for troubleshooting problems\n */\n",
              "excerptTokens": [
                {
                  "kind": "Content",
                  "text": "debug?: "
                },
                {
                  "kind": "Content",
                  "text": "boolean"
                },
                {
                  "kind": "Content",
                  "text": ";"
                }
              ],
              "isOptional": true,
              "releaseTag": "Public",
              "name": "debug",
              "propertyTypeTokenRange": {
                "startIndex": 1,
                "endIndex": 2
              }
            },
            {
              "kind": "PropertySignature",
              "canonicalReference": "@spartacus/setup_ssr!SsrOptimizationOptions#forcedSsrTimeout:member",
              "docComment": "/**\n * Time in milliseconds to wait for rendering when SSR_ALWAYS render strategy is set for the request. Default value is 60000 milliseconds (1 minute).\n */\n",
              "excerptTokens": [
                {
                  "kind": "Content",
                  "text": "forcedSsrTimeout?: "
                },
                {
                  "kind": "Content",
                  "text": "number"
                },
                {
                  "kind": "Content",
                  "text": ";"
                }
              ],
              "isOptional": true,
              "releaseTag": "Public",
              "name": "forcedSsrTimeout",
              "propertyTypeTokenRange": {
                "startIndex": 1,
                "endIndex": 2
              }
            },
            {
              "kind": "PropertySignature",
              "canonicalReference": "@spartacus/setup_ssr!SsrOptimizationOptions#maxRenderTime:member",
              "docComment": "/**\n * The time for how long the render is expected to finish in. Exceeding this timeout will decrease the concurrency limit and allow for the new request to be server-side rendered. However, this may not release the rendering resources for the hanging render, which may cause additional memory usage on the server.\n *\n * It will log which render is exceeding the render time, which is useful for debugging issues.\n *\n * The value should always be higher than `timeout` and `forcedSsrTimeout`.\n *\n * Default value is 300000 milliseconds (5 minutes).\n */\n",
              "excerptTokens": [
                {
                  "kind": "Content",
                  "text": "maxRenderTime?: "
                },
                {
                  "kind": "Content",
                  "text": "number"
                },
                {
                  "kind": "Content",
                  "text": ";"
                }
              ],
              "isOptional": true,
              "releaseTag": "Public",
              "name": "maxRenderTime",
              "propertyTypeTokenRange": {
                "startIndex": 1,
                "endIndex": 2
              }
            },
            {
              "kind": "PropertySignature",
              "canonicalReference": "@spartacus/setup_ssr!SsrOptimizationOptions#renderingStrategyResolver:member",
              "docComment": "/**\n * Allows defining custom rendering strategy per request\n *\n * @param req - \n */\n",
              "excerptTokens": [
                {
                  "kind": "Content",
                  "text": "renderingStrategyResolver?: "
                },
                {
                  "kind": "Content",
                  "text": "(req: "
                },
                {
                  "kind": "Reference",
                  "text": "Request",
                  "canonicalReference": "@types/express!~e.Request:interface"
                },
                {
                  "kind": "Content",
                  "text": ") => "
                },
                {
                  "kind": "Reference",
                  "text": "RenderingStrategy",
                  "canonicalReference": "@spartacus/setup_ssr!RenderingStrategy:enum"
                },
                {
                  "kind": "Content",
                  "text": ";"
                }
              ],
              "isOptional": true,
              "releaseTag": "Public",
              "name": "renderingStrategyResolver",
              "propertyTypeTokenRange": {
                "startIndex": 1,
                "endIndex": 5
              }
            },
            {
              "kind": "PropertySignature",
              "canonicalReference": "@spartacus/setup_ssr!SsrOptimizationOptions#renderKeyResolver:member",
              "docComment": "/**\n * Allows overriding default key generator for custom differentiating between rendered pages. By default it uses the full request URL.\n *\n * @param req - \n */\n",
              "excerptTokens": [
                {
                  "kind": "Content",
                  "text": "renderKeyResolver?: "
                },
                {
                  "kind": "Content",
                  "text": "(req: "
                },
                {
                  "kind": "Reference",
                  "text": "Request",
                  "canonicalReference": "@types/express!~e.Request:interface"
                },
                {
                  "kind": "Content",
                  "text": ") => string"
                },
                {
                  "kind": "Content",
                  "text": ";"
                }
              ],
              "isOptional": true,
              "releaseTag": "Public",
              "name": "renderKeyResolver",
              "propertyTypeTokenRange": {
                "startIndex": 1,
                "endIndex": 4
              }
            },
            {
              "kind": "PropertySignature",
              "canonicalReference": "@spartacus/setup_ssr!SsrOptimizationOptions#reuseCurrentRendering:member",
              "docComment": "/**\n * Instead of immediately falling back to CSR while a render for the same key is in progress, this option will make the subsequent requests for this key wait for the current render.\n *\n * All pending requests that for the same rendering key will take up only _one_ concurrency slot, because there is only one actual rendering task being performed.\n *\n * Each request independently honors the `timeout` option. E.g., consider the following setup where `timeout` option is set to 3s, and the given request takes 4s to render. The flow is as follows:\n *\n * - 1st request arrives and triggers the SSR. - 2nd request for the same URL arrives 2s after the 1st one. Instead of falling back to CSR, it waits (with its own timeout) for the render of the first request. - 1st request times out after 3s, and falls back to CSR. - one second after the timeout, the current render finishes. - the 2nd request returns SSR after only 2s of waiting.\n */\n",
              "excerptTokens": [
                {
                  "kind": "Content",
                  "text": "reuseCurrentRendering?: "
                },
                {
                  "kind": "Content",
                  "text": "boolean"
                },
                {
                  "kind": "Content",
                  "text": ";"
                }
              ],
              "isOptional": true,
              "releaseTag": "Public",
              "name": "reuseCurrentRendering",
              "propertyTypeTokenRange": {
                "startIndex": 1,
                "endIndex": 2
              }
            },
            {
              "kind": "PropertySignature",
              "canonicalReference": "@spartacus/setup_ssr!SsrOptimizationOptions#timeout:member",
              "docComment": "/**\n * Time in milliseconds to wait for SSR rendering to happen.\n */\n",
              "excerptTokens": [
                {
                  "kind": "Content",
                  "text": "timeout?: "
                },
                {
                  "kind": "Content",
                  "text": "number"
                },
                {
                  "kind": "Content",
                  "text": ";"
                }
              ],
              "isOptional": true,
              "releaseTag": "Public",
              "name": "timeout",
              "propertyTypeTokenRange": {
                "startIndex": 1,
                "endIndex": 2
              }
            },
            {
              "kind": "PropertySignature",
              "canonicalReference": "@spartacus/setup_ssr!SsrOptimizationOptions#ttl:member",
              "docComment": "/**\n * Time in milliseconds after prerendered page is becoming stale and should be rendered again.\n */\n",
              "excerptTokens": [
                {
                  "kind": "Content",
                  "text": "ttl?: "
                },
                {
                  "kind": "Content",
                  "text": "number"
                },
                {
                  "kind": "Content",
                  "text": ";"
                }
              ],
              "isOptional": true,
              "releaseTag": "Public",
              "name": "ttl",
              "propertyTypeTokenRange": {
                "startIndex": 1,
                "endIndex": 2
              }
            }
          ],
          "extendsTokenRanges": []
        }
      ]
    }
  ]
}
