{
  "metadata": {
    "toolPackage": "@microsoft/api-extractor",
    "toolVersion": "7.19.4",
    "schemaVersion": 1004,
    "oldestForwardsCompatibleVersion": 1001,
    "tsdocConfig": {
      "$schema": "https://developer.microsoft.com/json-schemas/tsdoc/v0/tsdoc.schema.json",
      "noStandardTags": true,
      "tagDefinitions": [
        {
          "tagName": "@alpha",
          "syntaxKind": "modifier"
        },
        {
          "tagName": "@beta",
          "syntaxKind": "modifier"
        },
        {
          "tagName": "@defaultValue",
          "syntaxKind": "block"
        },
        {
          "tagName": "@decorator",
          "syntaxKind": "block",
          "allowMultiple": true
        },
        {
          "tagName": "@deprecated",
          "syntaxKind": "block"
        },
        {
          "tagName": "@eventProperty",
          "syntaxKind": "modifier"
        },
        {
          "tagName": "@example",
          "syntaxKind": "block",
          "allowMultiple": true
        },
        {
          "tagName": "@experimental",
          "syntaxKind": "modifier"
        },
        {
          "tagName": "@inheritDoc",
          "syntaxKind": "inline"
        },
        {
          "tagName": "@internal",
          "syntaxKind": "modifier"
        },
        {
          "tagName": "@label",
          "syntaxKind": "inline"
        },
        {
          "tagName": "@link",
          "syntaxKind": "inline",
          "allowMultiple": true
        },
        {
          "tagName": "@override",
          "syntaxKind": "modifier"
        },
        {
          "tagName": "@packageDocumentation",
          "syntaxKind": "modifier"
        },
        {
          "tagName": "@param",
          "syntaxKind": "block",
          "allowMultiple": true
        },
        {
          "tagName": "@privateRemarks",
          "syntaxKind": "block"
        },
        {
          "tagName": "@public",
          "syntaxKind": "modifier"
        },
        {
          "tagName": "@readonly",
          "syntaxKind": "modifier"
        },
        {
          "tagName": "@remarks",
          "syntaxKind": "block"
        },
        {
          "tagName": "@returns",
          "syntaxKind": "block"
        },
        {
          "tagName": "@sealed",
          "syntaxKind": "modifier"
        },
        {
          "tagName": "@see",
          "syntaxKind": "block"
        },
        {
          "tagName": "@throws",
          "syntaxKind": "block",
          "allowMultiple": true
        },
        {
          "tagName": "@typeParam",
          "syntaxKind": "block",
          "allowMultiple": true
        },
        {
          "tagName": "@virtual",
          "syntaxKind": "modifier"
        },
        {
          "tagName": "@betaDocumentation",
          "syntaxKind": "modifier"
        },
        {
          "tagName": "@internalRemarks",
          "syntaxKind": "block"
        },
        {
          "tagName": "@preapproved",
          "syntaxKind": "modifier"
        }
      ],
      "supportForTags": {
        "@alpha": true,
        "@beta": true,
        "@defaultValue": true,
        "@decorator": true,
        "@deprecated": true,
        "@eventProperty": true,
        "@example": true,
        "@experimental": true,
        "@inheritDoc": true,
        "@internal": true,
        "@label": true,
        "@link": true,
        "@override": true,
        "@packageDocumentation": true,
        "@param": true,
        "@privateRemarks": true,
        "@public": true,
        "@readonly": true,
        "@remarks": true,
        "@returns": true,
        "@sealed": true,
        "@see": true,
        "@throws": true,
        "@typeParam": true,
        "@virtual": true,
        "@betaDocumentation": true,
        "@internalRemarks": true,
        "@preapproved": true
      }
    }
  },
  "kind": "Package",
  "canonicalReference": "@spartacus/smartedit_core!",
  "docComment": "",
  "name": "@spartacus/smartedit_core",
  "members": [
    {
      "kind": "EntryPoint",
      "canonicalReference": "@spartacus/smartedit_core!",
      "name": "",
      "members": [
        {
          "kind": "Class",
          "canonicalReference": "@spartacus/smartedit_core!SmartEditCoreModule:class",
          "docComment": "",
          "excerptTokens": [
            {
              "kind": "Content",
              "text": "export declare class SmartEditCoreModule "
            }
          ],
          "releaseTag": "Public",
          "name": "SmartEditCoreModule",
          "members": [
            {
              "kind": "Constructor",
              "canonicalReference": "@spartacus/smartedit_core!SmartEditCoreModule:constructor(1)",
              "docComment": "/**\n * Constructs a new instance of the `SmartEditCoreModule` class\n */\n",
              "excerptTokens": [
                {
                  "kind": "Content",
                  "text": "constructor(smartEditService: "
                },
                {
                  "kind": "Reference",
                  "text": "SmartEditService",
                  "canonicalReference": "@spartacus/smartedit_core!SmartEditService:class"
                },
                {
                  "kind": "Content",
                  "text": ");"
                }
              ],
              "releaseTag": "Public",
              "overloadIndex": 1,
              "parameters": [
                {
                  "parameterName": "smartEditService",
                  "parameterTypeTokenRange": {
                    "startIndex": 1,
                    "endIndex": 2
                  }
                }
              ]
            },
            {
              "kind": "Property",
              "canonicalReference": "@spartacus/smartedit_core!SmartEditCoreModule.ɵfac:member",
              "docComment": "",
              "excerptTokens": [
                {
                  "kind": "Content",
                  "text": "static ɵfac: "
                },
                {
                  "kind": "Content",
                  "text": "i0."
                },
                {
                  "kind": "Reference",
                  "text": "ɵɵFactoryDeclaration",
                  "canonicalReference": "@angular/core!ɵɵFactoryDeclaration:type"
                },
                {
                  "kind": "Content",
                  "text": "<"
                },
                {
                  "kind": "Reference",
                  "text": "SmartEditCoreModule",
                  "canonicalReference": "@spartacus/smartedit_core!SmartEditCoreModule:class"
                },
                {
                  "kind": "Content",
                  "text": ", never>"
                },
                {
                  "kind": "Content",
                  "text": ";"
                }
              ],
              "isOptional": false,
              "releaseTag": "Public",
              "name": "ɵfac",
              "propertyTypeTokenRange": {
                "startIndex": 1,
                "endIndex": 6
              },
              "isStatic": true
            },
            {
              "kind": "Property",
              "canonicalReference": "@spartacus/smartedit_core!SmartEditCoreModule.ɵinj:member",
              "docComment": "",
              "excerptTokens": [
                {
                  "kind": "Content",
                  "text": "static ɵinj: "
                },
                {
                  "kind": "Content",
                  "text": "i0."
                },
                {
                  "kind": "Reference",
                  "text": "ɵɵInjectorDeclaration",
                  "canonicalReference": "@angular/core!ɵɵInjectorDeclaration:type"
                },
                {
                  "kind": "Content",
                  "text": "<"
                },
                {
                  "kind": "Reference",
                  "text": "SmartEditCoreModule",
                  "canonicalReference": "@spartacus/smartedit_core!SmartEditCoreModule:class"
                },
                {
                  "kind": "Content",
                  "text": ">"
                },
                {
                  "kind": "Content",
                  "text": ";"
                }
              ],
              "isOptional": false,
              "releaseTag": "Public",
              "name": "ɵinj",
              "propertyTypeTokenRange": {
                "startIndex": 1,
                "endIndex": 6
              },
              "isStatic": true
            },
            {
              "kind": "Property",
              "canonicalReference": "@spartacus/smartedit_core!SmartEditCoreModule.ɵmod:member",
              "docComment": "",
              "excerptTokens": [
                {
                  "kind": "Content",
                  "text": "static ɵmod: "
                },
                {
                  "kind": "Content",
                  "text": "i0."
                },
                {
                  "kind": "Reference",
                  "text": "ɵɵNgModuleDeclaration",
                  "canonicalReference": "@angular/core!ɵɵNgModuleDeclaration:type"
                },
                {
                  "kind": "Content",
                  "text": "<"
                },
                {
                  "kind": "Reference",
                  "text": "SmartEditCoreModule",
                  "canonicalReference": "@spartacus/smartedit_core!SmartEditCoreModule:class"
                },
                {
                  "kind": "Content",
                  "text": ", never, never, never>"
                },
                {
                  "kind": "Content",
                  "text": ";"
                }
              ],
              "isOptional": false,
              "releaseTag": "Public",
              "name": "ɵmod",
              "propertyTypeTokenRange": {
                "startIndex": 1,
                "endIndex": 6
              },
              "isStatic": true
            }
          ],
          "implementsTokenRanges": []
        },
        {
          "kind": "Class",
          "canonicalReference": "@spartacus/smartedit_core!SmartEditService:class",
          "docComment": "",
          "excerptTokens": [
            {
              "kind": "Content",
              "text": "export declare class SmartEditService "
            }
          ],
          "releaseTag": "Public",
          "name": "SmartEditService",
          "members": [
            {
              "kind": "Constructor",
              "canonicalReference": "@spartacus/smartedit_core!SmartEditService:constructor(1)",
              "docComment": "/**\n * Constructs a new instance of the `SmartEditService` class\n */\n",
              "excerptTokens": [
                {
                  "kind": "Content",
                  "text": "constructor(cmsService: "
                },
                {
                  "kind": "Reference",
                  "text": "CmsService",
                  "canonicalReference": "@spartacus/smartedit_core!CmsService:class"
                },
                {
                  "kind": "Content",
                  "text": ", routingService: "
                },
                {
                  "kind": "Reference",
                  "text": "RoutingService",
                  "canonicalReference": "@spartacus/smartedit_core!RoutingService:class"
                },
                {
                  "kind": "Content",
                  "text": ", baseSiteService: "
                },
                {
                  "kind": "Reference",
                  "text": "BaseSiteService",
                  "canonicalReference": "@spartacus/smartedit_core!BaseSiteService:class"
                },
                {
                  "kind": "Content",
                  "text": ", zone: "
                },
                {
                  "kind": "Reference",
                  "text": "NgZone",
                  "canonicalReference": "@angular/core!NgZone:class"
                },
                {
                  "kind": "Content",
                  "text": ", winRef: "
                },
                {
                  "kind": "Reference",
                  "text": "WindowRef",
                  "canonicalReference": "@spartacus/smartedit_core!WindowRef:class"
                },
                {
                  "kind": "Content",
                  "text": ", rendererFactory: "
                },
                {
                  "kind": "Reference",
                  "text": "RendererFactory2",
                  "canonicalReference": "@angular/core!RendererFactory2:class"
                },
                {
                  "kind": "Content",
                  "text": ", config: "
                },
                {
                  "kind": "Reference",
                  "text": "SmartEditConfig",
                  "canonicalReference": "@spartacus/smartedit_core!SmartEditConfig:class"
                },
                {
                  "kind": "Content",
                  "text": ", scriptLoader: "
                },
                {
                  "kind": "Reference",
                  "text": "ScriptLoader",
                  "canonicalReference": "@spartacus/smartedit_core!ScriptLoader:class"
                },
                {
                  "kind": "Content",
                  "text": ");"
                }
              ],
              "releaseTag": "Public",
              "overloadIndex": 1,
              "parameters": [
                {
                  "parameterName": "cmsService",
                  "parameterTypeTokenRange": {
                    "startIndex": 1,
                    "endIndex": 2
                  }
                },
                {
                  "parameterName": "routingService",
                  "parameterTypeTokenRange": {
                    "startIndex": 3,
                    "endIndex": 4
                  }
                },
                {
                  "parameterName": "baseSiteService",
                  "parameterTypeTokenRange": {
                    "startIndex": 5,
                    "endIndex": 6
                  }
                },
                {
                  "parameterName": "zone",
                  "parameterTypeTokenRange": {
                    "startIndex": 7,
                    "endIndex": 8
                  }
                },
                {
                  "parameterName": "winRef",
                  "parameterTypeTokenRange": {
                    "startIndex": 9,
                    "endIndex": 10
                  }
                },
                {
                  "parameterName": "rendererFactory",
                  "parameterTypeTokenRange": {
                    "startIndex": 11,
                    "endIndex": 12
                  }
                },
                {
                  "parameterName": "config",
                  "parameterTypeTokenRange": {
                    "startIndex": 13,
                    "endIndex": 14
                  }
                },
                {
                  "parameterName": "scriptLoader",
                  "parameterTypeTokenRange": {
                    "startIndex": 15,
                    "endIndex": 16
                  }
                }
              ]
            },
            {
              "kind": "Method",
              "canonicalReference": "@spartacus/smartedit_core!SmartEditService#addPageContract:member(1)",
              "docComment": "/**\n * add CSS classes in a body tag\n */\n",
              "excerptTokens": [
                {
                  "kind": "Content",
                  "text": "protected addPageContract(cmsPage: "
                },
                {
                  "kind": "Reference",
                  "text": "Page",
                  "canonicalReference": "@spartacus/smartedit_core!Page:interface"
                },
                {
                  "kind": "Content",
                  "text": "): "
                },
                {
                  "kind": "Content",
                  "text": "void"
                },
                {
                  "kind": "Content",
                  "text": ";"
                }
              ],
              "isOptional": false,
              "isStatic": false,
              "returnTypeTokenRange": {
                "startIndex": 3,
                "endIndex": 4
              },
              "releaseTag": "Public",
              "overloadIndex": 1,
              "parameters": [
                {
                  "parameterName": "cmsPage",
                  "parameterTypeTokenRange": {
                    "startIndex": 1,
                    "endIndex": 2
                  }
                }
              ],
              "name": "addPageContract"
            },
            {
              "kind": "Method",
              "canonicalReference": "@spartacus/smartedit_core!SmartEditService#addSmartEditContract:member(1)",
              "docComment": "/**\n * add smartedit HTML markup contract\n */\n",
              "excerptTokens": [
                {
                  "kind": "Content",
                  "text": "addSmartEditContract(element: "
                },
                {
                  "kind": "Reference",
                  "text": "Element",
                  "canonicalReference": "!Element:interface"
                },
                {
                  "kind": "Content",
                  "text": ", renderer: "
                },
                {
                  "kind": "Reference",
                  "text": "Renderer2",
                  "canonicalReference": "@angular/core!Renderer2:class"
                },
                {
                  "kind": "Content",
                  "text": ", properties: "
                },
                {
                  "kind": "Content",
                  "text": "any"
                },
                {
                  "kind": "Content",
                  "text": "): "
                },
                {
                  "kind": "Content",
                  "text": "void"
                },
                {
                  "kind": "Content",
                  "text": ";"
                }
              ],
              "isOptional": false,
              "isStatic": false,
              "returnTypeTokenRange": {
                "startIndex": 7,
                "endIndex": 8
              },
              "releaseTag": "Public",
              "overloadIndex": 1,
              "parameters": [
                {
                  "parameterName": "element",
                  "parameterTypeTokenRange": {
                    "startIndex": 1,
                    "endIndex": 2
                  }
                },
                {
                  "parameterName": "renderer",
                  "parameterTypeTokenRange": {
                    "startIndex": 3,
                    "endIndex": 4
                  }
                },
                {
                  "parameterName": "properties",
                  "parameterTypeTokenRange": {
                    "startIndex": 5,
                    "endIndex": 6
                  }
                }
              ],
              "name": "addSmartEditContract"
            },
            {
              "kind": "Property",
              "canonicalReference": "@spartacus/smartedit_core!SmartEditService#baseSiteService:member",
              "docComment": "",
              "excerptTokens": [
                {
                  "kind": "Content",
                  "text": "protected baseSiteService: "
                },
                {
                  "kind": "Reference",
                  "text": "BaseSiteService",
                  "canonicalReference": "@spartacus/smartedit_core!BaseSiteService:class"
                },
                {
                  "kind": "Content",
                  "text": ";"
                }
              ],
              "isOptional": false,
              "releaseTag": "Public",
              "name": "baseSiteService",
              "propertyTypeTokenRange": {
                "startIndex": 1,
                "endIndex": 2
              },
              "isStatic": false
            },
            {
              "kind": "Property",
              "canonicalReference": "@spartacus/smartedit_core!SmartEditService#cmsService:member",
              "docComment": "",
              "excerptTokens": [
                {
                  "kind": "Content",
                  "text": "protected cmsService: "
                },
                {
                  "kind": "Reference",
                  "text": "CmsService",
                  "canonicalReference": "@spartacus/smartedit_core!CmsService:class"
                },
                {
                  "kind": "Content",
                  "text": ";"
                }
              ],
              "isOptional": false,
              "releaseTag": "Public",
              "name": "cmsService",
              "propertyTypeTokenRange": {
                "startIndex": 1,
                "endIndex": 2
              },
              "isStatic": false
            },
            {
              "kind": "Property",
              "canonicalReference": "@spartacus/smartedit_core!SmartEditService#config:member",
              "docComment": "",
              "excerptTokens": [
                {
                  "kind": "Content",
                  "text": "protected config: "
                },
                {
                  "kind": "Reference",
                  "text": "SmartEditConfig",
                  "canonicalReference": "@spartacus/smartedit_core!SmartEditConfig:class"
                },
                {
                  "kind": "Content",
                  "text": ";"
                }
              ],
              "isOptional": false,
              "releaseTag": "Public",
              "name": "config",
              "propertyTypeTokenRange": {
                "startIndex": 1,
                "endIndex": 2
              },
              "isStatic": false
            },
            {
              "kind": "Method",
              "canonicalReference": "@spartacus/smartedit_core!SmartEditService#goToPreviewPage:member(1)",
              "docComment": "/**\n * go to the default preview page\n */\n",
              "excerptTokens": [
                {
                  "kind": "Content",
                  "text": "protected goToPreviewPage(cmsPage: "
                },
                {
                  "kind": "Reference",
                  "text": "Page",
                  "canonicalReference": "@spartacus/smartedit_core!Page:interface"
                },
                {
                  "kind": "Content",
                  "text": "): "
                },
                {
                  "kind": "Content",
                  "text": "void"
                },
                {
                  "kind": "Content",
                  "text": ";"
                }
              ],
              "isOptional": false,
              "isStatic": false,
              "returnTypeTokenRange": {
                "startIndex": 3,
                "endIndex": 4
              },
              "releaseTag": "Public",
              "overloadIndex": 1,
              "parameters": [
                {
                  "parameterName": "cmsPage",
                  "parameterTypeTokenRange": {
                    "startIndex": 1,
                    "endIndex": 2
                  }
                }
              ],
              "name": "goToPreviewPage"
            },
            {
              "kind": "Method",
              "canonicalReference": "@spartacus/smartedit_core!SmartEditService#loadScript:member(1)",
              "docComment": "/**\n * load webApplicationInjector.js\n */\n",
              "excerptTokens": [
                {
                  "kind": "Content",
                  "text": "protected loadScript(): "
                },
                {
                  "kind": "Content",
                  "text": "void"
                },
                {
                  "kind": "Content",
                  "text": ";"
                }
              ],
              "isOptional": false,
              "isStatic": false,
              "returnTypeTokenRange": {
                "startIndex": 1,
                "endIndex": 2
              },
              "releaseTag": "Public",
              "overloadIndex": 1,
              "parameters": [],
              "name": "loadScript"
            },
            {
              "kind": "Property",
              "canonicalReference": "@spartacus/smartedit_core!SmartEditService.ɵfac:member",
              "docComment": "",
              "excerptTokens": [
                {
                  "kind": "Content",
                  "text": "static ɵfac: "
                },
                {
                  "kind": "Content",
                  "text": "i0."
                },
                {
                  "kind": "Reference",
                  "text": "ɵɵFactoryDeclaration",
                  "canonicalReference": "@angular/core!ɵɵFactoryDeclaration:type"
                },
                {
                  "kind": "Content",
                  "text": "<"
                },
                {
                  "kind": "Reference",
                  "text": "SmartEditService",
                  "canonicalReference": "@spartacus/smartedit_core!SmartEditService:class"
                },
                {
                  "kind": "Content",
                  "text": ", never>"
                },
                {
                  "kind": "Content",
                  "text": ";"
                }
              ],
              "isOptional": false,
              "releaseTag": "Public",
              "name": "ɵfac",
              "propertyTypeTokenRange": {
                "startIndex": 1,
                "endIndex": 6
              },
              "isStatic": true
            },
            {
              "kind": "Property",
              "canonicalReference": "@spartacus/smartedit_core!SmartEditService.ɵprov:member",
              "docComment": "",
              "excerptTokens": [
                {
                  "kind": "Content",
                  "text": "static ɵprov: "
                },
                {
                  "kind": "Content",
                  "text": "i0."
                },
                {
                  "kind": "Reference",
                  "text": "ɵɵInjectableDeclaration",
                  "canonicalReference": "@angular/core!ɵɵInjectableDeclaration:interface"
                },
                {
                  "kind": "Content",
                  "text": "<"
                },
                {
                  "kind": "Reference",
                  "text": "SmartEditService",
                  "canonicalReference": "@spartacus/smartedit_core!SmartEditService:class"
                },
                {
                  "kind": "Content",
                  "text": ">"
                },
                {
                  "kind": "Content",
                  "text": ";"
                }
              ],
              "isOptional": false,
              "releaseTag": "Public",
              "name": "ɵprov",
              "propertyTypeTokenRange": {
                "startIndex": 1,
                "endIndex": 6
              },
              "isStatic": true
            },
            {
              "kind": "Method",
              "canonicalReference": "@spartacus/smartedit_core!SmartEditService#processCmsPage:member(1)",
              "docComment": "",
              "excerptTokens": [
                {
                  "kind": "Content",
                  "text": "processCmsPage(): "
                },
                {
                  "kind": "Content",
                  "text": "void"
                },
                {
                  "kind": "Content",
                  "text": ";"
                }
              ],
              "isOptional": false,
              "isStatic": false,
              "returnTypeTokenRange": {
                "startIndex": 1,
                "endIndex": 2
              },
              "releaseTag": "Public",
              "overloadIndex": 1,
              "parameters": [],
              "name": "processCmsPage"
            },
            {
              "kind": "Method",
              "canonicalReference": "@spartacus/smartedit_core!SmartEditService#renderComponent:member(1)",
              "docComment": "/**\n * re-render CMS components and slots\n */\n",
              "excerptTokens": [
                {
                  "kind": "Content",
                  "text": "protected renderComponent(componentId: "
                },
                {
                  "kind": "Content",
                  "text": "string"
                },
                {
                  "kind": "Content",
                  "text": ", componentType?: "
                },
                {
                  "kind": "Content",
                  "text": "string"
                },
                {
                  "kind": "Content",
                  "text": ", parentId?: "
                },
                {
                  "kind": "Content",
                  "text": "string"
                },
                {
                  "kind": "Content",
                  "text": "): "
                },
                {
                  "kind": "Content",
                  "text": "boolean"
                },
                {
                  "kind": "Content",
                  "text": ";"
                }
              ],
              "isOptional": false,
              "isStatic": false,
              "returnTypeTokenRange": {
                "startIndex": 7,
                "endIndex": 8
              },
              "releaseTag": "Public",
              "overloadIndex": 1,
              "parameters": [
                {
                  "parameterName": "componentId",
                  "parameterTypeTokenRange": {
                    "startIndex": 1,
                    "endIndex": 2
                  }
                },
                {
                  "parameterName": "componentType",
                  "parameterTypeTokenRange": {
                    "startIndex": 3,
                    "endIndex": 4
                  }
                },
                {
                  "parameterName": "parentId",
                  "parameterTypeTokenRange": {
                    "startIndex": 5,
                    "endIndex": 6
                  }
                }
              ],
              "name": "renderComponent"
            },
            {
              "kind": "Property",
              "canonicalReference": "@spartacus/smartedit_core!SmartEditService#rendererFactory:member",
              "docComment": "",
              "excerptTokens": [
                {
                  "kind": "Content",
                  "text": "protected rendererFactory: "
                },
                {
                  "kind": "Reference",
                  "text": "RendererFactory2",
                  "canonicalReference": "@angular/core!RendererFactory2:class"
                },
                {
                  "kind": "Content",
                  "text": ";"
                }
              ],
              "isOptional": false,
              "releaseTag": "Public",
              "name": "rendererFactory",
              "propertyTypeTokenRange": {
                "startIndex": 1,
                "endIndex": 2
              },
              "isStatic": false
            },
            {
              "kind": "Method",
              "canonicalReference": "@spartacus/smartedit_core!SmartEditService#reprocessPage:member(1)",
              "docComment": "",
              "excerptTokens": [
                {
                  "kind": "Content",
                  "text": "protected reprocessPage(): "
                },
                {
                  "kind": "Content",
                  "text": "void"
                },
                {
                  "kind": "Content",
                  "text": ";"
                }
              ],
              "isOptional": false,
              "isStatic": false,
              "returnTypeTokenRange": {
                "startIndex": 1,
                "endIndex": 2
              },
              "releaseTag": "Public",
              "overloadIndex": 1,
              "parameters": [],
              "name": "reprocessPage"
            },
            {
              "kind": "Property",
              "canonicalReference": "@spartacus/smartedit_core!SmartEditService#routingService:member",
              "docComment": "",
              "excerptTokens": [
                {
                  "kind": "Content",
                  "text": "protected routingService: "
                },
                {
                  "kind": "Reference",
                  "text": "RoutingService",
                  "canonicalReference": "@spartacus/smartedit_core!RoutingService:class"
                },
                {
                  "kind": "Content",
                  "text": ";"
                }
              ],
              "isOptional": false,
              "releaseTag": "Public",
              "name": "routingService",
              "propertyTypeTokenRange": {
                "startIndex": 1,
                "endIndex": 2
              },
              "isStatic": false
            },
            {
              "kind": "Property",
              "canonicalReference": "@spartacus/smartedit_core!SmartEditService#scriptLoader:member",
              "docComment": "",
              "excerptTokens": [
                {
                  "kind": "Content",
                  "text": "protected scriptLoader: "
                },
                {
                  "kind": "Reference",
                  "text": "ScriptLoader",
                  "canonicalReference": "@spartacus/smartedit_core!ScriptLoader:class"
                },
                {
                  "kind": "Content",
                  "text": ";"
                }
              ],
              "isOptional": false,
              "releaseTag": "Public",
              "name": "scriptLoader",
              "propertyTypeTokenRange": {
                "startIndex": 1,
                "endIndex": 2
              },
              "isStatic": false
            },
            {
              "kind": "Property",
              "canonicalReference": "@spartacus/smartedit_core!SmartEditService#winRef:member",
              "docComment": "",
              "excerptTokens": [
                {
                  "kind": "Content",
                  "text": "protected winRef: "
                },
                {
                  "kind": "Reference",
                  "text": "WindowRef",
                  "canonicalReference": "@spartacus/smartedit_core!WindowRef:class"
                },
                {
                  "kind": "Content",
                  "text": ";"
                }
              ],
              "isOptional": false,
              "releaseTag": "Public",
              "name": "winRef",
              "propertyTypeTokenRange": {
                "startIndex": 1,
                "endIndex": 2
              },
              "isStatic": false
            },
            {
              "kind": "Property",
              "canonicalReference": "@spartacus/smartedit_core!SmartEditService#zone:member",
              "docComment": "",
              "excerptTokens": [
                {
                  "kind": "Content",
                  "text": "protected zone: "
                },
                {
                  "kind": "Reference",
                  "text": "NgZone",
                  "canonicalReference": "@angular/core!NgZone:class"
                },
                {
                  "kind": "Content",
                  "text": ";"
                }
              ],
              "isOptional": false,
              "releaseTag": "Public",
              "name": "zone",
              "propertyTypeTokenRange": {
                "startIndex": 1,
                "endIndex": 2
              },
              "isStatic": false
            }
          ],
          "implementsTokenRanges": []
        }
      ]
    }
  ]
}
