{
  "metadata": {
    "toolPackage": "@microsoft/api-extractor",
    "toolVersion": "7.19.4",
    "schemaVersion": 1004,
    "oldestForwardsCompatibleVersion": 1001,
    "tsdocConfig": {
      "$schema": "https://developer.microsoft.com/json-schemas/tsdoc/v0/tsdoc.schema.json",
      "noStandardTags": true,
      "tagDefinitions": [
        {
          "tagName": "@alpha",
          "syntaxKind": "modifier"
        },
        {
          "tagName": "@beta",
          "syntaxKind": "modifier"
        },
        {
          "tagName": "@defaultValue",
          "syntaxKind": "block"
        },
        {
          "tagName": "@decorator",
          "syntaxKind": "block",
          "allowMultiple": true
        },
        {
          "tagName": "@deprecated",
          "syntaxKind": "block"
        },
        {
          "tagName": "@eventProperty",
          "syntaxKind": "modifier"
        },
        {
          "tagName": "@example",
          "syntaxKind": "block",
          "allowMultiple": true
        },
        {
          "tagName": "@experimental",
          "syntaxKind": "modifier"
        },
        {
          "tagName": "@inheritDoc",
          "syntaxKind": "inline"
        },
        {
          "tagName": "@internal",
          "syntaxKind": "modifier"
        },
        {
          "tagName": "@label",
          "syntaxKind": "inline"
        },
        {
          "tagName": "@link",
          "syntaxKind": "inline",
          "allowMultiple": true
        },
        {
          "tagName": "@override",
          "syntaxKind": "modifier"
        },
        {
          "tagName": "@packageDocumentation",
          "syntaxKind": "modifier"
        },
        {
          "tagName": "@param",
          "syntaxKind": "block",
          "allowMultiple": true
        },
        {
          "tagName": "@privateRemarks",
          "syntaxKind": "block"
        },
        {
          "tagName": "@public",
          "syntaxKind": "modifier"
        },
        {
          "tagName": "@readonly",
          "syntaxKind": "modifier"
        },
        {
          "tagName": "@remarks",
          "syntaxKind": "block"
        },
        {
          "tagName": "@returns",
          "syntaxKind": "block"
        },
        {
          "tagName": "@sealed",
          "syntaxKind": "modifier"
        },
        {
          "tagName": "@see",
          "syntaxKind": "block"
        },
        {
          "tagName": "@throws",
          "syntaxKind": "block",
          "allowMultiple": true
        },
        {
          "tagName": "@typeParam",
          "syntaxKind": "block",
          "allowMultiple": true
        },
        {
          "tagName": "@virtual",
          "syntaxKind": "modifier"
        },
        {
          "tagName": "@betaDocumentation",
          "syntaxKind": "modifier"
        },
        {
          "tagName": "@internalRemarks",
          "syntaxKind": "block"
        },
        {
          "tagName": "@preapproved",
          "syntaxKind": "modifier"
        }
      ],
      "supportForTags": {
        "@alpha": true,
        "@beta": true,
        "@defaultValue": true,
        "@decorator": true,
        "@deprecated": true,
        "@eventProperty": true,
        "@example": true,
        "@experimental": true,
        "@inheritDoc": true,
        "@internal": true,
        "@label": true,
        "@link": true,
        "@override": true,
        "@packageDocumentation": true,
        "@param": true,
        "@privateRemarks": true,
        "@public": true,
        "@readonly": true,
        "@remarks": true,
        "@returns": true,
        "@sealed": true,
        "@see": true,
        "@throws": true,
        "@typeParam": true,
        "@virtual": true,
        "@betaDocumentation": true,
        "@internalRemarks": true,
        "@preapproved": true
      }
    }
  },
  "kind": "Package",
  "canonicalReference": "@spartacus/tracking_tms_core!",
  "docComment": "",
  "name": "@spartacus/tracking_tms_core",
  "members": [
    {
      "kind": "EntryPoint",
      "canonicalReference": "@spartacus/tracking_tms_core!",
      "name": "",
      "members": [
        {
          "kind": "Class",
          "canonicalReference": "@spartacus/tracking_tms_core!BaseTmsModule:class",
          "docComment": "",
          "excerptTokens": [
            {
              "kind": "Content",
              "text": "export declare class BaseTmsModule "
            }
          ],
          "releaseTag": "Public",
          "name": "BaseTmsModule",
          "members": [
            {
              "kind": "Method",
              "canonicalReference": "@spartacus/tracking_tms_core!BaseTmsModule.forRoot:member(1)",
              "docComment": "",
              "excerptTokens": [
                {
                  "kind": "Content",
                  "text": "static forRoot(): "
                },
                {
                  "kind": "Reference",
                  "text": "ModuleWithProviders",
                  "canonicalReference": "@angular/core!ModuleWithProviders:interface"
                },
                {
                  "kind": "Content",
                  "text": "<"
                },
                {
                  "kind": "Reference",
                  "text": "BaseTmsModule",
                  "canonicalReference": "@spartacus/tracking_tms_core!BaseTmsModule:class"
                },
                {
                  "kind": "Content",
                  "text": ">"
                },
                {
                  "kind": "Content",
                  "text": ";"
                }
              ],
              "isOptional": false,
              "isStatic": true,
              "returnTypeTokenRange": {
                "startIndex": 1,
                "endIndex": 5
              },
              "releaseTag": "Public",
              "overloadIndex": 1,
              "parameters": [],
              "name": "forRoot"
            },
            {
              "kind": "Property",
              "canonicalReference": "@spartacus/tracking_tms_core!BaseTmsModule.ɵfac:member",
              "docComment": "",
              "excerptTokens": [
                {
                  "kind": "Content",
                  "text": "static ɵfac: "
                },
                {
                  "kind": "Content",
                  "text": "i0."
                },
                {
                  "kind": "Reference",
                  "text": "ɵɵFactoryDeclaration",
                  "canonicalReference": "@angular/core!ɵɵFactoryDeclaration:type"
                },
                {
                  "kind": "Content",
                  "text": "<"
                },
                {
                  "kind": "Reference",
                  "text": "BaseTmsModule",
                  "canonicalReference": "@spartacus/tracking_tms_core!BaseTmsModule:class"
                },
                {
                  "kind": "Content",
                  "text": ", never>"
                },
                {
                  "kind": "Content",
                  "text": ";"
                }
              ],
              "isOptional": false,
              "releaseTag": "Public",
              "name": "ɵfac",
              "propertyTypeTokenRange": {
                "startIndex": 1,
                "endIndex": 6
              },
              "isStatic": true
            },
            {
              "kind": "Property",
              "canonicalReference": "@spartacus/tracking_tms_core!BaseTmsModule.ɵinj:member",
              "docComment": "",
              "excerptTokens": [
                {
                  "kind": "Content",
                  "text": "static ɵinj: "
                },
                {
                  "kind": "Content",
                  "text": "i0."
                },
                {
                  "kind": "Reference",
                  "text": "ɵɵInjectorDeclaration",
                  "canonicalReference": "@angular/core!ɵɵInjectorDeclaration:type"
                },
                {
                  "kind": "Content",
                  "text": "<"
                },
                {
                  "kind": "Reference",
                  "text": "BaseTmsModule",
                  "canonicalReference": "@spartacus/tracking_tms_core!BaseTmsModule:class"
                },
                {
                  "kind": "Content",
                  "text": ">"
                },
                {
                  "kind": "Content",
                  "text": ";"
                }
              ],
              "isOptional": false,
              "releaseTag": "Public",
              "name": "ɵinj",
              "propertyTypeTokenRange": {
                "startIndex": 1,
                "endIndex": 6
              },
              "isStatic": true
            },
            {
              "kind": "Property",
              "canonicalReference": "@spartacus/tracking_tms_core!BaseTmsModule.ɵmod:member",
              "docComment": "",
              "excerptTokens": [
                {
                  "kind": "Content",
                  "text": "static ɵmod: "
                },
                {
                  "kind": "Content",
                  "text": "i0."
                },
                {
                  "kind": "Reference",
                  "text": "ɵɵNgModuleDeclaration",
                  "canonicalReference": "@angular/core!ɵɵNgModuleDeclaration:type"
                },
                {
                  "kind": "Content",
                  "text": "<"
                },
                {
                  "kind": "Reference",
                  "text": "BaseTmsModule",
                  "canonicalReference": "@spartacus/tracking_tms_core!BaseTmsModule:class"
                },
                {
                  "kind": "Content",
                  "text": ", never, never, never>"
                },
                {
                  "kind": "Content",
                  "text": ";"
                }
              ],
              "isOptional": false,
              "releaseTag": "Public",
              "name": "ɵmod",
              "propertyTypeTokenRange": {
                "startIndex": 1,
                "endIndex": 6
              },
              "isStatic": true
            }
          ],
          "implementsTokenRanges": []
        },
        {
          "kind": "Interface",
          "canonicalReference": "@spartacus/tracking_tms_core!TmsCollector:interface",
          "docComment": "/**\n * Interface that a class can implement in order to be recognized as a TMS collector.\n */\n",
          "excerptTokens": [
            {
              "kind": "Content",
              "text": "export interface TmsCollector "
            }
          ],
          "releaseTag": "Public",
          "name": "TmsCollector",
          "members": [
            {
              "kind": "MethodSignature",
              "canonicalReference": "@spartacus/tracking_tms_core!TmsCollector#init:member(1)",
              "docComment": "/**\n * Initializes the data layer.\n */\n",
              "excerptTokens": [
                {
                  "kind": "Content",
                  "text": "init(config: "
                },
                {
                  "kind": "Reference",
                  "text": "TmsCollectorConfig",
                  "canonicalReference": "@spartacus/tracking_tms_core!TmsCollectorConfig:interface"
                },
                {
                  "kind": "Content",
                  "text": ", windowObject: "
                },
                {
                  "kind": "Reference",
                  "text": "WindowObject",
                  "canonicalReference": "@spartacus/tracking_tms_core!WindowObject:interface"
                },
                {
                  "kind": "Content",
                  "text": "): "
                },
                {
                  "kind": "Content",
                  "text": "void"
                },
                {
                  "kind": "Content",
                  "text": ";"
                }
              ],
              "isOptional": false,
              "returnTypeTokenRange": {
                "startIndex": 5,
                "endIndex": 6
              },
              "releaseTag": "Public",
              "overloadIndex": 1,
              "parameters": [
                {
                  "parameterName": "config",
                  "parameterTypeTokenRange": {
                    "startIndex": 1,
                    "endIndex": 2
                  }
                },
                {
                  "parameterName": "windowObject",
                  "parameterTypeTokenRange": {
                    "startIndex": 3,
                    "endIndex": 4
                  }
                }
              ],
              "name": "init"
            },
            {
              "kind": "MethodSignature",
              "canonicalReference": "@spartacus/tracking_tms_core!TmsCollector#map:member(1)",
              "docComment": "/**\n * Maps the Spartacus event to another object.\n */\n",
              "excerptTokens": [
                {
                  "kind": "Content",
                  "text": "map?<T extends "
                },
                {
                  "kind": "Reference",
                  "text": "CxEvent",
                  "canonicalReference": "@spartacus/tracking_tms_core!CxEvent:class"
                },
                {
                  "kind": "Content",
                  "text": ">(event: "
                },
                {
                  "kind": "Content",
                  "text": "T"
                },
                {
                  "kind": "Content",
                  "text": "): "
                },
                {
                  "kind": "Content",
                  "text": "T | object"
                },
                {
                  "kind": "Content",
                  "text": ";"
                }
              ],
              "isOptional": true,
              "returnTypeTokenRange": {
                "startIndex": 5,
                "endIndex": 6
              },
              "releaseTag": "Public",
              "overloadIndex": 1,
              "parameters": [
                {
                  "parameterName": "event",
                  "parameterTypeTokenRange": {
                    "startIndex": 3,
                    "endIndex": 4
                  }
                }
              ],
              "typeParameters": [
                {
                  "typeParameterName": "T",
                  "constraintTokenRange": {
                    "startIndex": 1,
                    "endIndex": 2
                  },
                  "defaultTypeTokenRange": {
                    "startIndex": 0,
                    "endIndex": 0
                  }
                }
              ],
              "name": "map"
            },
            {
              "kind": "MethodSignature",
              "canonicalReference": "@spartacus/tracking_tms_core!TmsCollector#pushEvent:member(1)",
              "docComment": "/**\n * Pushes the provided event to the data layer.\n */\n",
              "excerptTokens": [
                {
                  "kind": "Content",
                  "text": "pushEvent<T extends "
                },
                {
                  "kind": "Reference",
                  "text": "CxEvent",
                  "canonicalReference": "@spartacus/tracking_tms_core!CxEvent:class"
                },
                {
                  "kind": "Content",
                  "text": ">(config: "
                },
                {
                  "kind": "Reference",
                  "text": "TmsCollectorConfig",
                  "canonicalReference": "@spartacus/tracking_tms_core!TmsCollectorConfig:interface"
                },
                {
                  "kind": "Content",
                  "text": ", windowObject: "
                },
                {
                  "kind": "Reference",
                  "text": "WindowObject",
                  "canonicalReference": "@spartacus/tracking_tms_core!WindowObject:interface"
                },
                {
                  "kind": "Content",
                  "text": ", event: "
                },
                {
                  "kind": "Content",
                  "text": "T | any"
                },
                {
                  "kind": "Content",
                  "text": "): "
                },
                {
                  "kind": "Content",
                  "text": "void"
                },
                {
                  "kind": "Content",
                  "text": ";"
                }
              ],
              "isOptional": false,
              "returnTypeTokenRange": {
                "startIndex": 9,
                "endIndex": 10
              },
              "releaseTag": "Public",
              "overloadIndex": 1,
              "parameters": [
                {
                  "parameterName": "config",
                  "parameterTypeTokenRange": {
                    "startIndex": 3,
                    "endIndex": 4
                  }
                },
                {
                  "parameterName": "windowObject",
                  "parameterTypeTokenRange": {
                    "startIndex": 5,
                    "endIndex": 6
                  }
                },
                {
                  "parameterName": "event",
                  "parameterTypeTokenRange": {
                    "startIndex": 7,
                    "endIndex": 8
                  }
                }
              ],
              "typeParameters": [
                {
                  "typeParameterName": "T",
                  "constraintTokenRange": {
                    "startIndex": 1,
                    "endIndex": 2
                  },
                  "defaultTypeTokenRange": {
                    "startIndex": 0,
                    "endIndex": 0
                  }
                }
              ],
              "name": "pushEvent"
            }
          ],
          "extendsTokenRanges": []
        },
        {
          "kind": "Interface",
          "canonicalReference": "@spartacus/tracking_tms_core!TmsCollectorConfig:interface",
          "docComment": "/**\n * Collector configuration\n */\n",
          "excerptTokens": [
            {
              "kind": "Content",
              "text": "export interface TmsCollectorConfig "
            }
          ],
          "releaseTag": "Public",
          "name": "TmsCollectorConfig",
          "members": [
            {
              "kind": "PropertySignature",
              "canonicalReference": "@spartacus/tracking_tms_core!TmsCollectorConfig#collector:member",
              "docComment": "/**\n * The collector service implementation.\n */\n",
              "excerptTokens": [
                {
                  "kind": "Content",
                  "text": "collector?: "
                },
                {
                  "kind": "Reference",
                  "text": "Type",
                  "canonicalReference": "@angular/core!Type:interface"
                },
                {
                  "kind": "Content",
                  "text": "<"
                },
                {
                  "kind": "Reference",
                  "text": "TmsCollector",
                  "canonicalReference": "@spartacus/tracking_tms_core!TmsCollector:interface"
                },
                {
                  "kind": "Content",
                  "text": ">"
                },
                {
                  "kind": "Content",
                  "text": ";"
                }
              ],
              "isOptional": true,
              "releaseTag": "Public",
              "name": "collector",
              "propertyTypeTokenRange": {
                "startIndex": 1,
                "endIndex": 5
              }
            },
            {
              "kind": "PropertySignature",
              "canonicalReference": "@spartacus/tracking_tms_core!TmsCollectorConfig#dataLayerProperty:member",
              "docComment": "/**\n * The name for the data layer object.\n */\n",
              "excerptTokens": [
                {
                  "kind": "Content",
                  "text": "dataLayerProperty?: "
                },
                {
                  "kind": "Content",
                  "text": "string"
                },
                {
                  "kind": "Content",
                  "text": ";"
                }
              ],
              "isOptional": true,
              "releaseTag": "Public",
              "name": "dataLayerProperty",
              "propertyTypeTokenRange": {
                "startIndex": 1,
                "endIndex": 2
              }
            },
            {
              "kind": "PropertySignature",
              "canonicalReference": "@spartacus/tracking_tms_core!TmsCollectorConfig#debug:member",
              "docComment": "/**\n * Should be enabled in development mode only\n */\n",
              "excerptTokens": [
                {
                  "kind": "Content",
                  "text": "debug?: "
                },
                {
                  "kind": "Content",
                  "text": "boolean"
                },
                {
                  "kind": "Content",
                  "text": ";"
                }
              ],
              "isOptional": true,
              "releaseTag": "Public",
              "name": "debug",
              "propertyTypeTokenRange": {
                "startIndex": 1,
                "endIndex": 2
              }
            },
            {
              "kind": "PropertySignature",
              "canonicalReference": "@spartacus/tracking_tms_core!TmsCollectorConfig#events:member",
              "docComment": "/**\n * Events to send to the configured TMS.\n */\n",
              "excerptTokens": [
                {
                  "kind": "Content",
                  "text": "events?: "
                },
                {
                  "kind": "Reference",
                  "text": "AbstractType",
                  "canonicalReference": "@angular/core!AbstractType:interface"
                },
                {
                  "kind": "Content",
                  "text": "<"
                },
                {
                  "kind": "Reference",
                  "text": "CxEvent",
                  "canonicalReference": "@spartacus/tracking_tms_core!CxEvent:class"
                },
                {
                  "kind": "Content",
                  "text": ">[]"
                },
                {
                  "kind": "Content",
                  "text": ";"
                }
              ],
              "isOptional": true,
              "releaseTag": "Public",
              "name": "events",
              "propertyTypeTokenRange": {
                "startIndex": 1,
                "endIndex": 5
              }
            }
          ],
          "extendsTokenRanges": []
        },
        {
          "kind": "Interface",
          "canonicalReference": "@spartacus/tracking_tms_core!TmsCollectors:interface",
          "docComment": "",
          "excerptTokens": [
            {
              "kind": "Content",
              "text": "export interface TmsCollectors "
            }
          ],
          "releaseTag": "Public",
          "name": "TmsCollectors",
          "members": [
            {
              "kind": "IndexSignature",
              "canonicalReference": "@spartacus/tracking_tms_core!TmsCollectors:index(1)",
              "docComment": "",
              "excerptTokens": [
                {
                  "kind": "Content",
                  "text": "[tms: "
                },
                {
                  "kind": "Content",
                  "text": "string"
                },
                {
                  "kind": "Content",
                  "text": "]: "
                },
                {
                  "kind": "Reference",
                  "text": "TmsCollectorConfig",
                  "canonicalReference": "@spartacus/tracking_tms_core!TmsCollectorConfig:interface"
                },
                {
                  "kind": "Content",
                  "text": " | undefined"
                },
                {
                  "kind": "Content",
                  "text": ";"
                }
              ],
              "returnTypeTokenRange": {
                "startIndex": 3,
                "endIndex": 5
              },
              "releaseTag": "Public",
              "overloadIndex": 1,
              "parameters": [
                {
                  "parameterName": "tms",
                  "parameterTypeTokenRange": {
                    "startIndex": 1,
                    "endIndex": 2
                  }
                }
              ]
            }
          ],
          "extendsTokenRanges": []
        },
        {
          "kind": "Class",
          "canonicalReference": "@spartacus/tracking_tms_core!TmsConfig:class",
          "docComment": "/**\n * TMS configuration\n */\n",
          "excerptTokens": [
            {
              "kind": "Content",
              "text": "export declare abstract class TmsConfig "
            }
          ],
          "releaseTag": "Public",
          "name": "TmsConfig",
          "members": [
            {
              "kind": "Property",
              "canonicalReference": "@spartacus/tracking_tms_core!TmsConfig.ɵfac:member",
              "docComment": "",
              "excerptTokens": [
                {
                  "kind": "Content",
                  "text": "static ɵfac: "
                },
                {
                  "kind": "Content",
                  "text": "i0."
                },
                {
                  "kind": "Reference",
                  "text": "ɵɵFactoryDeclaration",
                  "canonicalReference": "@angular/core!ɵɵFactoryDeclaration:type"
                },
                {
                  "kind": "Content",
                  "text": "<"
                },
                {
                  "kind": "Reference",
                  "text": "TmsConfig",
                  "canonicalReference": "@spartacus/tracking_tms_core!TmsConfig:class"
                },
                {
                  "kind": "Content",
                  "text": ", never>"
                },
                {
                  "kind": "Content",
                  "text": ";"
                }
              ],
              "isOptional": false,
              "releaseTag": "Public",
              "name": "ɵfac",
              "propertyTypeTokenRange": {
                "startIndex": 1,
                "endIndex": 6
              },
              "isStatic": true
            },
            {
              "kind": "Property",
              "canonicalReference": "@spartacus/tracking_tms_core!TmsConfig.ɵprov:member",
              "docComment": "",
              "excerptTokens": [
                {
                  "kind": "Content",
                  "text": "static ɵprov: "
                },
                {
                  "kind": "Content",
                  "text": "i0."
                },
                {
                  "kind": "Reference",
                  "text": "ɵɵInjectableDeclaration",
                  "canonicalReference": "@angular/core!ɵɵInjectableDeclaration:interface"
                },
                {
                  "kind": "Content",
                  "text": "<"
                },
                {
                  "kind": "Reference",
                  "text": "TmsConfig",
                  "canonicalReference": "@spartacus/tracking_tms_core!TmsConfig:class"
                },
                {
                  "kind": "Content",
                  "text": ">"
                },
                {
                  "kind": "Content",
                  "text": ";"
                }
              ],
              "isOptional": false,
              "releaseTag": "Public",
              "name": "ɵprov",
              "propertyTypeTokenRange": {
                "startIndex": 1,
                "endIndex": 6
              },
              "isStatic": true
            },
            {
              "kind": "Property",
              "canonicalReference": "@spartacus/tracking_tms_core!TmsConfig#tagManager:member",
              "docComment": "/**\n * Tag manager config\n */\n",
              "excerptTokens": [
                {
                  "kind": "Content",
                  "text": "tagManager?: "
                },
                {
                  "kind": "Reference",
                  "text": "TmsCollectors",
                  "canonicalReference": "@spartacus/tracking_tms_core!TmsCollectors:interface"
                },
                {
                  "kind": "Content",
                  "text": ";"
                }
              ],
              "isOptional": true,
              "releaseTag": "Public",
              "name": "tagManager",
              "propertyTypeTokenRange": {
                "startIndex": 1,
                "endIndex": 2
              },
              "isStatic": false
            }
          ],
          "implementsTokenRanges": []
        },
        {
          "kind": "Function",
          "canonicalReference": "@spartacus/tracking_tms_core!tmsFactory:function(1)",
          "docComment": "/**\n * The factory that conditionally (based on the configuration) starts collecting events\n */\n",
          "excerptTokens": [
            {
              "kind": "Content",
              "text": "export declare function tmsFactory(service: "
            },
            {
              "kind": "Reference",
              "text": "TmsService",
              "canonicalReference": "@spartacus/tracking_tms_core!TmsService:class"
            },
            {
              "kind": "Content",
              "text": "): "
            },
            {
              "kind": "Content",
              "text": "() => void"
            },
            {
              "kind": "Content",
              "text": ";"
            }
          ],
          "returnTypeTokenRange": {
            "startIndex": 3,
            "endIndex": 4
          },
          "releaseTag": "Public",
          "overloadIndex": 1,
          "parameters": [
            {
              "parameterName": "service",
              "parameterTypeTokenRange": {
                "startIndex": 1,
                "endIndex": 2
              }
            }
          ],
          "name": "tmsFactory"
        },
        {
          "kind": "Class",
          "canonicalReference": "@spartacus/tracking_tms_core!TmsService:class",
          "docComment": "/**\n * This service interacts with the configured data layer object by pushing the Spartacus events to it.\n */\n",
          "excerptTokens": [
            {
              "kind": "Content",
              "text": "export declare class TmsService implements "
            },
            {
              "kind": "Reference",
              "text": "OnDestroy",
              "canonicalReference": "@angular/core!OnDestroy:interface"
            },
            {
              "kind": "Content",
              "text": " "
            }
          ],
          "releaseTag": "Public",
          "name": "TmsService",
          "members": [
            {
              "kind": "Constructor",
              "canonicalReference": "@spartacus/tracking_tms_core!TmsService:constructor(1)",
              "docComment": "/**\n * Constructs a new instance of the `TmsService` class\n */\n",
              "excerptTokens": [
                {
                  "kind": "Content",
                  "text": "constructor(eventsService: "
                },
                {
                  "kind": "Reference",
                  "text": "EventService",
                  "canonicalReference": "@spartacus/tracking_tms_core!EventService:class"
                },
                {
                  "kind": "Content",
                  "text": ", windowRef: "
                },
                {
                  "kind": "Reference",
                  "text": "WindowRef",
                  "canonicalReference": "@spartacus/tracking_tms_core!WindowRef:class"
                },
                {
                  "kind": "Content",
                  "text": ", tmsConfig: "
                },
                {
                  "kind": "Reference",
                  "text": "TmsConfig",
                  "canonicalReference": "@spartacus/tracking_tms_core!TmsConfig:class"
                },
                {
                  "kind": "Content",
                  "text": ", injector: "
                },
                {
                  "kind": "Reference",
                  "text": "Injector",
                  "canonicalReference": "@angular/core!Injector:class"
                },
                {
                  "kind": "Content",
                  "text": ");"
                }
              ],
              "releaseTag": "Public",
              "overloadIndex": 1,
              "parameters": [
                {
                  "parameterName": "eventsService",
                  "parameterTypeTokenRange": {
                    "startIndex": 1,
                    "endIndex": 2
                  }
                },
                {
                  "parameterName": "windowRef",
                  "parameterTypeTokenRange": {
                    "startIndex": 3,
                    "endIndex": 4
                  }
                },
                {
                  "parameterName": "tmsConfig",
                  "parameterTypeTokenRange": {
                    "startIndex": 5,
                    "endIndex": 6
                  }
                },
                {
                  "parameterName": "injector",
                  "parameterTypeTokenRange": {
                    "startIndex": 7,
                    "endIndex": 8
                  }
                }
              ]
            },
            {
              "kind": "Method",
              "canonicalReference": "@spartacus/tracking_tms_core!TmsService#collect:member(1)",
              "docComment": "/**\n * Called only once to start collecting and dispatching events\n */\n",
              "excerptTokens": [
                {
                  "kind": "Content",
                  "text": "collect(): "
                },
                {
                  "kind": "Content",
                  "text": "void"
                },
                {
                  "kind": "Content",
                  "text": ";"
                }
              ],
              "isOptional": false,
              "isStatic": false,
              "returnTypeTokenRange": {
                "startIndex": 1,
                "endIndex": 2
              },
              "releaseTag": "Public",
              "overloadIndex": 1,
              "parameters": [],
              "name": "collect"
            },
            {
              "kind": "Property",
              "canonicalReference": "@spartacus/tracking_tms_core!TmsService#eventsService:member",
              "docComment": "",
              "excerptTokens": [
                {
                  "kind": "Content",
                  "text": "protected eventsService: "
                },
                {
                  "kind": "Reference",
                  "text": "EventService",
                  "canonicalReference": "@spartacus/tracking_tms_core!EventService:class"
                },
                {
                  "kind": "Content",
                  "text": ";"
                }
              ],
              "isOptional": false,
              "releaseTag": "Public",
              "name": "eventsService",
              "propertyTypeTokenRange": {
                "startIndex": 1,
                "endIndex": 2
              },
              "isStatic": false
            },
            {
              "kind": "Property",
              "canonicalReference": "@spartacus/tracking_tms_core!TmsService#injector:member",
              "docComment": "",
              "excerptTokens": [
                {
                  "kind": "Content",
                  "text": "protected injector: "
                },
                {
                  "kind": "Reference",
                  "text": "Injector",
                  "canonicalReference": "@angular/core!Injector:class"
                },
                {
                  "kind": "Content",
                  "text": ";"
                }
              ],
              "isOptional": false,
              "releaseTag": "Public",
              "name": "injector",
              "propertyTypeTokenRange": {
                "startIndex": 1,
                "endIndex": 2
              },
              "isStatic": false
            },
            {
              "kind": "Method",
              "canonicalReference": "@spartacus/tracking_tms_core!TmsService#mapEvents:member(1)",
              "docComment": "/**\n * Maps the given events to an appropriate type that fits the specified TMS' structure.\n *\n * @param events - the events to map\n *\n * @param collector - a name of the collector for which the events should be mapped\n */\n",
              "excerptTokens": [
                {
                  "kind": "Content",
                  "text": "protected mapEvents<T extends "
                },
                {
                  "kind": "Reference",
                  "text": "CxEvent",
                  "canonicalReference": "@spartacus/tracking_tms_core!CxEvent:class"
                },
                {
                  "kind": "Content",
                  "text": ">(events: "
                },
                {
                  "kind": "Reference",
                  "text": "Observable",
                  "canonicalReference": "rxjs!Observable:class"
                },
                {
                  "kind": "Content",
                  "text": "<T>[]"
                },
                {
                  "kind": "Content",
                  "text": "): "
                },
                {
                  "kind": "Reference",
                  "text": "Observable",
                  "canonicalReference": "rxjs!Observable:class"
                },
                {
                  "kind": "Content",
                  "text": "<T>"
                },
                {
                  "kind": "Content",
                  "text": ";"
                }
              ],
              "isOptional": false,
              "isStatic": false,
              "returnTypeTokenRange": {
                "startIndex": 6,
                "endIndex": 8
              },
              "releaseTag": "Public",
              "overloadIndex": 1,
              "parameters": [
                {
                  "parameterName": "events",
                  "parameterTypeTokenRange": {
                    "startIndex": 3,
                    "endIndex": 5
                  }
                }
              ],
              "typeParameters": [
                {
                  "typeParameterName": "T",
                  "constraintTokenRange": {
                    "startIndex": 1,
                    "endIndex": 2
                  },
                  "defaultTypeTokenRange": {
                    "startIndex": 0,
                    "endIndex": 0
                  }
                }
              ],
              "name": "mapEvents"
            },
            {
              "kind": "Method",
              "canonicalReference": "@spartacus/tracking_tms_core!TmsService#ngOnDestroy:member(1)",
              "docComment": "/**\n * Angular's callback\n */\n",
              "excerptTokens": [
                {
                  "kind": "Content",
                  "text": "ngOnDestroy(): "
                },
                {
                  "kind": "Content",
                  "text": "void"
                },
                {
                  "kind": "Content",
                  "text": ";"
                }
              ],
              "isOptional": false,
              "isStatic": false,
              "returnTypeTokenRange": {
                "startIndex": 1,
                "endIndex": 2
              },
              "releaseTag": "Public",
              "overloadIndex": 1,
              "parameters": [],
              "name": "ngOnDestroy"
            },
            {
              "kind": "Property",
              "canonicalReference": "@spartacus/tracking_tms_core!TmsService.ɵfac:member",
              "docComment": "",
              "excerptTokens": [
                {
                  "kind": "Content",
                  "text": "static ɵfac: "
                },
                {
                  "kind": "Content",
                  "text": "i0."
                },
                {
                  "kind": "Reference",
                  "text": "ɵɵFactoryDeclaration",
                  "canonicalReference": "@angular/core!ɵɵFactoryDeclaration:type"
                },
                {
                  "kind": "Content",
                  "text": "<"
                },
                {
                  "kind": "Reference",
                  "text": "TmsService",
                  "canonicalReference": "@spartacus/tracking_tms_core!TmsService:class"
                },
                {
                  "kind": "Content",
                  "text": ", never>"
                },
                {
                  "kind": "Content",
                  "text": ";"
                }
              ],
              "isOptional": false,
              "releaseTag": "Public",
              "name": "ɵfac",
              "propertyTypeTokenRange": {
                "startIndex": 1,
                "endIndex": 6
              },
              "isStatic": true
            },
            {
              "kind": "Property",
              "canonicalReference": "@spartacus/tracking_tms_core!TmsService.ɵprov:member",
              "docComment": "",
              "excerptTokens": [
                {
                  "kind": "Content",
                  "text": "static ɵprov: "
                },
                {
                  "kind": "Content",
                  "text": "i0."
                },
                {
                  "kind": "Reference",
                  "text": "ɵɵInjectableDeclaration",
                  "canonicalReference": "@angular/core!ɵɵInjectableDeclaration:interface"
                },
                {
                  "kind": "Content",
                  "text": "<"
                },
                {
                  "kind": "Reference",
                  "text": "TmsService",
                  "canonicalReference": "@spartacus/tracking_tms_core!TmsService:class"
                },
                {
                  "kind": "Content",
                  "text": ">"
                },
                {
                  "kind": "Content",
                  "text": ";"
                }
              ],
              "isOptional": false,
              "releaseTag": "Public",
              "name": "ɵprov",
              "propertyTypeTokenRange": {
                "startIndex": 1,
                "endIndex": 6
              },
              "isStatic": true
            },
            {
              "kind": "Property",
              "canonicalReference": "@spartacus/tracking_tms_core!TmsService#subscription:member",
              "docComment": "/**\n * Stores subscriptions to events.\n */\n",
              "excerptTokens": [
                {
                  "kind": "Content",
                  "text": "protected subscription: "
                },
                {
                  "kind": "Reference",
                  "text": "Subscription",
                  "canonicalReference": "rxjs!Subscription:class"
                },
                {
                  "kind": "Content",
                  "text": ";"
                }
              ],
              "isOptional": false,
              "releaseTag": "Public",
              "name": "subscription",
              "propertyTypeTokenRange": {
                "startIndex": 1,
                "endIndex": 2
              },
              "isStatic": false
            },
            {
              "kind": "Property",
              "canonicalReference": "@spartacus/tracking_tms_core!TmsService#tmsConfig:member",
              "docComment": "",
              "excerptTokens": [
                {
                  "kind": "Content",
                  "text": "protected tmsConfig: "
                },
                {
                  "kind": "Reference",
                  "text": "TmsConfig",
                  "canonicalReference": "@spartacus/tracking_tms_core!TmsConfig:class"
                },
                {
                  "kind": "Content",
                  "text": ";"
                }
              ],
              "isOptional": false,
              "releaseTag": "Public",
              "name": "tmsConfig",
              "propertyTypeTokenRange": {
                "startIndex": 1,
                "endIndex": 2
              },
              "isStatic": false
            },
            {
              "kind": "Property",
              "canonicalReference": "@spartacus/tracking_tms_core!TmsService#windowRef:member",
              "docComment": "",
              "excerptTokens": [
                {
                  "kind": "Content",
                  "text": "protected windowRef: "
                },
                {
                  "kind": "Reference",
                  "text": "WindowRef",
                  "canonicalReference": "@spartacus/tracking_tms_core!WindowRef:class"
                },
                {
                  "kind": "Content",
                  "text": ";"
                }
              ],
              "isOptional": false,
              "releaseTag": "Public",
              "name": "windowRef",
              "propertyTypeTokenRange": {
                "startIndex": 1,
                "endIndex": 2
              },
              "isStatic": false
            }
          ],
          "implementsTokenRanges": [
            {
              "startIndex": 1,
              "endIndex": 3
            }
          ]
        },
        {
          "kind": "Interface",
          "canonicalReference": "@spartacus/tracking_tms_core!WindowObject:interface",
          "docComment": "/**\n * Window object enriched with a custom property. Intended to be used for specifying the data layer name.\n */\n",
          "excerptTokens": [
            {
              "kind": "Content",
              "text": "export interface WindowObject extends "
            },
            {
              "kind": "Reference",
              "text": "Window",
              "canonicalReference": "!Window:interface"
            },
            {
              "kind": "Content",
              "text": " "
            }
          ],
          "releaseTag": "Public",
          "name": "WindowObject",
          "members": [
            {
              "kind": "IndexSignature",
              "canonicalReference": "@spartacus/tracking_tms_core!WindowObject:index(1)",
              "docComment": "",
              "excerptTokens": [
                {
                  "kind": "Content",
                  "text": "[prop: "
                },
                {
                  "kind": "Content",
                  "text": "string"
                },
                {
                  "kind": "Content",
                  "text": "]: "
                },
                {
                  "kind": "Content",
                  "text": "any"
                },
                {
                  "kind": "Content",
                  "text": ";"
                }
              ],
              "returnTypeTokenRange": {
                "startIndex": 3,
                "endIndex": 4
              },
              "releaseTag": "Public",
              "overloadIndex": 1,
              "parameters": [
                {
                  "parameterName": "prop",
                  "parameterTypeTokenRange": {
                    "startIndex": 1,
                    "endIndex": 2
                  }
                }
              ]
            }
          ],
          "extendsTokenRanges": [
            {
              "startIndex": 1,
              "endIndex": 3
            }
          ]
        }
      ]
    }
  ]
}
