{
  "metadata": {
    "toolPackage": "@microsoft/api-extractor",
    "toolVersion": "7.19.4",
    "schemaVersion": 1004,
    "oldestForwardsCompatibleVersion": 1001,
    "tsdocConfig": {
      "$schema": "https://developer.microsoft.com/json-schemas/tsdoc/v0/tsdoc.schema.json",
      "noStandardTags": true,
      "tagDefinitions": [
        {
          "tagName": "@alpha",
          "syntaxKind": "modifier"
        },
        {
          "tagName": "@beta",
          "syntaxKind": "modifier"
        },
        {
          "tagName": "@defaultValue",
          "syntaxKind": "block"
        },
        {
          "tagName": "@decorator",
          "syntaxKind": "block",
          "allowMultiple": true
        },
        {
          "tagName": "@deprecated",
          "syntaxKind": "block"
        },
        {
          "tagName": "@eventProperty",
          "syntaxKind": "modifier"
        },
        {
          "tagName": "@example",
          "syntaxKind": "block",
          "allowMultiple": true
        },
        {
          "tagName": "@experimental",
          "syntaxKind": "modifier"
        },
        {
          "tagName": "@inheritDoc",
          "syntaxKind": "inline"
        },
        {
          "tagName": "@internal",
          "syntaxKind": "modifier"
        },
        {
          "tagName": "@label",
          "syntaxKind": "inline"
        },
        {
          "tagName": "@link",
          "syntaxKind": "inline",
          "allowMultiple": true
        },
        {
          "tagName": "@override",
          "syntaxKind": "modifier"
        },
        {
          "tagName": "@packageDocumentation",
          "syntaxKind": "modifier"
        },
        {
          "tagName": "@param",
          "syntaxKind": "block",
          "allowMultiple": true
        },
        {
          "tagName": "@privateRemarks",
          "syntaxKind": "block"
        },
        {
          "tagName": "@public",
          "syntaxKind": "modifier"
        },
        {
          "tagName": "@readonly",
          "syntaxKind": "modifier"
        },
        {
          "tagName": "@remarks",
          "syntaxKind": "block"
        },
        {
          "tagName": "@returns",
          "syntaxKind": "block"
        },
        {
          "tagName": "@sealed",
          "syntaxKind": "modifier"
        },
        {
          "tagName": "@see",
          "syntaxKind": "block"
        },
        {
          "tagName": "@throws",
          "syntaxKind": "block",
          "allowMultiple": true
        },
        {
          "tagName": "@typeParam",
          "syntaxKind": "block",
          "allowMultiple": true
        },
        {
          "tagName": "@virtual",
          "syntaxKind": "modifier"
        },
        {
          "tagName": "@betaDocumentation",
          "syntaxKind": "modifier"
        },
        {
          "tagName": "@internalRemarks",
          "syntaxKind": "block"
        },
        {
          "tagName": "@preapproved",
          "syntaxKind": "modifier"
        }
      ],
      "supportForTags": {
        "@alpha": true,
        "@beta": true,
        "@defaultValue": true,
        "@decorator": true,
        "@deprecated": true,
        "@eventProperty": true,
        "@example": true,
        "@experimental": true,
        "@inheritDoc": true,
        "@internal": true,
        "@label": true,
        "@link": true,
        "@override": true,
        "@packageDocumentation": true,
        "@param": true,
        "@privateRemarks": true,
        "@public": true,
        "@readonly": true,
        "@remarks": true,
        "@returns": true,
        "@sealed": true,
        "@see": true,
        "@throws": true,
        "@typeParam": true,
        "@virtual": true,
        "@betaDocumentation": true,
        "@internalRemarks": true,
        "@preapproved": true
      }
    }
  },
  "kind": "Package",
  "canonicalReference": "@spartacus/user_profile_occ!",
  "docComment": "",
  "name": "@spartacus/user_profile_occ",
  "members": [
    {
      "kind": "EntryPoint",
      "canonicalReference": "@spartacus/user_profile_occ!",
      "name": "",
      "members": [
        {
          "kind": "Variable",
          "canonicalReference": "@spartacus/user_profile_occ!defaultOccUserProfileConfig:var",
          "docComment": "",
          "excerptTokens": [
            {
              "kind": "Content",
              "text": "defaultOccUserProfileConfig: "
            },
            {
              "kind": "Reference",
              "text": "OccConfig",
              "canonicalReference": "@spartacus/user_profile_occ!OccConfig:class"
            }
          ],
          "releaseTag": "Public",
          "name": "defaultOccUserProfileConfig",
          "variableTypeTokenRange": {
            "startIndex": 1,
            "endIndex": 2
          }
        },
        {
          "kind": "Class",
          "canonicalReference": "@spartacus/user_profile_occ!OccUserProfileAdapter:class",
          "docComment": "",
          "excerptTokens": [
            {
              "kind": "Content",
              "text": "export declare class OccUserProfileAdapter implements "
            },
            {
              "kind": "Reference",
              "text": "UserProfileAdapter",
              "canonicalReference": "@spartacus/user_profile_occ!UserProfileAdapter:class"
            },
            {
              "kind": "Content",
              "text": " "
            }
          ],
          "releaseTag": "Public",
          "name": "OccUserProfileAdapter",
          "members": [
            {
              "kind": "Constructor",
              "canonicalReference": "@spartacus/user_profile_occ!OccUserProfileAdapter:constructor(1)",
              "docComment": "/**\n * Constructs a new instance of the `OccUserProfileAdapter` class\n */\n",
              "excerptTokens": [
                {
                  "kind": "Content",
                  "text": "constructor(http: "
                },
                {
                  "kind": "Reference",
                  "text": "HttpClient",
                  "canonicalReference": "@angular/common/http!HttpClient:class"
                },
                {
                  "kind": "Content",
                  "text": ", occEndpoints: "
                },
                {
                  "kind": "Reference",
                  "text": "OccEndpointsService",
                  "canonicalReference": "@spartacus/user_profile_occ!OccEndpointsService:class"
                },
                {
                  "kind": "Content",
                  "text": ", converter: "
                },
                {
                  "kind": "Reference",
                  "text": "ConverterService",
                  "canonicalReference": "@spartacus/user_profile_occ!ConverterService:class"
                },
                {
                  "kind": "Content",
                  "text": ");"
                }
              ],
              "releaseTag": "Public",
              "overloadIndex": 1,
              "parameters": [
                {
                  "parameterName": "http",
                  "parameterTypeTokenRange": {
                    "startIndex": 1,
                    "endIndex": 2
                  }
                },
                {
                  "parameterName": "occEndpoints",
                  "parameterTypeTokenRange": {
                    "startIndex": 3,
                    "endIndex": 4
                  }
                },
                {
                  "parameterName": "converter",
                  "parameterTypeTokenRange": {
                    "startIndex": 5,
                    "endIndex": 6
                  }
                }
              ]
            },
            {
              "kind": "Method",
              "canonicalReference": "@spartacus/user_profile_occ!OccUserProfileAdapter#close:member(1)",
              "docComment": "",
              "excerptTokens": [
                {
                  "kind": "Content",
                  "text": "close(userId: "
                },
                {
                  "kind": "Content",
                  "text": "string"
                },
                {
                  "kind": "Content",
                  "text": "): "
                },
                {
                  "kind": "Reference",
                  "text": "Observable",
                  "canonicalReference": "rxjs!Observable:class"
                },
                {
                  "kind": "Content",
                  "text": "<unknown>"
                },
                {
                  "kind": "Content",
                  "text": ";"
                }
              ],
              "isOptional": false,
              "isStatic": false,
              "returnTypeTokenRange": {
                "startIndex": 3,
                "endIndex": 5
              },
              "releaseTag": "Public",
              "overloadIndex": 1,
              "parameters": [
                {
                  "parameterName": "userId",
                  "parameterTypeTokenRange": {
                    "startIndex": 1,
                    "endIndex": 2
                  }
                }
              ],
              "name": "close"
            },
            {
              "kind": "Property",
              "canonicalReference": "@spartacus/user_profile_occ!OccUserProfileAdapter#converter:member",
              "docComment": "",
              "excerptTokens": [
                {
                  "kind": "Content",
                  "text": "protected converter: "
                },
                {
                  "kind": "Reference",
                  "text": "ConverterService",
                  "canonicalReference": "@spartacus/user_profile_occ!ConverterService:class"
                },
                {
                  "kind": "Content",
                  "text": ";"
                }
              ],
              "isOptional": false,
              "releaseTag": "Public",
              "name": "converter",
              "propertyTypeTokenRange": {
                "startIndex": 1,
                "endIndex": 2
              },
              "isStatic": false
            },
            {
              "kind": "Property",
              "canonicalReference": "@spartacus/user_profile_occ!OccUserProfileAdapter#http:member",
              "docComment": "",
              "excerptTokens": [
                {
                  "kind": "Content",
                  "text": "protected http: "
                },
                {
                  "kind": "Reference",
                  "text": "HttpClient",
                  "canonicalReference": "@angular/common/http!HttpClient:class"
                },
                {
                  "kind": "Content",
                  "text": ";"
                }
              ],
              "isOptional": false,
              "releaseTag": "Public",
              "name": "http",
              "propertyTypeTokenRange": {
                "startIndex": 1,
                "endIndex": 2
              },
              "isStatic": false
            },
            {
              "kind": "Method",
              "canonicalReference": "@spartacus/user_profile_occ!OccUserProfileAdapter#loadTitles:member(1)",
              "docComment": "",
              "excerptTokens": [
                {
                  "kind": "Content",
                  "text": "loadTitles(): "
                },
                {
                  "kind": "Reference",
                  "text": "Observable",
                  "canonicalReference": "rxjs!Observable:class"
                },
                {
                  "kind": "Content",
                  "text": "<"
                },
                {
                  "kind": "Reference",
                  "text": "Title",
                  "canonicalReference": "@spartacus/user_profile_occ!Title:interface"
                },
                {
                  "kind": "Content",
                  "text": "[]>"
                },
                {
                  "kind": "Content",
                  "text": ";"
                }
              ],
              "isOptional": false,
              "isStatic": false,
              "returnTypeTokenRange": {
                "startIndex": 1,
                "endIndex": 5
              },
              "releaseTag": "Public",
              "overloadIndex": 1,
              "parameters": [],
              "name": "loadTitles"
            },
            {
              "kind": "Property",
              "canonicalReference": "@spartacus/user_profile_occ!OccUserProfileAdapter#occEndpoints:member",
              "docComment": "",
              "excerptTokens": [
                {
                  "kind": "Content",
                  "text": "protected occEndpoints: "
                },
                {
                  "kind": "Reference",
                  "text": "OccEndpointsService",
                  "canonicalReference": "@spartacus/user_profile_occ!OccEndpointsService:class"
                },
                {
                  "kind": "Content",
                  "text": ";"
                }
              ],
              "isOptional": false,
              "releaseTag": "Public",
              "name": "occEndpoints",
              "propertyTypeTokenRange": {
                "startIndex": 1,
                "endIndex": 2
              },
              "isStatic": false
            },
            {
              "kind": "Property",
              "canonicalReference": "@spartacus/user_profile_occ!OccUserProfileAdapter.ɵfac:member",
              "docComment": "",
              "excerptTokens": [
                {
                  "kind": "Content",
                  "text": "static ɵfac: "
                },
                {
                  "kind": "Content",
                  "text": "i0."
                },
                {
                  "kind": "Reference",
                  "text": "ɵɵFactoryDeclaration",
                  "canonicalReference": "@angular/core!ɵɵFactoryDeclaration:type"
                },
                {
                  "kind": "Content",
                  "text": "<"
                },
                {
                  "kind": "Reference",
                  "text": "OccUserProfileAdapter",
                  "canonicalReference": "@spartacus/user_profile_occ!OccUserProfileAdapter:class"
                },
                {
                  "kind": "Content",
                  "text": ", never>"
                },
                {
                  "kind": "Content",
                  "text": ";"
                }
              ],
              "isOptional": false,
              "releaseTag": "Public",
              "name": "ɵfac",
              "propertyTypeTokenRange": {
                "startIndex": 1,
                "endIndex": 6
              },
              "isStatic": true
            },
            {
              "kind": "Property",
              "canonicalReference": "@spartacus/user_profile_occ!OccUserProfileAdapter.ɵprov:member",
              "docComment": "",
              "excerptTokens": [
                {
                  "kind": "Content",
                  "text": "static ɵprov: "
                },
                {
                  "kind": "Content",
                  "text": "i0."
                },
                {
                  "kind": "Reference",
                  "text": "ɵɵInjectableDeclaration",
                  "canonicalReference": "@angular/core!ɵɵInjectableDeclaration:interface"
                },
                {
                  "kind": "Content",
                  "text": "<"
                },
                {
                  "kind": "Reference",
                  "text": "OccUserProfileAdapter",
                  "canonicalReference": "@spartacus/user_profile_occ!OccUserProfileAdapter:class"
                },
                {
                  "kind": "Content",
                  "text": ">"
                },
                {
                  "kind": "Content",
                  "text": ";"
                }
              ],
              "isOptional": false,
              "releaseTag": "Public",
              "name": "ɵprov",
              "propertyTypeTokenRange": {
                "startIndex": 1,
                "endIndex": 6
              },
              "isStatic": true
            },
            {
              "kind": "Method",
              "canonicalReference": "@spartacus/user_profile_occ!OccUserProfileAdapter#register:member(1)",
              "docComment": "",
              "excerptTokens": [
                {
                  "kind": "Content",
                  "text": "register(user: "
                },
                {
                  "kind": "Reference",
                  "text": "UserSignUp",
                  "canonicalReference": "@spartacus/user_profile_occ!UserSignUp:interface"
                },
                {
                  "kind": "Content",
                  "text": "): "
                },
                {
                  "kind": "Reference",
                  "text": "Observable",
                  "canonicalReference": "rxjs!Observable:class"
                },
                {
                  "kind": "Content",
                  "text": "<"
                },
                {
                  "kind": "Reference",
                  "text": "User",
                  "canonicalReference": "@spartacus/user_profile_occ!~User:interface"
                },
                {
                  "kind": "Content",
                  "text": ">"
                },
                {
                  "kind": "Content",
                  "text": ";"
                }
              ],
              "isOptional": false,
              "isStatic": false,
              "returnTypeTokenRange": {
                "startIndex": 3,
                "endIndex": 7
              },
              "releaseTag": "Public",
              "overloadIndex": 1,
              "parameters": [
                {
                  "parameterName": "user",
                  "parameterTypeTokenRange": {
                    "startIndex": 1,
                    "endIndex": 2
                  }
                }
              ],
              "name": "register"
            },
            {
              "kind": "Method",
              "canonicalReference": "@spartacus/user_profile_occ!OccUserProfileAdapter#registerGuest:member(1)",
              "docComment": "",
              "excerptTokens": [
                {
                  "kind": "Content",
                  "text": "registerGuest(guid: "
                },
                {
                  "kind": "Content",
                  "text": "string"
                },
                {
                  "kind": "Content",
                  "text": ", password: "
                },
                {
                  "kind": "Content",
                  "text": "string"
                },
                {
                  "kind": "Content",
                  "text": "): "
                },
                {
                  "kind": "Reference",
                  "text": "Observable",
                  "canonicalReference": "rxjs!Observable:class"
                },
                {
                  "kind": "Content",
                  "text": "<"
                },
                {
                  "kind": "Reference",
                  "text": "User",
                  "canonicalReference": "@spartacus/user_profile_occ!~User:interface"
                },
                {
                  "kind": "Content",
                  "text": ">"
                },
                {
                  "kind": "Content",
                  "text": ";"
                }
              ],
              "isOptional": false,
              "isStatic": false,
              "returnTypeTokenRange": {
                "startIndex": 5,
                "endIndex": 9
              },
              "releaseTag": "Public",
              "overloadIndex": 1,
              "parameters": [
                {
                  "parameterName": "guid",
                  "parameterTypeTokenRange": {
                    "startIndex": 1,
                    "endIndex": 2
                  }
                },
                {
                  "parameterName": "password",
                  "parameterTypeTokenRange": {
                    "startIndex": 3,
                    "endIndex": 4
                  }
                }
              ],
              "name": "registerGuest"
            },
            {
              "kind": "Method",
              "canonicalReference": "@spartacus/user_profile_occ!OccUserProfileAdapter#requestForgotPasswordEmail:member(1)",
              "docComment": "",
              "excerptTokens": [
                {
                  "kind": "Content",
                  "text": "requestForgotPasswordEmail(userEmailAddress: "
                },
                {
                  "kind": "Content",
                  "text": "string"
                },
                {
                  "kind": "Content",
                  "text": "): "
                },
                {
                  "kind": "Reference",
                  "text": "Observable",
                  "canonicalReference": "rxjs!Observable:class"
                },
                {
                  "kind": "Content",
                  "text": "<unknown>"
                },
                {
                  "kind": "Content",
                  "text": ";"
                }
              ],
              "isOptional": false,
              "isStatic": false,
              "returnTypeTokenRange": {
                "startIndex": 3,
                "endIndex": 5
              },
              "releaseTag": "Public",
              "overloadIndex": 1,
              "parameters": [
                {
                  "parameterName": "userEmailAddress",
                  "parameterTypeTokenRange": {
                    "startIndex": 1,
                    "endIndex": 2
                  }
                }
              ],
              "name": "requestForgotPasswordEmail"
            },
            {
              "kind": "Method",
              "canonicalReference": "@spartacus/user_profile_occ!OccUserProfileAdapter#resetPassword:member(1)",
              "docComment": "",
              "excerptTokens": [
                {
                  "kind": "Content",
                  "text": "resetPassword(token: "
                },
                {
                  "kind": "Content",
                  "text": "string"
                },
                {
                  "kind": "Content",
                  "text": ", newPassword: "
                },
                {
                  "kind": "Content",
                  "text": "string"
                },
                {
                  "kind": "Content",
                  "text": "): "
                },
                {
                  "kind": "Reference",
                  "text": "Observable",
                  "canonicalReference": "rxjs!Observable:class"
                },
                {
                  "kind": "Content",
                  "text": "<unknown>"
                },
                {
                  "kind": "Content",
                  "text": ";"
                }
              ],
              "isOptional": false,
              "isStatic": false,
              "returnTypeTokenRange": {
                "startIndex": 5,
                "endIndex": 7
              },
              "releaseTag": "Public",
              "overloadIndex": 1,
              "parameters": [
                {
                  "parameterName": "token",
                  "parameterTypeTokenRange": {
                    "startIndex": 1,
                    "endIndex": 2
                  }
                },
                {
                  "parameterName": "newPassword",
                  "parameterTypeTokenRange": {
                    "startIndex": 3,
                    "endIndex": 4
                  }
                }
              ],
              "name": "resetPassword"
            },
            {
              "kind": "Method",
              "canonicalReference": "@spartacus/user_profile_occ!OccUserProfileAdapter#update:member(1)",
              "docComment": "",
              "excerptTokens": [
                {
                  "kind": "Content",
                  "text": "update(userId: "
                },
                {
                  "kind": "Content",
                  "text": "string"
                },
                {
                  "kind": "Content",
                  "text": ", user: "
                },
                {
                  "kind": "Reference",
                  "text": "User",
                  "canonicalReference": "@spartacus/user_profile_occ!~User:interface"
                },
                {
                  "kind": "Content",
                  "text": "): "
                },
                {
                  "kind": "Reference",
                  "text": "Observable",
                  "canonicalReference": "rxjs!Observable:class"
                },
                {
                  "kind": "Content",
                  "text": "<unknown>"
                },
                {
                  "kind": "Content",
                  "text": ";"
                }
              ],
              "isOptional": false,
              "isStatic": false,
              "returnTypeTokenRange": {
                "startIndex": 5,
                "endIndex": 7
              },
              "releaseTag": "Public",
              "overloadIndex": 1,
              "parameters": [
                {
                  "parameterName": "userId",
                  "parameterTypeTokenRange": {
                    "startIndex": 1,
                    "endIndex": 2
                  }
                },
                {
                  "parameterName": "user",
                  "parameterTypeTokenRange": {
                    "startIndex": 3,
                    "endIndex": 4
                  }
                }
              ],
              "name": "update"
            },
            {
              "kind": "Method",
              "canonicalReference": "@spartacus/user_profile_occ!OccUserProfileAdapter#updateEmail:member(1)",
              "docComment": "",
              "excerptTokens": [
                {
                  "kind": "Content",
                  "text": "updateEmail(userId: "
                },
                {
                  "kind": "Content",
                  "text": "string"
                },
                {
                  "kind": "Content",
                  "text": ", currentPassword: "
                },
                {
                  "kind": "Content",
                  "text": "string"
                },
                {
                  "kind": "Content",
                  "text": ", newUserId: "
                },
                {
                  "kind": "Content",
                  "text": "string"
                },
                {
                  "kind": "Content",
                  "text": "): "
                },
                {
                  "kind": "Reference",
                  "text": "Observable",
                  "canonicalReference": "rxjs!Observable:class"
                },
                {
                  "kind": "Content",
                  "text": "<unknown>"
                },
                {
                  "kind": "Content",
                  "text": ";"
                }
              ],
              "isOptional": false,
              "isStatic": false,
              "returnTypeTokenRange": {
                "startIndex": 7,
                "endIndex": 9
              },
              "releaseTag": "Public",
              "overloadIndex": 1,
              "parameters": [
                {
                  "parameterName": "userId",
                  "parameterTypeTokenRange": {
                    "startIndex": 1,
                    "endIndex": 2
                  }
                },
                {
                  "parameterName": "currentPassword",
                  "parameterTypeTokenRange": {
                    "startIndex": 3,
                    "endIndex": 4
                  }
                },
                {
                  "parameterName": "newUserId",
                  "parameterTypeTokenRange": {
                    "startIndex": 5,
                    "endIndex": 6
                  }
                }
              ],
              "name": "updateEmail"
            },
            {
              "kind": "Method",
              "canonicalReference": "@spartacus/user_profile_occ!OccUserProfileAdapter#updatePassword:member(1)",
              "docComment": "",
              "excerptTokens": [
                {
                  "kind": "Content",
                  "text": "updatePassword(userId: "
                },
                {
                  "kind": "Content",
                  "text": "string"
                },
                {
                  "kind": "Content",
                  "text": ", oldPassword: "
                },
                {
                  "kind": "Content",
                  "text": "string"
                },
                {
                  "kind": "Content",
                  "text": ", newPassword: "
                },
                {
                  "kind": "Content",
                  "text": "string"
                },
                {
                  "kind": "Content",
                  "text": "): "
                },
                {
                  "kind": "Reference",
                  "text": "Observable",
                  "canonicalReference": "rxjs!Observable:class"
                },
                {
                  "kind": "Content",
                  "text": "<unknown>"
                },
                {
                  "kind": "Content",
                  "text": ";"
                }
              ],
              "isOptional": false,
              "isStatic": false,
              "returnTypeTokenRange": {
                "startIndex": 7,
                "endIndex": 9
              },
              "releaseTag": "Public",
              "overloadIndex": 1,
              "parameters": [
                {
                  "parameterName": "userId",
                  "parameterTypeTokenRange": {
                    "startIndex": 1,
                    "endIndex": 2
                  }
                },
                {
                  "parameterName": "oldPassword",
                  "parameterTypeTokenRange": {
                    "startIndex": 3,
                    "endIndex": 4
                  }
                },
                {
                  "parameterName": "newPassword",
                  "parameterTypeTokenRange": {
                    "startIndex": 5,
                    "endIndex": 6
                  }
                }
              ],
              "name": "updatePassword"
            }
          ],
          "implementsTokenRanges": [
            {
              "startIndex": 1,
              "endIndex": 3
            }
          ]
        },
        {
          "kind": "Interface",
          "canonicalReference": "@spartacus/user_profile_occ!UserProfileOccEndpoints:interface",
          "docComment": "",
          "excerptTokens": [
            {
              "kind": "Content",
              "text": "export interface UserProfileOccEndpoints "
            }
          ],
          "releaseTag": "Public",
          "name": "UserProfileOccEndpoints",
          "members": [
            {
              "kind": "PropertySignature",
              "canonicalReference": "@spartacus/user_profile_occ!UserProfileOccEndpoints#titles:member",
              "docComment": "/**\n * Titles used for user's personal info.\n */\n",
              "excerptTokens": [
                {
                  "kind": "Content",
                  "text": "titles?: "
                },
                {
                  "kind": "Content",
                  "text": "string | "
                },
                {
                  "kind": "Reference",
                  "text": "OccEndpoint",
                  "canonicalReference": "@spartacus/user_profile_occ!OccEndpoint:interface"
                },
                {
                  "kind": "Content",
                  "text": ";"
                }
              ],
              "isOptional": true,
              "releaseTag": "Public",
              "name": "titles",
              "propertyTypeTokenRange": {
                "startIndex": 1,
                "endIndex": 3
              }
            },
            {
              "kind": "PropertySignature",
              "canonicalReference": "@spartacus/user_profile_occ!UserProfileOccEndpoints#userCloseAccount:member",
              "docComment": "/**\n * Close user account\n */\n",
              "excerptTokens": [
                {
                  "kind": "Content",
                  "text": "userCloseAccount?: "
                },
                {
                  "kind": "Content",
                  "text": "string | "
                },
                {
                  "kind": "Reference",
                  "text": "OccEndpoint",
                  "canonicalReference": "@spartacus/user_profile_occ!OccEndpoint:interface"
                },
                {
                  "kind": "Content",
                  "text": ";"
                }
              ],
              "isOptional": true,
              "releaseTag": "Public",
              "name": "userCloseAccount",
              "propertyTypeTokenRange": {
                "startIndex": 1,
                "endIndex": 3
              }
            },
            {
              "kind": "PropertySignature",
              "canonicalReference": "@spartacus/user_profile_occ!UserProfileOccEndpoints#userForgotPassword:member",
              "docComment": "/**\n * Request an email to reset the password\n */\n",
              "excerptTokens": [
                {
                  "kind": "Content",
                  "text": "userForgotPassword?: "
                },
                {
                  "kind": "Content",
                  "text": "string | "
                },
                {
                  "kind": "Reference",
                  "text": "OccEndpoint",
                  "canonicalReference": "@spartacus/user_profile_occ!OccEndpoint:interface"
                },
                {
                  "kind": "Content",
                  "text": ";"
                }
              ],
              "isOptional": true,
              "releaseTag": "Public",
              "name": "userForgotPassword",
              "propertyTypeTokenRange": {
                "startIndex": 1,
                "endIndex": 3
              }
            },
            {
              "kind": "PropertySignature",
              "canonicalReference": "@spartacus/user_profile_occ!UserProfileOccEndpoints#userRegister:member",
              "docComment": "/**\n * Register a new user.\n */\n",
              "excerptTokens": [
                {
                  "kind": "Content",
                  "text": "userRegister?: "
                },
                {
                  "kind": "Content",
                  "text": "string | "
                },
                {
                  "kind": "Reference",
                  "text": "OccEndpoint",
                  "canonicalReference": "@spartacus/user_profile_occ!OccEndpoint:interface"
                },
                {
                  "kind": "Content",
                  "text": ";"
                }
              ],
              "isOptional": true,
              "releaseTag": "Public",
              "name": "userRegister",
              "propertyTypeTokenRange": {
                "startIndex": 1,
                "endIndex": 3
              }
            },
            {
              "kind": "PropertySignature",
              "canonicalReference": "@spartacus/user_profile_occ!UserProfileOccEndpoints#userResetPassword:member",
              "docComment": "/**\n * Reset the password once the email is received.\n */\n",
              "excerptTokens": [
                {
                  "kind": "Content",
                  "text": "userResetPassword?: "
                },
                {
                  "kind": "Content",
                  "text": "string | "
                },
                {
                  "kind": "Reference",
                  "text": "OccEndpoint",
                  "canonicalReference": "@spartacus/user_profile_occ!OccEndpoint:interface"
                },
                {
                  "kind": "Content",
                  "text": ";"
                }
              ],
              "isOptional": true,
              "releaseTag": "Public",
              "name": "userResetPassword",
              "propertyTypeTokenRange": {
                "startIndex": 1,
                "endIndex": 3
              }
            },
            {
              "kind": "PropertySignature",
              "canonicalReference": "@spartacus/user_profile_occ!UserProfileOccEndpoints#userUpdateLoginId:member",
              "docComment": "/**\n * Update the user id with which the user authenticates.\n */\n",
              "excerptTokens": [
                {
                  "kind": "Content",
                  "text": "userUpdateLoginId?: "
                },
                {
                  "kind": "Content",
                  "text": "string | "
                },
                {
                  "kind": "Reference",
                  "text": "OccEndpoint",
                  "canonicalReference": "@spartacus/user_profile_occ!OccEndpoint:interface"
                },
                {
                  "kind": "Content",
                  "text": ";"
                }
              ],
              "isOptional": true,
              "releaseTag": "Public",
              "name": "userUpdateLoginId",
              "propertyTypeTokenRange": {
                "startIndex": 1,
                "endIndex": 3
              }
            },
            {
              "kind": "PropertySignature",
              "canonicalReference": "@spartacus/user_profile_occ!UserProfileOccEndpoints#userUpdatePassword:member",
              "docComment": "/**\n * Update the user's password\n */\n",
              "excerptTokens": [
                {
                  "kind": "Content",
                  "text": "userUpdatePassword?: "
                },
                {
                  "kind": "Content",
                  "text": "string | "
                },
                {
                  "kind": "Reference",
                  "text": "OccEndpoint",
                  "canonicalReference": "@spartacus/user_profile_occ!OccEndpoint:interface"
                },
                {
                  "kind": "Content",
                  "text": ";"
                }
              ],
              "isOptional": true,
              "releaseTag": "Public",
              "name": "userUpdatePassword",
              "propertyTypeTokenRange": {
                "startIndex": 1,
                "endIndex": 3
              }
            },
            {
              "kind": "PropertySignature",
              "canonicalReference": "@spartacus/user_profile_occ!UserProfileOccEndpoints#userUpdateProfile:member",
              "docComment": "/**\n * Update the user's profile\n */\n",
              "excerptTokens": [
                {
                  "kind": "Content",
                  "text": "userUpdateProfile?: "
                },
                {
                  "kind": "Content",
                  "text": "string | "
                },
                {
                  "kind": "Reference",
                  "text": "OccEndpoint",
                  "canonicalReference": "@spartacus/user_profile_occ!OccEndpoint:interface"
                },
                {
                  "kind": "Content",
                  "text": ";"
                }
              ],
              "isOptional": true,
              "releaseTag": "Public",
              "name": "userUpdateProfile",
              "propertyTypeTokenRange": {
                "startIndex": 1,
                "endIndex": 3
              }
            }
          ],
          "extendsTokenRanges": []
        },
        {
          "kind": "Class",
          "canonicalReference": "@spartacus/user_profile_occ!UserProfileOccModule:class",
          "docComment": "",
          "excerptTokens": [
            {
              "kind": "Content",
              "text": "export declare class UserProfileOccModule "
            }
          ],
          "releaseTag": "Public",
          "name": "UserProfileOccModule",
          "members": [
            {
              "kind": "Property",
              "canonicalReference": "@spartacus/user_profile_occ!UserProfileOccModule.ɵfac:member",
              "docComment": "",
              "excerptTokens": [
                {
                  "kind": "Content",
                  "text": "static ɵfac: "
                },
                {
                  "kind": "Content",
                  "text": "i0."
                },
                {
                  "kind": "Reference",
                  "text": "ɵɵFactoryDeclaration",
                  "canonicalReference": "@angular/core!ɵɵFactoryDeclaration:type"
                },
                {
                  "kind": "Content",
                  "text": "<"
                },
                {
                  "kind": "Reference",
                  "text": "UserProfileOccModule",
                  "canonicalReference": "@spartacus/user_profile_occ!UserProfileOccModule:class"
                },
                {
                  "kind": "Content",
                  "text": ", never>"
                },
                {
                  "kind": "Content",
                  "text": ";"
                }
              ],
              "isOptional": false,
              "releaseTag": "Public",
              "name": "ɵfac",
              "propertyTypeTokenRange": {
                "startIndex": 1,
                "endIndex": 6
              },
              "isStatic": true
            },
            {
              "kind": "Property",
              "canonicalReference": "@spartacus/user_profile_occ!UserProfileOccModule.ɵinj:member",
              "docComment": "",
              "excerptTokens": [
                {
                  "kind": "Content",
                  "text": "static ɵinj: "
                },
                {
                  "kind": "Content",
                  "text": "i0."
                },
                {
                  "kind": "Reference",
                  "text": "ɵɵInjectorDeclaration",
                  "canonicalReference": "@angular/core!ɵɵInjectorDeclaration:type"
                },
                {
                  "kind": "Content",
                  "text": "<"
                },
                {
                  "kind": "Reference",
                  "text": "UserProfileOccModule",
                  "canonicalReference": "@spartacus/user_profile_occ!UserProfileOccModule:class"
                },
                {
                  "kind": "Content",
                  "text": ">"
                },
                {
                  "kind": "Content",
                  "text": ";"
                }
              ],
              "isOptional": false,
              "releaseTag": "Public",
              "name": "ɵinj",
              "propertyTypeTokenRange": {
                "startIndex": 1,
                "endIndex": 6
              },
              "isStatic": true
            },
            {
              "kind": "Property",
              "canonicalReference": "@spartacus/user_profile_occ!UserProfileOccModule.ɵmod:member",
              "docComment": "",
              "excerptTokens": [
                {
                  "kind": "Content",
                  "text": "static ɵmod: "
                },
                {
                  "kind": "Content",
                  "text": "i0."
                },
                {
                  "kind": "Reference",
                  "text": "ɵɵNgModuleDeclaration",
                  "canonicalReference": "@angular/core!ɵɵNgModuleDeclaration:type"
                },
                {
                  "kind": "Content",
                  "text": "<"
                },
                {
                  "kind": "Reference",
                  "text": "UserProfileOccModule",
                  "canonicalReference": "@spartacus/user_profile_occ!UserProfileOccModule:class"
                },
                {
                  "kind": "Content",
                  "text": ", never, never, never>"
                },
                {
                  "kind": "Content",
                  "text": ";"
                }
              ],
              "isOptional": false,
              "releaseTag": "Public",
              "name": "ɵmod",
              "propertyTypeTokenRange": {
                "startIndex": 1,
                "endIndex": 6
              },
              "isStatic": true
            }
          ],
          "implementsTokenRanges": []
        }
      ]
    }
  ]
}
